ID,Yas,Cinsiyet,Egitim,Medeni_Durum,Meslek,PD1,PD2,PD3,PD4,PD5,PD6,PD7,MO1,MO2,MO3,MO4,MO5,MO6,MO7,SD1,SD2,SD3,SD4,SD5,SD6,SD7
1,59,1,3,1,4,3.0,4.0,3.0,3.0,4.0,,3.0,3.0,3.0,3.0,3.0,4.0,4.0,4.0,3.0,4.0,,4.0,4.0,2.0,3.0
2,29,2,3,2,3,2.0,3.0,3.0,3.0,2.0,3.0,4.0,4.0,2.0,4.0,3.0,3.0,3.0,3.0,4.0,3.0,3.0,2.0,3.0,2.0,2.0
3,23,1,3,1,2,3.0,3.0,4.0,4.0,4.0,3.0,3.0,3.0,2.0,4.0,,3.0,4.0,4.0,4.0,4.0,4.0,3.0,4.0,1.0,3.0
4,33,2,3,2,2,3.0,2.0,3.0,4.0,3.0,3.0,4.0,4.0,4.0,2.0,3.0,4.0,2.0,3.0,2.0,2.0,4.0,2.0,3.0,3.0,2.0
5,41,1,2,1,1,4.0,3.0,,4.0,4.0,4.0,4.0,3.0,1.0,3.0,3.0,5.0,4.0,3.0,3.0,1.0,3.0,2.0,2.0,3.0,4.0
6,39,1,4,2,2,5.0,4.0,,5.0,5.0,4.0,5.0,4.0,3.0,4.0,4.0,3.0,3.0,2.0,3.0,3.0,4.0,3.0,3.0,,4.0
7,59,2,1,2,2,3.0,3.0,4.0,3.0,5.0,3.0,3.0,4.0,4.0,3.0,4.0,1.0,5.0,3.0,3.0,5.0,3.0,2.0,4.0,3.0,3.0
8,48,2,2,1,3,3.0,4.0,4.0,4.0,3.0,4.0,4.0,3.0,4.0,3.0,3.0,3.0,2.0,4.0,3.0,1.0,1.0,4.0,3.0,4.0,2.0
9,48,2,3,4,1,3.0,4.0,3.0,3.0,,4.0,4.0,4.0,3.0,3.0,3.0,4.0,3.0,3.0,4.0,4.0,2.0,4.0,3.0,4.0,4.0
10,33,1,2,1,3,4.0,2.0,3.0,4.0,3.0,3.0,4.0,3.0,3.0,4.0,3.0,3.0,3.0,3.0,1.0,3.0,4.0,4.0,3.0,3.0,3.0
11,32,1,3,1,1,5.0,5.0,5.0,5.0,5.0,5.0,5.0,5.0,5.0,5.0,5.0,5.0,5.0,5.0,5.0,5.0,5.0,5.0,5.0,5.0,5.0
12,59,1,2,3,1,3.0,3.0,3.0,3.0,3.0,4.0,4.0,5.0,4.0,4.0,3.0,3.0,4.0,4.0,2.0,,2.0,4.0,3.0,4.0,3.0
13,27,1,3,2,4,3.0,3.0,3.0,3.0,3.0,4.0,3.0,4.0,3.0,,3.0,4.0,5.0,4.0,2.0,3.0,2.0,2.0,3.0,,3.0
14,34,1,3,2,1,4.0,4.0,4.0,4.0,4.0,4.0,4.0,4.0,4.0,4.0,4.0,4.0,4.0,4.0,4.0,4.0,4.0,4.0,4.0,4.0,4.0
15,32,1,3,4,2,3.0,3.0,2.0,4.0,3.0,3.0,4.0,3.0,3.0,3.0,4.0,3.0,3.0,4.0,3.0,4.0,3.0,3.0,4.0,2.0,3.0
16,22,1,3,1,4,3.0,4.0,4.0,5.0,3.0,4.0,3.0,3.0,3.0,4.0,3.0,4.0,2.0,4.0,4.0,3.0,3.0,2.0,,3.0,3.0
17,22,2,3,3,2,3.0,3.0,3.0,3.0,4.0,4.0,4.0,3.0,2.0,3.0,3.0,3.0,4.0,4.0,3.0,3.0,3.0,2.0,4.0,4.0,4.0
18,60,2,2,1,4,4.0,3.0,2.0,3.0,4.0,2.0,3.0,3.0,3.0,2.0,3.0,4.0,3.0,,2.0,3.0,2.0,3.0,3.0,,2.0
19,50,1,2,1,1,4.0,4.0,4.0,3.0,4.0,4.0,4.0,4.0,5.0,3.0,3.0,3.0,2.0,3.0,3.0,3.0,2.0,3.0,2.0,3.0,3.0
20,36,1,2,4,3,3.0,4.0,4.0,3.0,3.0,4.0,3.0,3.0,3.0,3.0,2.0,4.0,3.0,3.0,4.0,3.0,3.0,1.0,3.0,,2.0
21,25,2,3,2,2,3.0,3.0,4.0,2.0,5.0,4.0,3.0,4.0,4.0,2.0,2.0,3.0,,,,3.0,2.0,3.0,4.0,3.0,3.0
22,53,2,3,2,4,3.0,4.0,3.0,3.0,3.0,5.0,4.0,3.0,3.0,3.0,4.0,3.0,3.0,4.0,3.0,2.0,,3.0,3.0,3.0,2.0
23,47,2,1,1,2,3.0,4.0,4.0,4.0,4.0,3.0,5.0,3.0,,4.0,4.0,4.0,3.0,5.0,3.0,1.0,4.0,2.0,4.0,4.0,3.0
24,37,2,4,1,3,3.0,3.0,4.0,3.0,4.0,4.0,4.0,4.0,3.0,4.0,4.0,4.0,4.0,4.0,2.0,2.0,3.0,3.0,4.0,3.0,2.0
25,54,2,3,2,5,4.0,,2.0,4.0,4.0,4.0,3.0,2.0,3.0,3.0,2.0,3.0,2.0,3.0,4.0,2.0,,2.0,3.0,3.0,2.0
26,26,1,3,1,4,4.0,4.0,,4.0,3.0,4.0,4.0,4.0,,3.0,3.0,3.0,4.0,4.0,4.0,2.0,3.0,4.0,2.0,1.0,3.0
27,30,2,2,3,4,2.0,4.0,2.0,3.0,4.0,5.0,4.0,3.0,3.0,4.0,3.0,3.0,4.0,,3.0,4.0,4.0,2.0,2.0,4.0,3.0
28,25,2,2,1,2,4.0,,4.0,3.0,4.0,3.0,4.0,3.0,3.0,3.0,3.0,3.0,4.0,3.0,3.0,3.0,3.0,3.0,3.0,3.0,2.0
29,23,2,1,2,5,2.0,5.0,3.0,3.0,3.0,4.0,3.0,3.0,4.0,3.0,2.0,4.0,4.0,2.0,2.0,3.0,2.0,3.0,3.0,3.0,3.0
30,33,1,3,2,3,3.0,3.0,4.0,5.0,3.0,3.0,3.0,2.0,3.0,4.0,2.0,3.0,3.0,4.0,2.0,3.0,,4.0,4.0,3.0,4.0
31,27,1,3,1,2,3.0,2.0,3.0,5.0,4.0,3.0,2.0,3.0,3.0,4.0,5.0,2.0,3.0,4.0,2.0,3.0,2.0,2.0,3.0,4.0,4.0
32,46,2,2,2,2,4.0,3.0,,2.0,4.0,2.0,5.0,4.0,3.0,4.0,4.0,4.0,3.0,2.0,3.0,2.0,2.0,4.0,3.0,4.0,3.0
33,45,2,3,2,4,2.0,4.0,3.0,4.0,4.0,,4.0,3.0,5.0,5.0,2.0,3.0,2.0,4.0,2.0,3.0,3.0,3.0,2.0,3.0,2.0
34,34,2,3,3,4,3.0,5.0,4.0,3.0,3.0,5.0,4.0,3.0,4.0,4.0,3.0,2.0,3.0,4.0,3.0,3.0,3.0,2.0,3.0,2.0,2.0
35,53,1,2,2,4,4.0,3.0,4.0,3.0,4.0,,3.0,4.0,3.0,2.0,4.0,3.0,2.0,,2.0,4.0,3.0,4.0,3.0,3.0,3.0
36,21,1,4,1,2,3.0,4.0,4.0,3.0,2.0,4.0,4.0,4.0,2.0,4.0,3.0,4.0,3.0,4.0,3.0,4.0,2.0,3.0,3.0,2.0,2.0
37,53,2,4,1,3,4.0,3.0,4.0,4.0,3.0,4.0,2.0,2.0,3.0,4.0,4.0,4.0,2.0,2.0,4.0,2.0,4.0,3.0,2.0,3.0,2.0
38,31,2,4,2,3,4.0,2.0,3.0,3.0,4.0,3.0,3.0,4.0,2.0,3.0,4.0,3.0,3.0,4.0,2.0,3.0,3.0,3.0,3.0,3.0,3.0
39,26,1,1,2,2,3.0,4.0,3.0,3.0,3.0,3.0,3.0,2.0,4.0,2.0,4.0,3.0,3.0,3.0,4.0,3.0,3.0,1.0,3.0,4.0,2.0
40,33,2,4,2,2,4.0,3.0,4.0,,3.0,4.0,5.0,4.0,3.0,4.0,3.0,3.0,2.0,5.0,2.0,1.0,3.0,3.0,,3.0,4.0
41,28,1,1,2,5,4.0,4.0,4.0,2.0,3.0,5.0,2.0,4.0,2.0,4.0,3.0,3.0,3.0,2.0,4.0,3.0,4.0,3.0,2.0,4.0,2.0
42,33,1,4,2,5,3.0,3.0,3.0,3.0,3.0,3.0,3.0,3.0,3.0,3.0,3.0,3.0,3.0,3.0,3.0,3.0,3.0,3.0,3.0,3.0,3.0
43,55,1,3,1,5,2.0,2.0,4.0,3.0,4.0,4.0,4.0,4.0,4.0,4.0,3.0,3.0,,4.0,3.0,3.0,2.0,4.0,2.0,3.0,3.0
44,41,1,3,1,3,,5.0,4.0,3.0,2.0,5.0,4.0,3.0,,2.0,4.0,4.0,3.0,3.0,4.0,4.0,3.0,2.0,3.0,3.0,4.0
45,48,2,4,1,4,2.0,3.0,4.0,2.0,4.0,4.0,4.0,4.0,4.0,2.0,3.0,4.0,4.0,4.0,3.0,2.0,5.0,3.0,3.0,2.0,3.0
46,19,1,3,4,1,3.0,4.0,4.0,3.0,4.0,4.0,,4.0,4.0,4.0,4.0,3.0,3.0,4.0,2.0,3.0,4.0,3.0,4.0,5.0,2.0
47,60,1,2,1,3,3.0,2.0,3.0,,,5.0,2.0,4.0,2.0,3.0,3.0,4.0,4.0,3.0,4.0,2.0,4.0,3.0,3.0,4.0,3.0
48,48,1,3,3,1,5.0,5.0,5.0,5.0,4.0,3.0,5.0,3.0,3.0,2.0,4.0,,3.0,2.0,3.0,4.0,4.0,,4.0,1.0,3.0
49,41,1,2,2,3,3.0,2.0,4.0,3.0,3.0,3.0,3.0,3.0,2.0,4.0,3.0,2.0,2.0,4.0,2.0,4.0,4.0,3.0,3.0,3.0,3.0
50,25,2,4,1,3,2.0,3.0,2.0,4.0,3.0,4.0,4.0,3.0,2.0,4.0,3.0,3.0,3.0,2.0,2.0,4.0,2.0,2.0,4.0,,2.0
51,53,2,4,1,4,3.0,3.0,4.0,3.0,3.0,2.0,4.0,3.0,3.0,1.0,3.0,3.0,2.0,3.0,2.0,3.0,5.0,2.0,4.0,3.0,3.0
52,30,2,3,1,1,5.0,4.0,3.0,3.0,3.0,4.0,3.0,3.0,4.0,4.0,4.0,4.0,4.0,3.0,3.0,2.0,4.0,3.0,4.0,3.0,3.0
53,34,1,3,1,3,4.0,,4.0,5.0,4.0,3.0,3.0,3.0,3.0,2.0,3.0,2.0,3.0,3.0,3.0,2.0,4.0,4.0,4.0,3.0,3.0
54,33,2,2,1,2,4.0,3.0,4.0,4.0,4.0,2.0,4.0,3.0,3.0,4.0,4.0,3.0,3.0,3.0,2.0,2.0,4.0,2.0,2.0,3.0,3.0
55,21,2,2,2,2,4.0,,4.0,2.0,3.0,2.0,3.0,3.0,3.0,4.0,3.0,3.0,,4.0,3.0,4.0,4.0,2.0,4.0,4.0,4.0
56,43,1,3,1,3,3.0,3.0,2.0,4.0,3.0,3.0,3.0,2.0,4.0,3.0,3.0,3.0,,4.0,3.0,3.0,3.0,4.0,3.0,,3.0
57,40,2,2,3,3,3.0,3.0,3.0,4.0,5.0,4.0,4.0,2.0,2.0,2.0,4.0,4.0,4.0,3.0,3.0,4.0,2.0,,3.0,3.0,4.0
58,51,1,2,1,1,2.0,4.0,4.0,4.0,4.0,4.0,3.0,3.0,3.0,3.0,2.0,4.0,3.0,2.0,3.0,2.0,3.0,3.0,4.0,4.0,4.0
59,42,2,2,1,3,3.0,4.0,5.0,3.0,3.0,3.0,3.0,3.0,5.0,3.0,3.0,4.0,,,4.0,3.0,3.0,2.0,3.0,3.0,2.0
60,27,1,4,2,1,3.0,3.0,4.0,4.0,4.0,4.0,4.0,3.0,2.0,2.0,3.0,4.0,2.0,4.0,3.0,3.0,3.0,5.0,3.0,3.0,3.0
61,26,2,1,3,4,3.0,5.0,3.0,3.0,1.0,3.0,5.0,3.0,3.0,3.0,3.0,3.0,2.0,3.0,3.0,2.0,4.0,2.0,2.0,3.0,3.0
62,56,2,2,3,4,4.0,4.0,4.0,3.0,3.0,3.0,3.0,3.0,4.0,,4.0,4.0,3.0,3.0,3.0,4.0,4.0,3.0,3.0,3.0,2.0
63,35,2,2,1,2,3.0,3.0,4.0,2.0,3.0,4.0,3.0,4.0,2.0,3.0,3.0,4.0,3.0,4.0,3.0,2.0,2.0,3.0,3.0,3.0,2.0
64,40,1,2,2,3,4.0,2.0,,3.0,2.0,2.0,2.0,3.0,3.0,3.0,4.0,3.0,3.0,3.0,4.0,3.0,2.0,2.0,3.0,2.0,3.0
65,55,2,3,1,5,4.0,4.0,5.0,4.0,4.0,4.0,5.0,2.0,3.0,3.0,3.0,5.0,4.0,3.0,3.0,3.0,2.0,3.0,3.0,4.0,3.0
66,31,2,4,3,1,4.0,3.0,4.0,,3.0,3.0,,2.0,3.0,3.0,3.0,3.0,4.0,3.0,3.0,3.0,3.0,1.0,3.0,3.0,3.0
67,19,2,3,1,3,4.0,3.0,4.0,3.0,4.0,3.0,4.0,2.0,3.0,4.0,4.0,4.0,4.0,4.0,4.0,2.0,3.0,4.0,3.0,3.0,4.0
68,56,1,1,3,1,5.0,3.0,3.0,4.0,3.0,2.0,4.0,3.0,4.0,3.0,4.0,,3.0,4.0,3.0,3.0,2.0,4.0,2.0,2.0,3.0
69,49,2,3,1,4,4.0,3.0,5.0,4.0,,2.0,3.0,4.0,4.0,3.0,3.0,3.0,3.0,3.0,3.0,3.0,,2.0,4.0,3.0,3.0
70,30,1,1,1,2,2.0,3.0,4.0,3.0,3.0,3.0,2.0,3.0,4.0,2.0,2.0,2.0,3.0,4.0,3.0,3.0,2.0,3.0,2.0,3.0,2.0
71,42,2,4,1,2,4.0,3.0,3.0,3.0,3.0,2.0,5.0,3.0,3.0,3.0,4.0,3.0,2.0,,,2.0,3.0,2.0,3.0,3.0,3.0
72,47,2,4,1,1,,3.0,2.0,3.0,4.0,3.0,3.0,2.0,3.0,2.0,4.0,3.0,4.0,2.0,3.0,3.0,2.0,4.0,3.0,4.0,3.0
73,36,2,2,1,3,4.0,4.0,4.0,3.0,3.0,4.0,3.0,3.0,2.0,,3.0,2.0,,3.0,3.0,3.0,2.0,3.0,4.0,3.0,3.0
74,57,2,3,2,1,3.0,4.0,3.0,3.0,4.0,3.0,4.0,3.0,4.0,5.0,4.0,4.0,1.0,3.0,3.0,3.0,2.0,3.0,3.0,3.0,3.0
75,28,2,4,2,2,,3.0,3.0,4.0,4.0,3.0,4.0,3.0,3.0,2.0,3.0,4.0,5.0,4.0,2.0,4.0,3.0,3.0,1.0,4.0,3.0
76,44,1,4,2,3,4.0,4.0,3.0,4.0,4.0,4.0,2.0,3.0,3.0,3.0,2.0,4.0,3.0,3.0,3.0,3.0,4.0,3.0,3.0,3.0,4.0
77,43,2,2,3,2,4.0,4.0,4.0,4.0,4.0,4.0,4.0,4.0,4.0,4.0,4.0,4.0,4.0,4.0,4.0,4.0,4.0,4.0,4.0,4.0,4.0
78,44,1,3,2,4,4.0,3.0,2.0,,4.0,2.0,3.0,3.0,3.0,2.0,,4.0,3.0,4.0,3.0,2.0,2.0,3.0,3.0,3.0,4.0
79,56,2,2,3,2,3.0,4.0,4.0,4.0,3.0,3.0,4.0,3.0,3.0,2.0,3.0,4.0,2.0,4.0,3.0,4.0,3.0,3.0,2.0,2.0,4.0
80,45,1,3,2,1,3.0,4.0,3.0,3.0,4.0,4.0,3.0,4.0,3.0,4.0,,3.0,3.0,3.0,5.0,2.0,3.0,1.0,4.0,4.0,3.0
81,27,1,3,2,5,4.0,3.0,4.0,4.0,3.0,,3.0,3.0,3.0,4.0,4.0,3.0,4.0,3.0,4.0,3.0,2.0,4.0,3.0,3.0,4.0
82,46,1,4,2,5,3.0,3.0,4.0,4.0,4.0,4.0,4.0,,4.0,3.0,2.0,3.0,3.0,3.0,4.0,,3.0,2.0,3.0,4.0,3.0
83,60,2,4,1,1,,4.0,5.0,2.0,2.0,5.0,4.0,3.0,4.0,4.0,3.0,,3.0,4.0,2.0,4.0,2.0,,3.0,,3.0
84,50,2,3,2,3,4.0,4.0,4.0,2.0,3.0,5.0,3.0,2.0,4.0,,4.0,4.0,4.0,4.0,3.0,3.0,3.0,3.0,4.0,3.0,3.0
85,52,1,2,2,5,4.0,3.0,2.0,,4.0,3.0,2.0,4.0,4.0,2.0,2.0,4.0,3.0,3.0,3.0,2.0,2.0,3.0,3.0,3.0,2.0
86,32,2,3,3,4,3.0,4.0,5.0,3.0,3.0,4.0,4.0,3.0,2.0,4.0,3.0,4.0,3.0,3.0,4.0,4.0,3.0,3.0,3.0,2.0,3.0
87,48,1,1,1,3,3.0,5.0,3.0,3.0,3.0,4.0,3.0,3.0,3.0,2.0,3.0,3.0,3.0,4.0,2.0,2.0,3.0,4.0,2.0,2.0,3.0
88,21,2,3,2,4,3.0,3.0,3.0,3.0,4.0,2.0,3.0,3.0,4.0,2.0,3.0,,3.0,4.0,3.0,3.0,4.0,2.0,4.0,4.0,2.0
89,39,1,3,2,4,4.0,3.0,3.0,3.0,3.0,3.0,4.0,2.0,4.0,4.0,2.0,3.0,3.0,3.0,4.0,4.0,2.0,2.0,4.0,3.0,3.0
90,29,2,4,2,1,,4.0,3.0,3.0,3.0,4.0,4.0,3.0,3.0,5.0,,2.0,3.0,3.0,3.0,4.0,2.0,4.0,3.0,2.0,2.0
91,36,2,3,2,1,3.0,3.0,3.0,4.0,4.0,3.0,3.0,4.0,4.0,4.0,3.0,3.0,2.0,4.0,4.0,4.0,2.0,3.0,3.0,2.0,5.0
92,52,2,2,4,3,3.0,3.0,3.0,3.0,2.0,3.0,4.0,4.0,4.0,,,2.0,4.0,3.0,2.0,3.0,4.0,4.0,2.0,3.0,2.0
93,42,1,3,4,3,3.0,3.0,5.0,2.0,4.0,3.0,4.0,4.0,4.0,3.0,2.0,4.0,3.0,5.0,,2.0,3.0,3.0,3.0,2.0,3.0
94,21,2,2,1,2,4.0,4.0,4.0,4.0,4.0,,5.0,2.0,3.0,4.0,3.0,3.0,4.0,3.0,4.0,3.0,3.0,3.0,2.0,2.0,3.0
95,27,1,3,2,3,2.0,4.0,3.0,3.0,4.0,3.0,4.0,4.0,3.0,3.0,3.0,4.0,3.0,3.0,3.0,3.0,4.0,4.0,3.0,3.0,4.0
96,58,1,2,3,5,3.0,4.0,3.0,3.0,4.0,4.0,3.0,2.0,5.0,3.0,3.0,3.0,3.0,4.0,3.0,3.0,1.0,3.0,,3.0,2.0
97,30,1,3,3,3,4.0,,3.0,4.0,4.0,4.0,4.0,3.0,2.0,4.0,3.0,4.0,2.0,2.0,2.0,2.0,3.0,2.0,3.0,2.0,
98,37,2,2,4,3,3.0,3.0,4.0,2.0,3.0,,,3.0,4.0,3.0,4.0,3.0,3.0,4.0,3.0,3.0,3.0,3.0,3.0,2.0,2.0
99,47,1,3,2,5,4.0,4.0,4.0,3.0,4.0,4.0,4.0,2.0,4.0,3.0,3.0,3.0,3.0,3.0,3.0,3.0,2.0,4.0,,3.0,2.0
100,42,2,4,1,1,3.0,4.0,2.0,3.0,3.0,3.0,3.0,3.0,3.0,3.0,3.0,3.0,3.0,4.0,3.0,,4.0,2.0,2.0,3.0,3.0
101,28,2,2,2,1,3.0,3.0,4.0,4.0,3.0,4.0,5.0,3.0,3.0,3.0,3.0,3.0,3.0,4.0,3.0,3.0,4.0,3.0,5.0,5.0,4.0
102,56,1,4,1,2,2.0,3.0,3.0,3.0,2.0,3.0,5.0,2.0,,3.0,2.0,4.0,2.0,4.0,4.0,3.0,3.0,3.0,3.0,3.0,3.0
103,54,2,2,1,1,4.0,3.0,4.0,3.0,4.0,4.0,2.0,3.0,3.0,4.0,2.0,3.0,4.0,2.0,4.0,2.0,2.0,3.0,4.0,3.0,4.0
104,50,2,2,1,3,3.0,4.0,4.0,4.0,4.0,4.0,,4.0,3.0,,2.0,3.0,4.0,2.0,3.0,3.0,3.0,4.0,3.0,4.0,3.0
105,33,2,4,2,1,4.0,2.0,4.0,4.0,,4.0,3.0,4.0,3.0,3.0,5.0,3.0,4.0,3.0,3.0,2.0,3.0,3.0,3.0,3.0,3.0
106,50,1,4,3,1,4.0,4.0,4.0,4.0,2.0,2.0,4.0,2.0,3.0,,3.0,3.0,4.0,2.0,3.0,4.0,3.0,4.0,3.0,2.0,4.0
107,46,1,4,1,1,3.0,4.0,3.0,,3.0,2.0,3.0,4.0,4.0,,4.0,3.0,4.0,2.0,3.0,3.0,3.0,4.0,3.0,4.0,3.0
108,56,1,4,2,5,3.0,3.0,3.0,4.0,3.0,3.0,3.0,2.0,3.0,3.0,3.0,3.0,3.0,4.0,,3.0,2.0,2.0,3.0,3.0,3.0
109,25,2,4,1,5,4.0,3.0,3.0,2.0,5.0,2.0,3.0,3.0,3.0,2.0,3.0,2.0,4.0,3.0,2.0,3.0,3.0,3.0,3.0,2.0,3.0
110,18,2,1,1,3,4.0,4.0,4.0,3.0,3.0,3.0,5.0,3.0,3.0,4.0,3.0,4.0,4.0,3.0,2.0,3.0,3.0,4.0,2.0,2.0,4.0
111,54,1,3,4,1,2.0,4.0,4.0,1.0,4.0,5.0,4.0,3.0,3.0,4.0,3.0,,3.0,2.0,3.0,4.0,2.0,3.0,3.0,3.0,3.0
112,18,2,1,1,2,4.0,5.0,3.0,3.0,2.0,4.0,4.0,3.0,,3.0,3.0,2.0,3.0,4.0,,2.0,3.0,4.0,3.0,3.0,4.0
113,50,1,2,2,1,3.0,4.0,3.0,4.0,4.0,4.0,,3.0,2.0,3.0,4.0,4.0,4.0,3.0,3.0,4.0,3.0,4.0,4.0,2.0,3.0
114,23,1,4,3,3,3.0,3.0,4.0,3.0,2.0,4.0,3.0,4.0,2.0,3.0,3.0,4.0,2.0,2.0,3.0,3.0,3.0,3.0,3.0,3.0,3.0
115,22,2,3,2,3,4.0,4.0,4.0,4.0,3.0,5.0,3.0,4.0,4.0,3.0,2.0,4.0,3.0,3.0,3.0,3.0,,4.0,4.0,3.0,2.0
116,22,1,2,3,2,3.0,3.0,3.0,3.0,3.0,4.0,3.0,4.0,4.0,4.0,4.0,2.0,2.0,4.0,,2.0,3.0,1.0,4.0,3.0,2.0
117,50,1,2,2,1,5.0,2.0,3.0,3.0,3.0,2.0,4.0,3.0,2.0,3.0,3.0,4.0,3.0,2.0,4.0,3.0,3.0,3.0,2.0,4.0,2.0
118,38,1,3,3,4,3.0,2.0,3.0,3.0,3.0,3.0,3.0,3.0,3.0,3.0,3.0,4.0,2.0,4.0,,4.0,3.0,3.0,3.0,3.0,3.0
119,44,1,2,2,5,3.0,4.0,2.0,3.0,3.0,2.0,,4.0,3.0,5.0,4.0,2.0,4.0,3.0,2.0,3.0,4.0,4.0,2.0,2.0,3.0
120,53,1,2,1,2,3.0,4.0,2.0,4.0,3.0,5.0,2.0,3.0,2.0,3.0,4.0,3.0,2.0,3.0,3.0,2.0,2.0,3.0,3.0,2.0,2.0
121,54,1,1,2,3,4.0,4.0,4.0,4.0,3.0,2.0,3.0,3.0,3.0,3.0,4.0,3.0,4.0,,2.0,3.0,2.0,3.0,4.0,3.0,4.0
122,51,2,3,2,1,3.0,3.0,3.0,3.0,,3.0,4.0,,2.0,2.0,3.0,3.0,2.0,3.0,4.0,4.0,1.0,2.0,3.0,3.0,4.0
123,47,1,4,2,5,5.0,4.0,3.0,3.0,3.0,2.0,2.0,4.0,2.0,4.0,2.0,2.0,3.0,3.0,4.0,2.0,3.0,4.0,4.0,3.0,4.0
124,50,2,2,3,4,4.0,3.0,3.0,3.0,3.0,3.0,4.0,3.0,3.0,3.0,2.0,3.0,3.0,3.0,4.0,3.0,3.0,3.0,3.0,3.0,3.0
125,40,2,4,2,5,3.0,3.0,5.0,2.0,3.0,4.0,4.0,,3.0,3.0,4.0,3.0,4.0,,3.0,4.0,4.0,2.0,4.0,3.0,4.0
126,38,2,2,1,4,3.0,,3.0,3.0,4.0,4.0,5.0,3.0,2.0,3.0,3.0,4.0,4.0,4.0,3.0,2.0,4.0,3.0,2.0,2.0,5.0
127,54,1,1,1,2,,4.0,,,3.0,3.0,4.0,3.0,3.0,4.0,3.0,3.0,2.0,3.0,3.0,3.0,3.0,5.0,3.0,3.0,4.0
128,36,2,1,2,2,4.0,,3.0,3.0,,3.0,4.0,4.0,3.0,3.0,3.0,2.0,3.0,4.0,3.0,2.0,3.0,3.0,2.0,5.0,4.0
129,45,1,3,3,4,3.0,4.0,3.0,,3.0,2.0,3.0,4.0,4.0,4.0,2.0,,4.0,3.0,3.0,2.0,2.0,3.0,3.0,2.0,2.0
130,37,1,1,2,1,3.0,4.0,4.0,4.0,4.0,3.0,4.0,3.0,3.0,3.0,3.0,3.0,4.0,4.0,3.0,3.0,3.0,1.0,3.0,3.0,
131,56,1,3,2,1,3.0,5.0,3.0,2.0,3.0,3.0,3.0,4.0,3.0,3.0,3.0,4.0,4.0,3.0,,3.0,2.0,,,3.0,2.0
132,57,1,3,3,1,4.0,3.0,3.0,3.0,4.0,4.0,4.0,3.0,4.0,3.0,3.0,3.0,3.0,3.0,5.0,2.0,4.0,3.0,,3.0,4.0
133,35,1,1,3,1,4.0,4.0,3.0,2.0,3.0,4.0,4.0,3.0,5.0,4.0,2.0,3.0,3.0,3.0,5.0,2.0,2.0,3.0,3.0,4.0,3.0
134,44,2,3,2,1,4.0,4.0,4.0,4.0,4.0,4.0,4.0,4.0,4.0,4.0,4.0,4.0,4.0,4.0,4.0,4.0,4.0,4.0,4.0,4.0,4.0
135,32,1,3,4,3,2.0,3.0,3.0,4.0,4.0,3.0,4.0,5.0,4.0,,3.0,3.0,3.0,3.0,3.0,3.0,2.0,3.0,,3.0,3.0
136,54,1,3,2,4,2.0,5.0,,3.0,4.0,2.0,3.0,3.0,3.0,2.0,3.0,3.0,3.0,,3.0,2.0,4.0,,3.0,2.0,2.0
137,41,2,1,2,4,3.0,3.0,4.0,4.0,3.0,3.0,3.0,3.0,3.0,3.0,3.0,3.0,3.0,3.0,5.0,3.0,3.0,4.0,2.0,3.0,3.0
138,18,1,3,2,3,2.0,5.0,3.0,3.0,4.0,4.0,3.0,3.0,,3.0,4.0,4.0,3.0,3.0,3.0,4.0,3.0,3.0,4.0,3.0,3.0
139,32,1,2,1,2,3.0,4.0,4.0,4.0,4.0,4.0,2.0,3.0,4.0,2.0,3.0,3.0,3.0,2.0,,3.0,2.0,2.0,3.0,3.0,2.0
140,28,2,1,2,5,3.0,4.0,5.0,3.0,4.0,3.0,4.0,4.0,2.0,4.0,4.0,3.0,3.0,3.0,3.0,4.0,2.0,2.0,,3.0,1.0
141,33,2,2,2,1,4.0,5.0,4.0,3.0,3.0,4.0,,3.0,4.0,3.0,3.0,4.0,2.0,4.0,3.0,3.0,3.0,3.0,4.0,2.0,2.0
142,22,1,3,1,2,3.0,3.0,4.0,3.0,3.0,3.0,3.0,3.0,4.0,3.0,3.0,2.0,4.0,4.0,4.0,4.0,,1.0,3.0,3.0,4.0
143,55,2,2,4,2,3.0,3.0,2.0,4.0,4.0,4.0,3.0,3.0,3.0,3.0,2.0,3.0,2.0,3.0,2.0,3.0,4.0,2.0,2.0,4.0,4.0
144,40,2,1,3,3,3.0,4.0,3.0,4.0,3.0,5.0,2.0,3.0,2.0,4.0,4.0,,3.0,4.0,3.0,4.0,4.0,2.0,3.0,2.0,4.0
145,22,1,3,4,3,3.0,4.0,4.0,4.0,4.0,5.0,3.0,2.0,4.0,3.0,3.0,3.0,4.0,3.0,3.0,2.0,2.0,3.0,4.0,3.0,3.0
146,49,1,4,3,1,5.0,3.0,5.0,4.0,5.0,4.0,4.0,3.0,2.0,4.0,2.0,3.0,2.0,4.0,2.0,2.0,3.0,5.0,3.0,2.0,3.0
147,47,2,2,1,3,3.0,4.0,3.0,4.0,3.0,4.0,3.0,2.0,2.0,4.0,3.0,4.0,,5.0,4.0,3.0,3.0,3.0,4.0,3.0,2.0
148,31,1,3,1,1,3.0,3.0,3.0,3.0,4.0,3.0,4.0,4.0,3.0,5.0,4.0,4.0,4.0,3.0,4.0,3.0,2.0,3.0,3.0,4.0,3.0
149,27,2,3,2,3,3.0,2.0,3.0,3.0,4.0,3.0,5.0,4.0,4.0,3.0,4.0,,3.0,3.0,2.0,2.0,3.0,,3.0,3.0,4.0
150,33,2,2,2,2,2.0,4.0,3.0,3.0,4.0,2.0,4.0,4.0,4.0,3.0,4.0,,3.0,3.0,3.0,2.0,3.0,2.0,,3.0,3.0
151,46,1,4,1,3,3.0,3.0,3.0,4.0,4.0,4.0,4.0,3.0,4.0,3.0,2.0,3.0,2.0,4.0,3.0,4.0,3.0,2.0,3.0,2.0,4.0
152,22,1,1,3,3,4.0,3.0,2.0,4.0,3.0,4.0,3.0,2.0,2.0,3.0,2.0,3.0,2.0,5.0,3.0,2.0,3.0,3.0,3.0,3.0,4.0
153,40,1,4,3,5,5.0,3.0,3.0,3.0,4.0,3.0,3.0,3.0,4.0,3.0,4.0,3.0,2.0,4.0,3.0,3.0,2.0,3.0,1.0,2.0,5.0
154,22,2,4,1,2,3.0,3.0,3.0,4.0,3.0,4.0,3.0,3.0,4.0,2.0,4.0,3.0,3.0,4.0,3.0,2.0,,3.0,3.0,1.0,3.0
155,29,1,2,2,1,3.0,3.0,4.0,3.0,4.0,3.0,4.0,4.0,3.0,2.0,3.0,3.0,4.0,,,2.0,3.0,4.0,1.0,1.0,2.0
156,37,1,3,3,3,3.0,3.0,4.0,3.0,2.0,3.0,4.0,3.0,4.0,3.0,4.0,3.0,5.0,3.0,3.0,2.0,3.0,4.0,3.0,2.0,3.0
157,48,2,3,2,3,4.0,,4.0,,3.0,4.0,4.0,3.0,,4.0,2.0,4.0,4.0,5.0,3.0,2.0,2.0,2.0,2.0,3.0,4.0
158,49,2,2,1,2,3.0,4.0,3.0,4.0,4.0,3.0,2.0,2.0,3.0,4.0,4.0,3.0,4.0,4.0,2.0,2.0,4.0,4.0,2.0,2.0,3.0
159,33,2,2,1,2,4.0,4.0,3.0,4.0,2.0,4.0,4.0,2.0,4.0,2.0,4.0,3.0,3.0,4.0,2.0,3.0,4.0,,4.0,2.0,3.0
160,32,1,4,1,2,4.0,4.0,3.0,3.0,3.0,3.0,4.0,3.0,2.0,4.0,3.0,3.0,3.0,3.0,4.0,3.0,3.0,4.0,3.0,3.0,4.0
161,40,1,3,1,4,3.0,,3.0,2.0,4.0,4.0,4.0,4.0,3.0,4.0,4.0,5.0,3.0,4.0,3.0,4.0,3.0,3.0,2.0,3.0,5.0
162,48,2,3,1,5,3.0,3.0,3.0,2.0,3.0,3.0,3.0,2.0,2.0,3.0,3.0,4.0,3.0,5.0,3.0,3.0,3.0,3.0,3.0,,4.0
163,58,1,1,2,4,4.0,3.0,3.0,3.0,3.0,,3.0,3.0,3.0,,3.0,3.0,3.0,3.0,3.0,4.0,4.0,4.0,3.0,2.0,3.0
164,40,1,1,1,2,4.0,5.0,3.0,4.0,4.0,3.0,4.0,3.0,4.0,4.0,4.0,3.0,4.0,3.0,3.0,2.0,2.0,2.0,2.0,3.0,3.0
165,21,1,2,2,3,,3.0,4.0,2.0,3.0,4.0,3.0,3.0,3.0,4.0,3.0,4.0,4.0,2.0,3.0,3.0,2.0,3.0,3.0,4.0,3.0
166,51,2,1,2,4,4.0,3.0,3.0,4.0,4.0,3.0,3.0,3.0,3.0,4.0,3.0,3.0,3.0,3.0,4.0,2.0,4.0,3.0,2.0,2.0,3.0
167,46,1,4,1,1,4.0,5.0,3.0,3.0,4.0,3.0,5.0,1.0,3.0,3.0,3.0,4.0,2.0,4.0,3.0,3.0,3.0,4.0,3.0,3.0,3.0
168,30,2,3,2,4,5.0,3.0,5.0,3.0,3.0,3.0,5.0,4.0,4.0,4.0,3.0,2.0,5.0,2.0,4.0,3.0,3.0,2.0,,2.0,3.0
169,38,1,3,4,4,4.0,2.0,4.0,3.0,3.0,4.0,,3.0,4.0,3.0,,4.0,3.0,4.0,3.0,,2.0,2.0,3.0,3.0,4.0
170,22,1,4,4,4,3.0,3.0,2.0,3.0,4.0,3.0,4.0,4.0,3.0,3.0,3.0,3.0,3.0,3.0,3.0,3.0,,3.0,3.0,3.0,5.0
171,37,1,3,2,1,2.0,2.0,2.0,2.0,2.0,2.0,2.0,2.0,2.0,2.0,2.0,2.0,2.0,2.0,2.0,2.0,2.0,2.0,2.0,2.0,2.0
172,38,2,3,1,3,4.0,4.0,3.0,,,3.0,3.0,3.0,4.0,5.0,4.0,3.0,3.0,2.0,4.0,4.0,2.0,3.0,2.0,3.0,3.0
173,38,2,1,3,1,4.0,4.0,4.0,3.0,3.0,3.0,3.0,,2.0,3.0,4.0,3.0,2.0,3.0,5.0,,4.0,4.0,3.0,3.0,
174,31,2,2,3,3,4.0,3.0,4.0,3.0,3.0,4.0,4.0,4.0,3.0,,5.0,3.0,,4.0,3.0,3.0,3.0,3.0,2.0,4.0,3.0
175,22,2,3,2,3,5.0,3.0,4.0,,2.0,,3.0,3.0,3.0,3.0,3.0,4.0,2.0,3.0,4.0,2.0,2.0,4.0,4.0,3.0,2.0
176,28,2,3,1,2,4.0,,4.0,,3.0,4.0,3.0,3.0,4.0,4.0,3.0,5.0,4.0,3.0,4.0,4.0,2.0,3.0,3.0,3.0,3.0
177,59,1,3,1,3,4.0,3.0,3.0,2.0,5.0,3.0,4.0,4.0,3.0,4.0,4.0,3.0,3.0,3.0,4.0,2.0,3.0,4.0,4.0,2.0,2.0
178,26,1,2,2,2,4.0,3.0,3.0,4.0,4.0,3.0,3.0,3.0,2.0,,3.0,3.0,4.0,3.0,3.0,3.0,2.0,4.0,3.0,4.0,3.0
179,54,2,2,1,3,3.0,3.0,2.0,5.0,5.0,4.0,3.0,3.0,4.0,2.0,3.0,4.0,3.0,3.0,3.0,2.0,3.0,2.0,2.0,4.0,3.0
180,27,2,4,1,1,3.0,3.0,3.0,3.0,4.0,4.0,3.0,,4.0,4.0,4.0,2.0,3.0,4.0,4.0,3.0,4.0,2.0,3.0,2.0,3.0
181,21,2,4,3,2,4.0,3.0,3.0,3.0,3.0,3.0,4.0,3.0,4.0,4.0,2.0,3.0,4.0,4.0,3.0,,4.0,3.0,4.0,2.0,3.0
182,18,2,4,2,1,4.0,4.0,4.0,4.0,4.0,4.0,4.0,4.0,4.0,4.0,4.0,4.0,4.0,4.0,4.0,4.0,4.0,4.0,4.0,4.0,4.0
183,25,2,2,2,3,2.0,5.0,3.0,4.0,4.0,4.0,,3.0,4.0,4.0,2.0,4.0,3.0,4.0,3.0,4.0,3.0,2.0,3.0,4.0,3.0
184,39,1,3,3,4,5.0,4.0,3.0,4.0,,3.0,4.0,2.0,4.0,3.0,3.0,4.0,3.0,3.0,2.0,4.0,2.0,2.0,1.0,4.0,2.0
185,40,1,2,1,2,3.0,3.0,3.0,2.0,5.0,3.0,4.0,3.0,4.0,3.0,3.0,4.0,2.0,3.0,3.0,4.0,3.0,3.0,3.0,3.0,2.0
186,48,1,3,2,4,4.0,3.0,,3.0,3.0,3.0,2.0,3.0,3.0,3.0,3.0,3.0,4.0,3.0,3.0,3.0,2.0,3.0,3.0,3.0,
187,18,2,2,1,2,4.0,3.0,4.0,3.0,4.0,5.0,4.0,2.0,3.0,2.0,4.0,,3.0,4.0,2.0,3.0,2.0,3.0,3.0,,3.0
188,37,2,2,2,4,2.0,4.0,4.0,3.0,4.0,3.0,,3.0,3.0,4.0,3.0,4.0,2.0,3.0,2.0,3.0,3.0,3.0,2.0,3.0,3.0
189,34,1,2,1,1,3.0,3.0,4.0,5.0,3.0,2.0,4.0,3.0,4.0,3.0,3.0,3.0,2.0,4.0,4.0,2.0,3.0,4.0,3.0,3.0,4.0
190,29,1,3,2,3,3.0,4.0,4.0,4.0,4.0,4.0,3.0,4.0,2.0,4.0,3.0,4.0,4.0,4.0,2.0,4.0,3.0,3.0,3.0,,3.0
191,43,2,3,1,2,4.0,3.0,4.0,4.0,3.0,5.0,3.0,,4.0,4.0,3.0,2.0,4.0,3.0,3.0,4.0,4.0,2.0,3.0,4.0,3.0
192,26,2,2,2,3,4.0,4.0,3.0,4.0,3.0,4.0,3.0,3.0,3.0,3.0,2.0,4.0,3.0,,3.0,3.0,4.0,3.0,3.0,2.0,5.0
193,28,1,3,2,5,3.0,4.0,3.0,2.0,3.0,4.0,3.0,4.0,2.0,3.0,3.0,5.0,4.0,4.0,4.0,3.0,2.0,2.0,3.0,3.0,3.0
194,55,1,4,2,3,3.0,4.0,4.0,2.0,3.0,4.0,4.0,4.0,3.0,4.0,2.0,4.0,3.0,3.0,4.0,4.0,3.0,3.0,1.0,4.0,3.0
195,43,2,3,1,4,3.0,4.0,3.0,5.0,2.0,4.0,4.0,2.0,3.0,3.0,4.0,3.0,3.0,5.0,3.0,3.0,2.0,2.0,2.0,4.0,3.0
196,59,1,3,1,3,2.0,4.0,,2.0,3.0,,3.0,3.0,3.0,3.0,4.0,3.0,3.0,4.0,3.0,2.0,4.0,3.0,3.0,2.0,3.0
197,32,2,4,3,2,3.0,4.0,,3.0,2.0,3.0,4.0,3.0,2.0,3.0,3.0,2.0,3.0,3.0,3.0,4.0,3.0,3.0,2.0,,4.0
198,26,1,2,2,5,,4.0,3.0,2.0,3.0,3.0,4.0,3.0,2.0,4.0,,4.0,3.0,4.0,3.0,2.0,3.0,3.0,,3.0,3.0
199,28,1,3,2,2,,4.0,4.0,3.0,2.0,3.0,4.0,4.0,3.0,4.0,3.0,5.0,3.0,3.0,3.0,3.0,3.0,4.0,,3.0,2.0
200,45,2,3,2,1,4.0,4.0,3.0,,3.0,2.0,3.0,3.0,4.0,3.0,4.0,3.0,5.0,3.0,2.0,4.0,3.0,2.0,4.0,,3.0
201,49,2,4,2,1,4.0,3.0,4.0,4.0,5.0,4.0,4.0,3.0,5.0,2.0,2.0,4.0,3.0,3.0,2.0,3.0,3.0,3.0,4.0,,3.0
202,23,2,3,1,1,2.0,3.0,3.0,4.0,3.0,3.0,3.0,3.0,3.0,3.0,2.0,3.0,4.0,3.0,3.0,2.0,4.0,4.0,3.0,1.0,4.0
203,25,1,4,4,3,3.0,2.0,2.0,3.0,4.0,5.0,2.0,4.0,4.0,3.0,3.0,4.0,4.0,4.0,3.0,2.0,3.0,4.0,3.0,2.0,4.0
204,55,1,2,1,1,,4.0,3.0,3.0,3.0,2.0,4.0,3.0,4.0,3.0,3.0,5.0,3.0,3.0,3.0,4.0,4.0,3.0,3.0,2.0,2.0
205,46,1,3,2,2,3.0,4.0,3.0,4.0,4.0,5.0,2.0,3.0,4.0,3.0,2.0,3.0,3.0,4.0,,3.0,3.0,3.0,3.0,3.0,3.0
206,27,2,2,3,1,3.0,2.0,4.0,4.0,3.0,4.0,4.0,4.0,4.0,,5.0,3.0,3.0,4.0,3.0,2.0,2.0,4.0,3.0,4.0,3.0
207,39,1,4,2,3,5.0,4.0,3.0,3.0,3.0,3.0,5.0,3.0,,4.0,4.0,3.0,3.0,2.0,4.0,3.0,4.0,4.0,2.0,2.0,4.0
208,30,2,2,1,3,4.0,4.0,3.0,4.0,4.0,3.0,4.0,2.0,,5.0,4.0,4.0,2.0,,3.0,3.0,3.0,5.0,2.0,3.0,3.0
209,41,2,2,2,2,4.0,,3.0,2.0,5.0,4.0,3.0,3.0,4.0,5.0,4.0,3.0,4.0,4.0,3.0,4.0,3.0,3.0,3.0,4.0,3.0
210,49,1,4,4,3,3.0,4.0,3.0,3.0,4.0,4.0,3.0,3.0,3.0,2.0,3.0,4.0,3.0,4.0,3.0,3.0,4.0,4.0,2.0,2.0,4.0
211,58,2,2,1,1,4.0,5.0,3.0,3.0,4.0,4.0,2.0,3.0,3.0,3.0,2.0,3.0,2.0,3.0,3.0,2.0,4.0,3.0,3.0,4.0,4.0
212,26,1,2,3,1,3.0,,4.0,3.0,5.0,4.0,4.0,3.0,3.0,2.0,3.0,3.0,3.0,3.0,3.0,2.0,4.0,5.0,3.0,3.0,
213,39,1,4,2,4,3.0,4.0,,3.0,3.0,4.0,3.0,3.0,4.0,4.0,5.0,3.0,3.0,3.0,3.0,2.0,4.0,2.0,2.0,4.0,4.0
214,56,1,3,1,4,4.0,3.0,3.0,5.0,3.0,3.0,,1.0,3.0,3.0,3.0,3.0,3.0,3.0,4.0,3.0,3.0,3.0,,2.0,3.0
215,42,1,1,2,5,4.0,3.0,3.0,4.0,3.0,3.0,3.0,5.0,2.0,3.0,2.0,3.0,2.0,3.0,2.0,1.0,3.0,2.0,4.0,3.0,3.0
216,34,1,3,3,2,2.0,3.0,3.0,5.0,4.0,3.0,3.0,3.0,3.0,2.0,3.0,3.0,4.0,2.0,3.0,2.0,2.0,3.0,4.0,4.0,4.0
217,18,1,1,2,2,,3.0,3.0,4.0,3.0,4.0,3.0,3.0,3.0,3.0,3.0,3.0,2.0,3.0,4.0,4.0,4.0,3.0,3.0,3.0,3.0
218,53,2,4,1,3,2.0,3.0,4.0,4.0,3.0,3.0,4.0,3.0,4.0,4.0,3.0,4.0,3.0,3.0,2.0,3.0,3.0,4.0,4.0,3.0,3.0
219,41,2,4,2,2,4.0,3.0,4.0,3.0,4.0,5.0,3.0,4.0,3.0,2.0,3.0,1.0,3.0,3.0,3.0,2.0,2.0,2.0,3.0,3.0,
220,48,1,2,3,3,5.0,,3.0,2.0,3.0,5.0,3.0,3.0,,3.0,3.0,4.0,4.0,3.0,4.0,3.0,4.0,2.0,2.0,2.0,1.0
221,55,1,4,1,5,3.0,4.0,3.0,4.0,3.0,3.0,2.0,3.0,4.0,3.0,3.0,3.0,,4.0,5.0,2.0,3.0,,1.0,2.0,3.0
222,37,2,2,1,3,2.0,3.0,3.0,4.0,4.0,3.0,3.0,3.0,3.0,3.0,3.0,3.0,4.0,3.0,4.0,3.0,3.0,4.0,3.0,3.0,3.0
223,31,1,2,1,2,4.0,3.0,3.0,4.0,4.0,3.0,4.0,3.0,3.0,,3.0,3.0,4.0,4.0,3.0,4.0,3.0,,4.0,2.0,3.0
224,25,1,3,2,4,2.0,3.0,4.0,5.0,4.0,3.0,4.0,4.0,3.0,4.0,4.0,3.0,,3.0,4.0,3.0,,,3.0,2.0,4.0
225,34,1,3,2,2,4.0,3.0,,4.0,3.0,3.0,3.0,3.0,3.0,4.0,1.0,4.0,4.0,3.0,4.0,3.0,2.0,4.0,2.0,4.0,2.0
226,48,1,3,2,3,4.0,3.0,4.0,3.0,3.0,3.0,3.0,3.0,2.0,3.0,4.0,4.0,3.0,4.0,4.0,2.0,4.0,4.0,3.0,3.0,4.0
227,38,1,4,1,2,4.0,4.0,5.0,3.0,4.0,4.0,4.0,3.0,1.0,3.0,4.0,,3.0,3.0,3.0,2.0,4.0,4.0,5.0,3.0,3.0
228,60,2,2,2,3,3.0,3.0,5.0,5.0,,4.0,3.0,3.0,2.0,3.0,4.0,2.0,3.0,4.0,2.0,3.0,3.0,2.0,3.0,4.0,
229,29,1,2,3,4,4.0,4.0,3.0,3.0,5.0,3.0,4.0,,2.0,4.0,3.0,4.0,2.0,4.0,4.0,2.0,3.0,2.0,2.0,3.0,3.0
230,35,2,4,2,2,4.0,4.0,4.0,3.0,4.0,3.0,3.0,3.0,3.0,2.0,4.0,3.0,4.0,4.0,3.0,2.0,3.0,1.0,4.0,4.0,3.0
231,22,1,4,3,3,3.0,3.0,3.0,4.0,3.0,3.0,3.0,3.0,3.0,3.0,4.0,4.0,4.0,2.0,1.0,3.0,3.0,4.0,3.0,3.0,3.0
232,56,2,1,2,5,3.0,2.0,3.0,3.0,3.0,2.0,4.0,3.0,4.0,4.0,4.0,3.0,4.0,2.0,4.0,4.0,3.0,4.0,4.0,4.0,3.0
233,40,2,3,1,2,3.0,3.0,3.0,3.0,3.0,3.0,3.0,3.0,3.0,3.0,3.0,3.0,3.0,3.0,3.0,3.0,3.0,3.0,3.0,3.0,3.0
234,46,2,3,3,5,4.0,4.0,4.0,4.0,5.0,4.0,3.0,4.0,3.0,3.0,3.0,2.0,3.0,4.0,,2.0,2.0,4.0,3.0,2.0,5.0
235,45,1,2,1,2,3.0,3.0,3.0,3.0,,4.0,4.0,4.0,3.0,3.0,3.0,5.0,3.0,3.0,2.0,3.0,4.0,3.0,3.0,2.0,
236,43,1,4,1,5,3.0,5.0,3.0,5.0,4.0,3.0,3.0,3.0,4.0,3.0,4.0,3.0,4.0,3.0,2.0,3.0,2.0,3.0,3.0,2.0,3.0
237,59,2,4,1,3,3.0,2.0,2.0,4.0,,3.0,4.0,4.0,3.0,3.0,4.0,3.0,4.0,,2.0,3.0,3.0,2.0,3.0,3.0,2.0
238,20,2,3,1,1,4.0,3.0,3.0,3.0,2.0,4.0,5.0,,4.0,4.0,4.0,4.0,3.0,3.0,,3.0,3.0,3.0,,1.0,4.0
239,55,2,4,2,4,,2.0,2.0,3.0,4.0,2.0,4.0,3.0,2.0,4.0,3.0,3.0,3.0,4.0,2.0,3.0,4.0,4.0,5.0,2.0,3.0
240,43,2,4,1,1,3.0,2.0,4.0,5.0,3.0,3.0,4.0,2.0,,3.0,3.0,3.0,3.0,4.0,4.0,4.0,4.0,,3.0,2.0,1.0
241,47,2,1,2,4,3.0,4.0,3.0,,2.0,4.0,3.0,1.0,4.0,,3.0,3.0,2.0,4.0,2.0,2.0,3.0,3.0,,1.0,4.0
242,56,2,3,1,4,3.0,4.0,2.0,3.0,3.0,,4.0,4.0,3.0,4.0,3.0,3.0,4.0,4.0,3.0,4.0,4.0,1.0,3.0,4.0,2.0
243,56,1,3,1,2,2.0,3.0,4.0,3.0,3.0,,3.0,4.0,3.0,4.0,3.0,4.0,3.0,3.0,4.0,2.0,2.0,3.0,2.0,2.0,
244,33,1,3,1,4,2.0,4.0,3.0,3.0,,2.0,5.0,,4.0,3.0,2.0,3.0,4.0,4.0,2.0,2.0,3.0,3.0,2.0,2.0,3.0
245,58,1,4,2,5,3.0,4.0,2.0,,,4.0,4.0,3.0,4.0,4.0,2.0,3.0,3.0,4.0,3.0,2.0,3.0,3.0,3.0,3.0,4.0
246,49,1,3,3,3,3.0,3.0,4.0,4.0,4.0,3.0,4.0,,4.0,3.0,3.0,3.0,4.0,4.0,4.0,2.0,3.0,4.0,3.0,3.0,4.0
247,26,2,3,2,1,3.0,3.0,3.0,2.0,3.0,4.0,3.0,3.0,3.0,3.0,3.0,3.0,4.0,,2.0,3.0,4.0,4.0,,3.0,4.0
248,26,2,2,2,2,4.0,3.0,3.0,4.0,3.0,3.0,,3.0,3.0,4.0,,3.0,4.0,4.0,4.0,2.0,3.0,4.0,4.0,2.0,1.0
249,52,2,2,3,3,4.0,3.0,5.0,3.0,5.0,2.0,2.0,3.0,3.0,3.0,2.0,,4.0,2.0,2.0,3.0,4.0,3.0,3.0,2.0,4.0
250,33,1,3,2,4,3.0,4.0,4.0,2.0,3.0,4.0,3.0,4.0,2.0,3.0,3.0,3.0,3.0,2.0,3.0,3.0,3.0,4.0,2.0,3.0,4.0
251,48,2,3,1,4,,4.0,4.0,4.0,4.0,4.0,,4.0,4.0,3.0,5.0,3.0,,2.0,2.0,2.0,,3.0,3.0,2.0,
252,49,2,3,3,3,4.0,4.0,3.0,1.0,5.0,3.0,4.0,3.0,4.0,3.0,3.0,3.0,3.0,4.0,2.0,2.0,3.0,,4.0,3.0,2.0
253,56,1,4,1,2,4.0,3.0,3.0,3.0,3.0,4.0,4.0,4.0,3.0,3.0,4.0,3.0,3.0,4.0,3.0,2.0,3.0,2.0,3.0,2.0,2.0
254,40,2,2,1,2,4.0,3.0,3.0,4.0,4.0,3.0,3.0,3.0,3.0,4.0,3.0,3.0,3.0,3.0,3.0,3.0,4.0,4.0,4.0,3.0,3.0
255,34,2,2,3,2,2.0,5.0,4.0,4.0,4.0,4.0,3.0,4.0,3.0,3.0,3.0,3.0,4.0,4.0,3.0,4.0,3.0,4.0,4.0,4.0,3.0
256,18,2,3,2,3,3.0,3.0,3.0,3.0,3.0,4.0,,2.0,3.0,3.0,2.0,4.0,4.0,4.0,3.0,4.0,4.0,4.0,4.0,3.0,3.0
257,45,1,3,2,1,3.0,3.0,3.0,2.0,2.0,3.0,3.0,2.0,3.0,4.0,2.0,3.0,4.0,4.0,3.0,4.0,3.0,4.0,,3.0,4.0
258,55,1,1,1,1,4.0,2.0,3.0,,3.0,4.0,4.0,3.0,4.0,4.0,4.0,2.0,4.0,3.0,3.0,,1.0,4.0,2.0,3.0,3.0
259,47,2,2,2,5,3.0,4.0,5.0,,4.0,4.0,3.0,4.0,4.0,2.0,4.0,4.0,3.0,3.0,3.0,2.0,3.0,4.0,3.0,4.0,3.0
260,18,2,2,1,1,5.0,3.0,3.0,3.0,4.0,4.0,3.0,4.0,4.0,4.0,3.0,3.0,4.0,2.0,4.0,2.0,4.0,3.0,4.0,3.0,3.0
261,20,1,4,1,2,3.0,4.0,4.0,3.0,3.0,3.0,3.0,4.0,4.0,4.0,2.0,4.0,4.0,3.0,3.0,4.0,4.0,3.0,3.0,2.0,3.0
262,32,2,1,2,2,4.0,4.0,5.0,4.0,3.0,4.0,5.0,3.0,4.0,3.0,3.0,4.0,,4.0,4.0,4.0,3.0,3.0,3.0,4.0,3.0
263,29,1,4,1,4,3.0,3.0,3.0,4.0,3.0,3.0,5.0,3.0,3.0,4.0,4.0,3.0,3.0,2.0,3.0,3.0,,2.0,2.0,4.0,3.0
264,28,2,2,2,1,3.0,2.0,3.0,3.0,2.0,4.0,3.0,2.0,4.0,3.0,4.0,2.0,3.0,4.0,3.0,3.0,3.0,3.0,2.0,,2.0
265,37,2,4,1,1,3.0,5.0,4.0,4.0,4.0,4.0,3.0,5.0,4.0,2.0,2.0,,3.0,3.0,2.0,,2.0,4.0,4.0,3.0,3.0
266,59,2,2,2,1,3.0,4.0,3.0,4.0,3.0,4.0,3.0,3.0,2.0,4.0,3.0,3.0,3.0,2.0,4.0,4.0,3.0,3.0,3.0,2.0,
267,21,1,1,2,3,3.0,3.0,3.0,2.0,2.0,5.0,3.0,2.0,4.0,3.0,5.0,3.0,4.0,3.0,2.0,3.0,3.0,2.0,3.0,3.0,3.0
268,53,2,3,1,2,4.0,4.0,2.0,3.0,4.0,5.0,4.0,4.0,4.0,2.0,,4.0,3.0,4.0,3.0,4.0,,3.0,2.0,3.0,3.0
269,48,1,3,2,1,3.0,4.0,3.0,3.0,4.0,2.0,5.0,3.0,3.0,3.0,4.0,4.0,2.0,4.0,5.0,2.0,2.0,2.0,2.0,2.0,2.0
270,24,1,3,1,1,3.0,4.0,4.0,4.0,3.0,4.0,4.0,4.0,3.0,4.0,3.0,3.0,3.0,4.0,3.0,2.0,3.0,4.0,3.0,4.0,3.0
271,23,1,4,2,2,,4.0,3.0,3.0,3.0,4.0,4.0,3.0,4.0,3.0,3.0,3.0,3.0,3.0,2.0,3.0,4.0,2.0,4.0,4.0,3.0
272,25,2,4,3,1,,4.0,2.0,3.0,5.0,3.0,4.0,4.0,3.0,2.0,4.0,3.0,4.0,4.0,3.0,3.0,2.0,3.0,3.0,3.0,4.0
273,32,2,3,1,3,4.0,4.0,4.0,5.0,3.0,4.0,3.0,4.0,2.0,2.0,3.0,3.0,3.0,4.0,3.0,2.0,4.0,3.0,3.0,4.0,3.0
274,39,1,2,4,3,3.0,3.0,3.0,3.0,4.0,3.0,2.0,2.0,4.0,4.0,4.0,3.0,3.0,4.0,3.0,3.0,,3.0,3.0,2.0,3.0
275,28,2,2,2,1,4.0,3.0,4.0,3.0,4.0,3.0,4.0,5.0,4.0,4.0,5.0,3.0,3.0,4.0,3.0,2.0,,3.0,3.0,3.0,2.0
276,19,1,2,2,2,3.0,4.0,5.0,3.0,3.0,3.0,4.0,3.0,4.0,4.0,4.0,3.0,,2.0,4.0,4.0,3.0,4.0,4.0,3.0,3.0
277,58,1,3,1,5,3.0,4.0,2.0,4.0,3.0,4.0,4.0,4.0,3.0,4.0,4.0,3.0,3.0,4.0,3.0,2.0,3.0,4.0,2.0,4.0,3.0
278,39,2,3,2,1,3.0,3.0,4.0,4.0,3.0,3.0,3.0,3.0,3.0,4.0,4.0,3.0,4.0,3.0,3.0,3.0,3.0,3.0,3.0,,4.0
279,56,2,1,1,4,4.0,3.0,4.0,4.0,,4.0,4.0,5.0,4.0,4.0,3.0,3.0,3.0,4.0,2.0,3.0,2.0,,4.0,3.0,2.0
280,41,2,1,2,5,3.0,4.0,3.0,3.0,3.0,3.0,2.0,,4.0,3.0,2.0,3.0,4.0,2.0,3.0,3.0,3.0,2.0,,2.0,2.0
281,30,2,4,2,4,3.0,2.0,4.0,3.0,4.0,3.0,2.0,4.0,3.0,3.0,4.0,3.0,3.0,,3.0,3.0,2.0,3.0,3.0,3.0,3.0
282,22,1,2,1,4,3.0,3.0,4.0,4.0,2.0,5.0,4.0,4.0,3.0,3.0,3.0,2.0,4.0,2.0,3.0,3.0,4.0,3.0,4.0,4.0,5.0
283,50,2,3,4,3,3.0,3.0,3.0,4.0,3.0,3.0,3.0,3.0,3.0,4.0,3.0,,3.0,2.0,3.0,,4.0,4.0,3.0,4.0,3.0
284,19,1,3,2,3,3.0,2.0,3.0,4.0,3.0,4.0,3.0,2.0,3.0,2.0,3.0,3.0,,4.0,3.0,3.0,3.0,2.0,3.0,3.0,2.0
285,40,1,4,1,2,4.0,3.0,4.0,3.0,4.0,4.0,3.0,2.0,5.0,2.0,3.0,3.0,,,4.0,1.0,4.0,2.0,3.0,,3.0
286,56,2,2,1,4,3.0,3.0,3.0,4.0,4.0,2.0,3.0,2.0,3.0,3.0,2.0,3.0,3.0,4.0,3.0,,3.0,4.0,4.0,4.0,4.0
287,50,2,3,1,4,3.0,2.0,3.0,3.0,2.0,3.0,4.0,3.0,3.0,4.0,3.0,3.0,3.0,2.0,2.0,2.0,3.0,3.0,3.0,3.0,3.0
288,58,1,2,4,1,3.0,4.0,5.0,5.0,3.0,3.0,4.0,3.0,3.0,4.0,2.0,3.0,3.0,4.0,2.0,2.0,2.0,3.0,3.0,5.0,2.0
289,42,1,4,2,4,3.0,3.0,3.0,4.0,3.0,4.0,2.0,3.0,3.0,4.0,3.0,,3.0,4.0,5.0,3.0,3.0,2.0,4.0,4.0,3.0
290,20,2,1,2,4,3.0,3.0,3.0,,2.0,5.0,4.0,4.0,3.0,,,4.0,3.0,4.0,2.0,3.0,3.0,3.0,4.0,,3.0
291,27,1,3,2,1,3.0,3.0,3.0,2.0,3.0,3.0,3.0,3.0,4.0,3.0,3.0,4.0,2.0,3.0,4.0,3.0,3.0,4.0,3.0,2.0,2.0
292,24,2,2,2,2,2.0,3.0,3.0,3.0,2.0,2.0,4.0,4.0,3.0,2.0,2.0,4.0,3.0,4.0,4.0,2.0,4.0,4.0,4.0,3.0,3.0
293,30,2,2,2,3,2.0,2.0,2.0,2.0,2.0,2.0,2.0,2.0,2.0,2.0,2.0,2.0,2.0,2.0,2.0,2.0,2.0,2.0,2.0,2.0,2.0
294,22,2,3,1,2,4.0,3.0,3.0,,4.0,3.0,4.0,4.0,3.0,4.0,4.0,4.0,5.0,3.0,2.0,3.0,3.0,3.0,1.0,2.0,3.0
295,23,1,2,4,3,3.0,4.0,4.0,2.0,2.0,4.0,4.0,2.0,,3.0,4.0,4.0,5.0,3.0,2.0,4.0,3.0,3.0,3.0,1.0,3.0
296,21,1,4,1,5,3.0,3.0,3.0,4.0,3.0,5.0,3.0,3.0,4.0,3.0,4.0,2.0,5.0,4.0,2.0,3.0,2.0,3.0,4.0,2.0,2.0
297,34,2,3,2,1,4.0,3.0,5.0,4.0,4.0,3.0,4.0,4.0,4.0,2.0,4.0,3.0,4.0,3.0,2.0,3.0,3.0,3.0,2.0,3.0,3.0
298,23,2,3,4,3,3.0,3.0,3.0,3.0,3.0,4.0,4.0,4.0,3.0,4.0,4.0,2.0,4.0,4.0,4.0,3.0,4.0,4.0,1.0,3.0,3.0
299,32,1,4,2,2,2.0,2.0,4.0,4.0,3.0,2.0,3.0,2.0,3.0,4.0,4.0,3.0,2.0,4.0,5.0,3.0,2.0,3.0,3.0,4.0,3.0
300,51,1,2,2,4,4.0,3.0,4.0,4.0,4.0,5.0,4.0,4.0,3.0,3.0,3.0,4.0,3.0,4.0,3.0,3.0,3.0,4.0,3.0,1.0,3.0
301,24,1,2,1,4,,3.0,5.0,4.0,3.0,4.0,4.0,4.0,5.0,3.0,3.0,,,3.0,4.0,3.0,2.0,3.0,3.0,3.0,4.0
302,45,1,4,1,3,3.0,4.0,3.0,3.0,4.0,4.0,,4.0,3.0,3.0,3.0,4.0,3.0,4.0,2.0,4.0,4.0,3.0,3.0,2.0,2.0
303,55,1,3,1,5,2.0,,3.0,5.0,3.0,3.0,2.0,1.0,4.0,2.0,3.0,3.0,3.0,3.0,3.0,4.0,,3.0,2.0,2.0,2.0
304,26,1,3,3,2,4.0,3.0,,4.0,4.0,3.0,4.0,3.0,3.0,,4.0,4.0,4.0,3.0,3.0,4.0,4.0,3.0,3.0,2.0,2.0
305,49,1,2,2,3,4.0,2.0,1.0,4.0,3.0,3.0,3.0,3.0,4.0,2.0,3.0,3.0,3.0,4.0,3.0,3.0,3.0,5.0,3.0,3.0,4.0
306,55,1,2,1,5,4.0,4.0,3.0,3.0,4.0,2.0,3.0,3.0,3.0,3.0,3.0,3.0,3.0,3.0,3.0,3.0,3.0,3.0,3.0,2.0,3.0
307,21,2,3,2,5,4.0,5.0,2.0,2.0,3.0,4.0,4.0,3.0,3.0,3.0,5.0,2.0,2.0,3.0,2.0,3.0,4.0,4.0,2.0,2.0,3.0
308,44,2,3,1,2,4.0,2.0,4.0,5.0,5.0,4.0,3.0,4.0,2.0,4.0,,3.0,2.0,4.0,3.0,3.0,3.0,3.0,,4.0,2.0
309,54,2,1,2,3,3.0,,3.0,3.0,5.0,2.0,3.0,2.0,2.0,4.0,3.0,3.0,4.0,3.0,2.0,2.0,4.0,2.0,3.0,2.0,4.0
310,35,2,4,3,5,3.0,3.0,,4.0,3.0,2.0,2.0,2.0,2.0,4.0,,3.0,3.0,3.0,2.0,4.0,3.0,4.0,4.0,,3.0
311,20,2,4,1,4,4.0,4.0,4.0,3.0,4.0,2.0,2.0,2.0,3.0,4.0,3.0,1.0,4.0,3.0,2.0,2.0,2.0,3.0,2.0,3.0,2.0
312,51,2,3,2,2,3.0,4.0,3.0,4.0,3.0,4.0,5.0,4.0,3.0,2.0,3.0,3.0,3.0,3.0,4.0,3.0,3.0,3.0,3.0,3.0,2.0
313,29,1,1,3,4,3.0,3.0,4.0,3.0,3.0,5.0,4.0,4.0,,3.0,3.0,2.0,4.0,2.0,2.0,3.0,3.0,3.0,3.0,2.0,2.0
314,28,2,3,1,2,3.0,4.0,4.0,4.0,3.0,3.0,4.0,3.0,2.0,4.0,3.0,3.0,,3.0,3.0,2.0,2.0,4.0,3.0,3.0,4.0
315,46,1,2,4,3,2.0,3.0,3.0,4.0,4.0,4.0,3.0,3.0,3.0,3.0,3.0,4.0,3.0,4.0,4.0,2.0,3.0,,3.0,2.0,3.0
316,60,2,3,2,1,3.0,3.0,4.0,5.0,4.0,5.0,3.0,3.0,4.0,3.0,,3.0,,3.0,3.0,3.0,2.0,4.0,3.0,2.0,3.0
317,51,1,2,2,4,4.0,3.0,4.0,2.0,3.0,3.0,2.0,3.0,5.0,3.0,2.0,4.0,,3.0,3.0,2.0,4.0,3.0,3.0,4.0,2.0
318,55,1,3,1,1,3.0,5.0,4.0,1.0,3.0,3.0,3.0,3.0,4.0,3.0,3.0,3.0,4.0,3.0,2.0,,3.0,4.0,4.0,3.0,3.0
319,39,1,4,1,3,3.0,4.0,,4.0,3.0,4.0,3.0,2.0,3.0,3.0,3.0,3.0,3.0,3.0,3.0,3.0,2.0,3.0,3.0,3.0,3.0
320,29,2,3,2,3,5.0,4.0,4.0,4.0,3.0,3.0,3.0,3.0,4.0,3.0,4.0,4.0,4.0,3.0,4.0,3.0,3.0,4.0,4.0,3.0,3.0
321,34,1,1,2,5,4.0,4.0,2.0,5.0,3.0,3.0,3.0,4.0,3.0,3.0,,3.0,3.0,4.0,3.0,4.0,4.0,3.0,4.0,3.0,3.0
322,58,1,2,2,2,,3.0,4.0,3.0,3.0,4.0,3.0,3.0,3.0,3.0,3.0,4.0,3.0,4.0,3.0,3.0,2.0,2.0,2.0,2.0,3.0
323,29,1,1,1,5,3.0,3.0,3.0,2.0,3.0,3.0,3.0,4.0,3.0,3.0,2.0,4.0,3.0,3.0,3.0,3.0,2.0,1.0,2.0,3.0,3.0
324,26,1,4,3,3,4.0,3.0,3.0,3.0,4.0,3.0,2.0,3.0,3.0,2.0,3.0,3.0,3.0,3.0,2.0,1.0,3.0,3.0,3.0,2.0,3.0
325,42,2,3,2,3,4.0,4.0,3.0,3.0,5.0,3.0,3.0,,3.0,3.0,3.0,3.0,4.0,4.0,3.0,5.0,3.0,4.0,4.0,2.0,
326,30,2,3,4,3,3.0,4.0,3.0,3.0,4.0,3.0,3.0,2.0,4.0,4.0,2.0,3.0,3.0,3.0,3.0,4.0,,3.0,3.0,4.0,3.0
327,32,1,3,3,4,3.0,5.0,5.0,2.0,2.0,3.0,3.0,4.0,4.0,3.0,,3.0,3.0,3.0,3.0,2.0,2.0,3.0,4.0,3.0,3.0
328,20,1,3,1,1,3.0,3.0,3.0,4.0,2.0,3.0,3.0,3.0,4.0,4.0,4.0,3.0,3.0,4.0,4.0,4.0,3.0,3.0,3.0,3.0,
329,50,2,3,2,4,4.0,3.0,4.0,2.0,4.0,4.0,3.0,3.0,3.0,3.0,3.0,4.0,3.0,4.0,4.0,3.0,4.0,2.0,3.0,3.0,3.0
330,31,2,3,3,3,3.0,2.0,4.0,5.0,,4.0,5.0,5.0,3.0,2.0,3.0,3.0,4.0,3.0,2.0,3.0,3.0,3.0,4.0,3.0,4.0
331,43,2,3,2,3,3.0,3.0,4.0,4.0,4.0,4.0,,4.0,3.0,3.0,3.0,4.0,3.0,3.0,3.0,2.0,2.0,4.0,3.0,2.0,3.0
332,18,1,2,1,4,4.0,5.0,4.0,2.0,3.0,3.0,4.0,4.0,3.0,3.0,3.0,4.0,5.0,4.0,3.0,3.0,3.0,,2.0,4.0,3.0
333,45,1,3,2,1,3.0,4.0,3.0,4.0,4.0,2.0,3.0,3.0,4.0,3.0,3.0,3.0,3.0,2.0,2.0,3.0,2.0,3.0,4.0,3.0,3.0
334,59,1,2,2,3,3.0,4.0,3.0,4.0,3.0,3.0,4.0,3.0,4.0,3.0,4.0,3.0,3.0,3.0,2.0,3.0,5.0,4.0,4.0,4.0,2.0
335,32,2,2,1,2,3.0,3.0,3.0,4.0,4.0,4.0,2.0,2.0,4.0,4.0,3.0,3.0,4.0,3.0,4.0,2.0,3.0,1.0,3.0,2.0,3.0
336,50,1,2,2,1,5.0,2.0,2.0,4.0,3.0,3.0,3.0,2.0,2.0,5.0,4.0,3.0,4.0,3.0,2.0,3.0,3.0,4.0,3.0,2.0,2.0
337,55,2,3,1,1,3.0,4.0,3.0,4.0,4.0,5.0,3.0,2.0,3.0,4.0,5.0,3.0,5.0,3.0,3.0,3.0,2.0,,3.0,3.0,2.0
338,30,2,3,1,3,4.0,,,4.0,5.0,3.0,4.0,3.0,3.0,3.0,5.0,2.0,1.0,4.0,,,2.0,,3.0,4.0,4.0
339,41,2,3,2,3,2.0,4.0,4.0,4.0,3.0,2.0,5.0,2.0,3.0,2.0,4.0,3.0,3.0,2.0,3.0,4.0,3.0,3.0,3.0,3.0,3.0
340,48,1,3,1,5,4.0,5.0,3.0,4.0,4.0,3.0,4.0,3.0,3.0,5.0,4.0,3.0,2.0,5.0,3.0,3.0,2.0,3.0,4.0,2.0,2.0
341,23,2,3,1,3,3.0,4.0,3.0,3.0,4.0,3.0,4.0,2.0,3.0,4.0,3.0,3.0,3.0,3.0,3.0,3.0,3.0,3.0,3.0,2.0,3.0
342,31,2,2,4,5,3.0,2.0,4.0,5.0,2.0,4.0,3.0,4.0,2.0,3.0,4.0,4.0,2.0,3.0,3.0,3.0,3.0,4.0,2.0,3.0,3.0
343,54,1,4,1,5,3.0,2.0,3.0,5.0,5.0,3.0,3.0,2.0,2.0,2.0,3.0,3.0,4.0,4.0,4.0,3.0,3.0,4.0,3.0,,3.0
344,45,1,3,1,2,2.0,4.0,2.0,5.0,3.0,,,3.0,4.0,4.0,2.0,3.0,3.0,4.0,3.0,2.0,3.0,2.0,3.0,2.0,3.0
345,18,1,1,2,3,4.0,2.0,4.0,2.0,2.0,3.0,3.0,4.0,3.0,2.0,2.0,3.0,4.0,,2.0,3.0,3.0,3.0,4.0,3.0,2.0
346,18,2,3,2,4,3.0,3.0,3.0,2.0,4.0,,4.0,4.0,3.0,1.0,3.0,4.0,3.0,3.0,4.0,3.0,2.0,3.0,2.0,3.0,4.0
347,47,2,4,1,2,3.0,2.0,2.0,4.0,3.0,3.0,3.0,3.0,4.0,4.0,3.0,5.0,4.0,5.0,4.0,3.0,3.0,2.0,3.0,3.0,2.0
348,25,2,3,2,4,2.0,5.0,,3.0,2.0,3.0,4.0,2.0,2.0,3.0,2.0,3.0,3.0,4.0,1.0,2.0,,2.0,,2.0,
349,59,2,2,3,1,3.0,3.0,3.0,3.0,2.0,4.0,3.0,4.0,4.0,4.0,3.0,2.0,1.0,3.0,3.0,2.0,2.0,,3.0,4.0,3.0
350,43,2,2,2,2,3.0,3.0,,4.0,3.0,3.0,3.0,3.0,5.0,5.0,3.0,3.0,4.0,,2.0,3.0,2.0,3.0,3.0,3.0,3.0
351,18,1,1,2,1,4.0,3.0,4.0,3.0,3.0,4.0,4.0,4.0,3.0,4.0,5.0,3.0,3.0,2.0,3.0,2.0,1.0,3.0,3.0,3.0,2.0
352,34,1,2,4,2,3.0,4.0,2.0,4.0,4.0,3.0,3.0,4.0,3.0,3.0,4.0,3.0,4.0,3.0,3.0,3.0,4.0,3.0,3.0,,4.0
353,30,2,2,2,3,4.0,4.0,3.0,3.0,2.0,2.0,3.0,5.0,3.0,2.0,2.0,2.0,3.0,3.0,1.0,2.0,3.0,2.0,4.0,3.0,3.0
354,39,2,2,2,4,5.0,2.0,2.0,4.0,3.0,3.0,2.0,3.0,3.0,2.0,3.0,,3.0,3.0,2.0,3.0,3.0,3.0,4.0,3.0,4.0
355,59,2,2,1,5,2.0,4.0,5.0,3.0,4.0,3.0,3.0,3.0,3.0,2.0,2.0,3.0,3.0,3.0,2.0,2.0,3.0,3.0,2.0,2.0,
356,44,2,1,2,2,3.0,,3.0,3.0,4.0,3.0,3.0,3.0,3.0,4.0,2.0,4.0,2.0,4.0,3.0,3.0,2.0,3.0,2.0,3.0,2.0
357,36,2,4,1,4,4.0,4.0,3.0,4.0,2.0,4.0,3.0,4.0,4.0,4.0,3.0,5.0,4.0,3.0,4.0,2.0,3.0,3.0,2.0,3.0,4.0
358,42,2,3,1,1,4.0,3.0,3.0,3.0,5.0,3.0,3.0,4.0,3.0,,2.0,3.0,3.0,3.0,3.0,,,2.0,4.0,4.0,2.0
359,35,1,4,2,3,2.0,3.0,4.0,3.0,4.0,4.0,3.0,4.0,4.0,3.0,4.0,2.0,4.0,4.0,4.0,3.0,5.0,2.0,3.0,3.0,
360,51,2,1,2,5,3.0,2.0,3.0,2.0,3.0,2.0,4.0,3.0,4.0,3.0,4.0,3.0,4.0,3.0,3.0,3.0,4.0,3.0,4.0,2.0,3.0
361,28,2,2,1,3,5.0,5.0,5.0,5.0,5.0,5.0,5.0,5.0,5.0,5.0,5.0,5.0,5.0,5.0,5.0,5.0,5.0,5.0,5.0,5.0,5.0
362,54,1,1,1,2,3.0,3.0,3.0,4.0,3.0,3.0,3.0,2.0,3.0,3.0,3.0,3.0,2.0,3.0,3.0,4.0,3.0,2.0,3.0,3.0,3.0
363,29,1,4,3,1,4.0,4.0,2.0,3.0,3.0,4.0,3.0,,5.0,3.0,,2.0,4.0,4.0,2.0,3.0,2.0,5.0,3.0,2.0,2.0
364,49,1,3,1,3,3.0,4.0,4.0,3.0,4.0,4.0,3.0,3.0,3.0,,4.0,3.0,4.0,2.0,3.0,3.0,3.0,3.0,3.0,2.0,4.0
365,32,2,3,1,1,3.0,4.0,4.0,4.0,4.0,3.0,3.0,4.0,3.0,4.0,4.0,4.0,3.0,2.0,3.0,4.0,3.0,3.0,,3.0,3.0
366,51,1,3,1,4,2.0,3.0,3.0,3.0,4.0,3.0,,,2.0,3.0,3.0,,3.0,3.0,2.0,2.0,3.0,3.0,2.0,4.0,4.0
367,38,1,2,2,3,3.0,3.0,3.0,3.0,3.0,3.0,3.0,3.0,3.0,4.0,3.0,3.0,2.0,2.0,4.0,3.0,4.0,2.0,2.0,3.0,4.0
368,36,1,3,2,4,4.0,3.0,,2.0,3.0,3.0,3.0,3.0,3.0,3.0,3.0,2.0,3.0,4.0,3.0,4.0,3.0,3.0,3.0,3.0,3.0
369,57,1,4,3,3,3.0,3.0,3.0,3.0,4.0,4.0,3.0,3.0,3.0,4.0,4.0,3.0,2.0,4.0,3.0,3.0,3.0,4.0,3.0,3.0,2.0
370,32,2,3,1,4,4.0,4.0,3.0,3.0,4.0,3.0,4.0,2.0,5.0,3.0,4.0,3.0,2.0,3.0,3.0,3.0,3.0,3.0,2.0,3.0,3.0
371,39,1,3,1,4,4.0,2.0,3.0,3.0,3.0,4.0,4.0,4.0,3.0,2.0,,4.0,3.0,4.0,3.0,3.0,3.0,4.0,4.0,2.0,3.0
372,56,1,4,2,4,4.0,3.0,2.0,3.0,3.0,2.0,4.0,4.0,3.0,3.0,3.0,3.0,2.0,3.0,3.0,4.0,3.0,3.0,4.0,5.0,3.0
373,43,1,4,2,1,3.0,3.0,3.0,3.0,4.0,5.0,4.0,,4.0,,4.0,4.0,2.0,4.0,3.0,3.0,2.0,3.0,3.0,2.0,2.0
374,22,2,2,1,5,4.0,2.0,2.0,3.0,4.0,4.0,4.0,3.0,4.0,4.0,4.0,3.0,4.0,3.0,4.0,4.0,4.0,2.0,4.0,3.0,3.0
375,36,1,2,1,4,4.0,4.0,5.0,3.0,3.0,4.0,4.0,3.0,3.0,4.0,3.0,3.0,3.0,4.0,3.0,3.0,4.0,2.0,4.0,3.0,3.0
376,58,1,3,2,3,4.0,4.0,3.0,4.0,,4.0,4.0,2.0,3.0,3.0,4.0,3.0,3.0,2.0,3.0,3.0,3.0,3.0,2.0,3.0,2.0
377,43,1,3,2,5,1.0,3.0,2.0,3.0,4.0,2.0,4.0,3.0,4.0,3.0,3.0,4.0,3.0,3.0,2.0,2.0,2.0,4.0,4.0,3.0,2.0
378,39,1,4,2,4,3.0,5.0,5.0,4.0,4.0,3.0,3.0,3.0,,4.0,4.0,2.0,3.0,3.0,4.0,3.0,4.0,3.0,3.0,3.0,5.0
379,49,1,4,1,3,3.0,4.0,3.0,2.0,3.0,4.0,3.0,1.0,4.0,3.0,3.0,3.0,3.0,5.0,,3.0,,3.0,,3.0,4.0
380,52,1,2,1,4,2.0,4.0,3.0,4.0,4.0,,3.0,2.0,3.0,3.0,4.0,3.0,4.0,3.0,3.0,3.0,,3.0,3.0,4.0,2.0
381,33,2,1,2,2,4.0,,3.0,4.0,,,4.0,3.0,3.0,4.0,3.0,4.0,2.0,3.0,3.0,4.0,2.0,2.0,3.0,2.0,3.0
382,54,2,2,2,3,2.0,4.0,4.0,3.0,3.0,,4.0,3.0,3.0,4.0,1.0,3.0,4.0,4.0,3.0,3.0,3.0,4.0,2.0,4.0,3.0
383,30,2,4,2,3,3.0,3.0,5.0,3.0,4.0,3.0,4.0,3.0,4.0,3.0,3.0,3.0,3.0,3.0,3.0,4.0,,2.0,3.0,3.0,3.0
384,38,2,4,1,2,2.0,3.0,3.0,4.0,3.0,3.0,3.0,,3.0,4.0,5.0,3.0,3.0,4.0,3.0,4.0,3.0,2.0,3.0,4.0,4.0
385,18,1,2,1,4,4.0,4.0,3.0,2.0,3.0,3.0,3.0,3.0,3.0,3.0,3.0,4.0,4.0,4.0,2.0,4.0,3.0,2.0,2.0,3.0,4.0
386,37,1,3,2,3,3.0,,3.0,2.0,3.0,3.0,3.0,2.0,4.0,3.0,3.0,,3.0,3.0,3.0,3.0,3.0,3.0,4.0,3.0,3.0
387,31,2,3,4,5,3.0,3.0,3.0,3.0,3.0,2.0,,4.0,3.0,3.0,4.0,2.0,3.0,3.0,3.0,4.0,3.0,4.0,4.0,2.0,3.0
388,43,1,4,2,2,4.0,4.0,5.0,3.0,3.0,3.0,3.0,4.0,3.0,3.0,3.0,3.0,3.0,3.0,3.0,3.0,4.0,2.0,4.0,3.0,3.0
389,39,2,4,1,3,,3.0,,5.0,,2.0,3.0,4.0,3.0,3.0,3.0,4.0,3.0,4.0,2.0,4.0,,2.0,4.0,3.0,3.0
390,29,2,3,1,2,2.0,,4.0,2.0,3.0,2.0,3.0,3.0,4.0,3.0,4.0,4.0,4.0,4.0,2.0,4.0,2.0,2.0,3.0,1.0,3.0
391,60,2,1,1,2,4.0,4.0,2.0,4.0,3.0,3.0,3.0,4.0,2.0,4.0,3.0,3.0,3.0,3.0,4.0,2.0,2.0,2.0,3.0,4.0,4.0
392,29,2,2,2,2,3.0,2.0,4.0,3.0,3.0,4.0,3.0,3.0,,3.0,3.0,3.0,3.0,3.0,2.0,4.0,2.0,4.0,3.0,3.0,4.0
393,50,2,4,2,1,4.0,5.0,4.0,2.0,3.0,4.0,3.0,4.0,2.0,4.0,3.0,3.0,4.0,4.0,3.0,3.0,3.0,4.0,4.0,2.0,3.0
394,39,2,1,4,2,2.0,4.0,2.0,3.0,3.0,3.0,4.0,3.0,4.0,2.0,3.0,3.0,3.0,3.0,2.0,4.0,3.0,2.0,4.0,4.0,4.0
395,39,2,3,2,3,3.0,3.0,4.0,3.0,5.0,4.0,3.0,4.0,,4.0,4.0,3.0,3.0,3.0,3.0,,3.0,3.0,3.0,4.0,4.0
396,43,1,3,1,4,4.0,4.0,3.0,3.0,3.0,,3.0,2.0,3.0,3.0,3.0,3.0,2.0,3.0,4.0,3.0,2.0,3.0,2.0,3.0,3.0
397,53,2,3,2,3,4.0,3.0,4.0,3.0,4.0,4.0,5.0,3.0,4.0,3.0,4.0,2.0,3.0,4.0,4.0,2.0,2.0,3.0,5.0,3.0,2.0
398,22,2,3,1,4,3.0,3.0,3.0,3.0,3.0,3.0,4.0,2.0,2.0,4.0,2.0,3.0,4.0,4.0,3.0,,3.0,4.0,2.0,3.0,3.0
399,59,1,2,2,5,3.0,3.0,3.0,3.0,3.0,3.0,3.0,3.0,3.0,3.0,3.0,3.0,3.0,3.0,3.0,3.0,3.0,3.0,3.0,3.0,3.0
400,18,1,3,1,2,4.0,4.0,,3.0,3.0,5.0,3.0,4.0,3.0,3.0,3.0,3.0,3.0,4.0,3.0,3.0,4.0,3.0,4.0,2.0,3.0
401,30,1,3,4,1,4.0,4.0,3.0,4.0,,3.0,3.0,3.0,4.0,3.0,4.0,3.0,3.0,4.0,4.0,2.0,4.0,2.0,3.0,3.0,4.0
402,25,1,4,1,2,3.0,3.0,,3.0,,2.0,3.0,3.0,4.0,4.0,,4.0,4.0,2.0,3.0,2.0,4.0,3.0,3.0,3.0,2.0
403,45,1,4,4,1,3.0,2.0,3.0,2.0,4.0,3.0,3.0,3.0,2.0,4.0,2.0,3.0,3.0,,2.0,3.0,2.0,3.0,2.0,3.0,4.0
404,40,2,2,1,2,2.0,3.0,4.0,3.0,4.0,,4.0,3.0,3.0,4.0,3.0,3.0,,3.0,1.0,3.0,2.0,4.0,3.0,3.0,2.0
405,22,2,2,1,1,3.0,4.0,3.0,3.0,4.0,3.0,4.0,3.0,4.0,3.0,3.0,3.0,3.0,4.0,4.0,,3.0,3.0,4.0,3.0,4.0
406,60,2,4,2,4,3.0,3.0,3.0,3.0,3.0,3.0,3.0,4.0,3.0,4.0,4.0,3.0,3.0,,3.0,3.0,2.0,,3.0,3.0,3.0
407,38,1,2,1,1,5.0,4.0,2.0,5.0,3.0,3.0,4.0,3.0,4.0,4.0,3.0,4.0,5.0,4.0,4.0,4.0,2.0,3.0,3.0,4.0,2.0
408,34,1,4,2,5,5.0,4.0,4.0,4.0,4.0,3.0,3.0,4.0,3.0,2.0,4.0,2.0,3.0,3.0,4.0,3.0,2.0,3.0,3.0,,4.0
409,44,2,4,3,1,4.0,4.0,4.0,2.0,3.0,2.0,4.0,2.0,4.0,4.0,4.0,3.0,4.0,4.0,3.0,3.0,3.0,3.0,3.0,4.0,3.0
410,43,1,4,2,1,4.0,3.0,4.0,,4.0,3.0,3.0,3.0,4.0,4.0,2.0,3.0,3.0,3.0,3.0,2.0,4.0,4.0,1.0,4.0,2.0
411,29,1,2,1,3,3.0,2.0,4.0,3.0,3.0,5.0,3.0,3.0,3.0,2.0,2.0,3.0,4.0,3.0,3.0,3.0,3.0,1.0,3.0,3.0,3.0
412,29,1,2,1,1,4.0,3.0,4.0,2.0,,4.0,,3.0,3.0,2.0,2.0,3.0,3.0,3.0,2.0,2.0,,3.0,3.0,3.0,4.0
413,28,2,3,3,3,,4.0,4.0,4.0,3.0,3.0,,3.0,4.0,4.0,3.0,4.0,3.0,3.0,2.0,4.0,4.0,1.0,4.0,3.0,2.0
414,31,2,3,3,3,3.0,4.0,3.0,3.0,3.0,,4.0,3.0,4.0,3.0,3.0,3.0,5.0,2.0,3.0,4.0,3.0,3.0,4.0,3.0,3.0
415,23,1,3,1,5,3.0,4.0,4.0,4.0,3.0,4.0,4.0,2.0,2.0,,3.0,4.0,3.0,2.0,3.0,3.0,3.0,2.0,4.0,3.0,2.0
416,36,2,3,4,2,3.0,4.0,4.0,2.0,3.0,5.0,,2.0,4.0,3.0,4.0,4.0,2.0,3.0,3.0,3.0,4.0,3.0,3.0,4.0,2.0
417,56,1,3,1,1,4.0,3.0,4.0,3.0,1.0,3.0,2.0,4.0,4.0,4.0,4.0,4.0,4.0,5.0,4.0,3.0,3.0,3.0,5.0,4.0,3.0
418,32,1,3,4,5,3.0,4.0,3.0,4.0,3.0,4.0,3.0,4.0,3.0,,2.0,3.0,5.0,,2.0,3.0,4.0,4.0,3.0,3.0,4.0
419,53,2,2,3,4,2.0,3.0,4.0,4.0,3.0,4.0,5.0,3.0,4.0,3.0,,3.0,2.0,4.0,3.0,3.0,3.0,1.0,3.0,,3.0
420,58,1,3,1,1,3.0,3.0,4.0,2.0,4.0,4.0,2.0,3.0,4.0,4.0,3.0,2.0,3.0,4.0,3.0,2.0,4.0,3.0,3.0,4.0,2.0
421,31,1,2,1,2,,3.0,3.0,4.0,3.0,2.0,,3.0,3.0,4.0,3.0,3.0,3.0,3.0,3.0,2.0,,3.0,3.0,3.0,2.0
422,50,1,3,1,3,3.0,,3.0,3.0,4.0,4.0,4.0,3.0,4.0,,3.0,3.0,3.0,3.0,2.0,,3.0,3.0,3.0,3.0,4.0
423,44,1,3,2,4,4.0,3.0,3.0,4.0,3.0,2.0,3.0,3.0,4.0,3.0,2.0,3.0,1.0,3.0,2.0,2.0,4.0,1.0,3.0,3.0,3.0
424,27,1,3,1,3,4.0,4.0,4.0,3.0,2.0,3.0,2.0,2.0,3.0,,4.0,3.0,,3.0,4.0,,3.0,1.0,3.0,2.0,1.0
425,49,2,2,2,1,3.0,4.0,2.0,3.0,3.0,3.0,4.0,4.0,4.0,3.0,3.0,3.0,3.0,3.0,4.0,2.0,4.0,3.0,3.0,5.0,2.0
426,50,1,2,1,4,4.0,2.0,4.0,4.0,3.0,,4.0,3.0,4.0,3.0,2.0,3.0,5.0,3.0,3.0,4.0,2.0,3.0,3.0,3.0,
427,40,2,2,2,4,3.0,2.0,2.0,4.0,3.0,3.0,2.0,3.0,3.0,3.0,4.0,3.0,4.0,4.0,5.0,3.0,2.0,2.0,1.0,2.0,1.0
428,22,2,3,2,3,3.0,4.0,3.0,3.0,3.0,4.0,4.0,4.0,3.0,4.0,3.0,3.0,3.0,2.0,1.0,3.0,3.0,2.0,3.0,1.0,3.0
429,53,1,2,2,4,4.0,,2.0,3.0,4.0,4.0,3.0,4.0,2.0,2.0,4.0,3.0,4.0,3.0,,3.0,3.0,3.0,2.0,3.0,
430,33,2,4,1,3,3.0,3.0,3.0,4.0,4.0,4.0,3.0,3.0,3.0,3.0,5.0,4.0,3.0,4.0,3.0,4.0,3.0,,2.0,3.0,3.0
431,41,1,3,2,3,4.0,,3.0,3.0,4.0,4.0,,,3.0,3.0,4.0,4.0,3.0,4.0,4.0,2.0,4.0,2.0,2.0,2.0,3.0
432,40,1,4,4,1,3.0,3.0,3.0,,4.0,4.0,4.0,4.0,4.0,4.0,4.0,3.0,4.0,3.0,2.0,2.0,4.0,4.0,2.0,3.0,3.0
433,58,2,2,1,2,3.0,3.0,4.0,5.0,4.0,3.0,3.0,3.0,3.0,2.0,4.0,,4.0,2.0,3.0,4.0,3.0,3.0,3.0,2.0,3.0
434,34,1,2,2,1,2.0,4.0,4.0,3.0,,3.0,3.0,3.0,,2.0,3.0,3.0,3.0,4.0,3.0,3.0,2.0,3.0,2.0,2.0,4.0
435,58,2,2,1,3,3.0,3.0,4.0,3.0,4.0,3.0,4.0,5.0,3.0,3.0,3.0,,3.0,3.0,3.0,2.0,3.0,3.0,4.0,4.0,3.0
436,41,1,3,4,5,3.0,3.0,3.0,4.0,3.0,2.0,4.0,4.0,3.0,4.0,2.0,4.0,,4.0,4.0,4.0,4.0,2.0,4.0,2.0,3.0
437,34,2,3,2,1,4.0,3.0,3.0,,4.0,2.0,4.0,4.0,3.0,4.0,3.0,,3.0,4.0,4.0,3.0,4.0,3.0,3.0,3.0,3.0
438,59,2,1,1,3,4.0,4.0,2.0,4.0,3.0,3.0,5.0,3.0,2.0,3.0,3.0,3.0,3.0,2.0,4.0,3.0,,3.0,3.0,4.0,3.0
439,38,1,2,3,4,4.0,4.0,3.0,3.0,2.0,5.0,3.0,2.0,3.0,3.0,,3.0,3.0,4.0,2.0,4.0,4.0,3.0,2.0,4.0,2.0
440,55,2,4,4,1,4.0,2.0,2.0,3.0,5.0,4.0,3.0,3.0,3.0,4.0,4.0,2.0,2.0,3.0,3.0,2.0,3.0,2.0,3.0,3.0,3.0
441,39,1,2,2,3,3.0,3.0,3.0,4.0,3.0,5.0,,4.0,4.0,4.0,3.0,5.0,3.0,3.0,4.0,4.0,3.0,2.0,3.0,2.0,3.0
442,28,1,3,1,5,3.0,3.0,3.0,,4.0,3.0,3.0,4.0,3.0,1.0,5.0,4.0,3.0,4.0,3.0,4.0,2.0,4.0,3.0,2.0,4.0
443,40,1,2,1,3,3.0,5.0,4.0,2.0,4.0,3.0,4.0,3.0,3.0,4.0,3.0,3.0,3.0,4.0,4.0,2.0,3.0,3.0,4.0,3.0,3.0
444,24,2,2,2,3,3.0,3.0,3.0,3.0,4.0,3.0,3.0,4.0,3.0,3.0,3.0,3.0,3.0,3.0,2.0,3.0,3.0,4.0,4.0,,4.0
445,50,2,3,1,3,3.0,2.0,3.0,3.0,3.0,3.0,3.0,3.0,3.0,3.0,3.0,3.0,3.0,3.0,4.0,3.0,2.0,3.0,3.0,3.0,3.0
446,23,2,3,3,2,3.0,,5.0,4.0,3.0,4.0,4.0,3.0,4.0,3.0,4.0,3.0,4.0,2.0,4.0,3.0,3.0,4.0,2.0,4.0,3.0
447,30,1,3,1,1,2.0,4.0,3.0,4.0,4.0,3.0,2.0,4.0,4.0,3.0,3.0,3.0,4.0,3.0,3.0,3.0,4.0,,2.0,4.0,3.0
448,41,2,3,2,3,4.0,4.0,3.0,4.0,3.0,2.0,2.0,4.0,3.0,3.0,2.0,4.0,3.0,4.0,3.0,3.0,4.0,3.0,4.0,3.0,3.0
449,51,2,3,2,3,4.0,4.0,3.0,5.0,,4.0,4.0,3.0,3.0,4.0,3.0,3.0,4.0,3.0,3.0,,3.0,2.0,3.0,4.0,
450,38,1,3,1,2,2.0,4.0,3.0,,4.0,4.0,3.0,4.0,,3.0,3.0,2.0,4.0,3.0,3.0,3.0,3.0,2.0,3.0,2.0,2.0
451,18,1,4,2,1,2.0,3.0,4.0,4.0,3.0,3.0,3.0,3.0,4.0,4.0,3.0,4.0,5.0,3.0,3.0,3.0,5.0,3.0,2.0,4.0,4.0
452,49,1,3,1,1,,4.0,5.0,5.0,1.0,4.0,4.0,4.0,3.0,3.0,3.0,2.0,2.0,4.0,4.0,3.0,3.0,3.0,2.0,3.0,4.0
453,43,2,4,3,3,3.0,2.0,3.0,3.0,4.0,2.0,4.0,3.0,4.0,3.0,3.0,4.0,2.0,3.0,5.0,3.0,3.0,2.0,3.0,,3.0
454,28,2,3,2,1,4.0,3.0,3.0,3.0,3.0,3.0,2.0,4.0,3.0,2.0,3.0,5.0,3.0,3.0,4.0,3.0,2.0,3.0,4.0,2.0,2.0
455,25,2,1,2,4,4.0,3.0,3.0,3.0,4.0,3.0,4.0,,3.0,2.0,4.0,3.0,4.0,2.0,4.0,4.0,3.0,3.0,3.0,3.0,4.0
456,55,1,3,4,4,4.0,4.0,3.0,3.0,2.0,4.0,3.0,4.0,3.0,3.0,,2.0,3.0,3.0,3.0,2.0,3.0,3.0,2.0,,3.0
457,50,1,3,1,1,3.0,5.0,2.0,2.0,3.0,3.0,3.0,3.0,5.0,3.0,3.0,3.0,2.0,2.0,2.0,3.0,3.0,3.0,2.0,2.0,4.0
458,18,1,3,4,4,3.0,4.0,4.0,4.0,4.0,,5.0,5.0,3.0,3.0,3.0,3.0,3.0,3.0,3.0,3.0,3.0,3.0,3.0,2.0,3.0
459,49,1,3,1,1,,5.0,3.0,3.0,4.0,3.0,4.0,3.0,4.0,3.0,4.0,2.0,3.0,3.0,2.0,,3.0,2.0,3.0,2.0,5.0
460,48,1,2,1,5,3.0,3.0,2.0,3.0,3.0,3.0,5.0,4.0,4.0,5.0,3.0,4.0,,4.0,,2.0,2.0,3.0,3.0,3.0,2.0
461,52,2,4,3,2,2.0,,3.0,4.0,3.0,4.0,4.0,3.0,3.0,2.0,,3.0,3.0,3.0,3.0,4.0,3.0,3.0,3.0,2.0,2.0
462,26,2,3,3,2,3.0,3.0,4.0,4.0,3.0,4.0,4.0,4.0,4.0,3.0,2.0,4.0,2.0,2.0,4.0,4.0,2.0,2.0,3.0,2.0,2.0
463,49,2,4,1,1,2.0,3.0,3.0,4.0,,3.0,4.0,5.0,3.0,3.0,,4.0,,4.0,3.0,2.0,4.0,2.0,3.0,4.0,2.0
464,47,1,4,1,2,3.0,4.0,,3.0,4.0,,3.0,3.0,3.0,2.0,,,2.0,3.0,4.0,2.0,3.0,3.0,3.0,4.0,3.0
465,34,1,1,1,5,2.0,2.0,1.0,3.0,4.0,,4.0,3.0,,3.0,3.0,3.0,3.0,3.0,1.0,4.0,2.0,3.0,3.0,3.0,2.0
466,30,2,3,2,3,2.0,4.0,4.0,4.0,3.0,2.0,3.0,5.0,3.0,2.0,3.0,2.0,,3.0,3.0,2.0,3.0,3.0,4.0,4.0,3.0
467,21,2,1,3,3,,3.0,4.0,4.0,4.0,3.0,3.0,,3.0,,3.0,4.0,3.0,3.0,3.0,2.0,3.0,2.0,4.0,3.0,2.0
468,27,2,4,1,2,4.0,3.0,4.0,2.0,3.0,3.0,3.0,4.0,3.0,1.0,4.0,4.0,3.0,3.0,3.0,3.0,3.0,3.0,2.0,3.0,4.0
469,26,2,3,1,3,3.0,4.0,4.0,3.0,4.0,3.0,4.0,3.0,3.0,3.0,4.0,3.0,4.0,4.0,2.0,3.0,4.0,2.0,3.0,3.0,2.0
470,40,2,4,2,3,3.0,2.0,4.0,4.0,3.0,3.0,4.0,3.0,4.0,4.0,3.0,3.0,4.0,3.0,4.0,4.0,3.0,3.0,1.0,3.0,3.0
471,33,1,3,1,1,3.0,4.0,2.0,3.0,3.0,4.0,3.0,2.0,,3.0,3.0,3.0,4.0,3.0,3.0,2.0,4.0,2.0,3.0,3.0,3.0
472,52,2,2,1,3,2.0,3.0,2.0,3.0,3.0,3.0,4.0,3.0,3.0,3.0,4.0,4.0,4.0,4.0,2.0,3.0,3.0,3.0,3.0,3.0,
473,38,2,3,1,1,4.0,4.0,3.0,3.0,4.0,4.0,3.0,3.0,3.0,2.0,4.0,4.0,3.0,4.0,2.0,4.0,2.0,,,3.0,3.0
474,23,1,3,2,4,3.0,,4.0,3.0,3.0,4.0,3.0,3.0,,4.0,3.0,3.0,3.0,3.0,3.0,2.0,5.0,4.0,3.0,3.0,3.0
475,39,1,2,1,3,3.0,,,3.0,5.0,4.0,4.0,3.0,,4.0,4.0,3.0,4.0,4.0,3.0,4.0,3.0,3.0,,5.0,4.0
476,32,2,2,2,2,4.0,3.0,4.0,5.0,4.0,3.0,5.0,4.0,3.0,3.0,4.0,4.0,2.0,3.0,1.0,3.0,3.0,4.0,3.0,3.0,4.0
477,29,1,3,1,3,1.0,2.0,3.0,4.0,4.0,3.0,4.0,3.0,4.0,2.0,3.0,4.0,4.0,3.0,3.0,4.0,2.0,,3.0,3.0,5.0
478,26,2,2,2,2,4.0,,4.0,5.0,3.0,,2.0,3.0,3.0,2.0,2.0,3.0,3.0,3.0,3.0,,3.0,3.0,3.0,2.0,2.0
479,40,2,4,2,2,5.0,4.0,4.0,3.0,3.0,3.0,3.0,4.0,4.0,3.0,4.0,3.0,4.0,4.0,2.0,2.0,3.0,4.0,2.0,3.0,3.0
480,34,1,3,1,5,,3.0,4.0,3.0,4.0,3.0,3.0,3.0,,2.0,4.0,3.0,2.0,4.0,4.0,4.0,2.0,3.0,1.0,3.0,3.0
481,20,2,4,3,4,4.0,4.0,4.0,4.0,4.0,4.0,3.0,3.0,3.0,5.0,2.0,4.0,4.0,3.0,3.0,,2.0,3.0,2.0,4.0,3.0
482,41,1,3,1,3,3.0,3.0,3.0,4.0,3.0,2.0,2.0,4.0,4.0,3.0,4.0,3.0,4.0,4.0,4.0,2.0,3.0,3.0,3.0,3.0,3.0
483,30,1,2,3,3,4.0,3.0,2.0,1.0,4.0,2.0,5.0,2.0,3.0,3.0,3.0,,3.0,2.0,3.0,2.0,2.0,2.0,2.0,1.0,3.0
484,56,2,3,1,2,4.0,4.0,3.0,2.0,3.0,4.0,3.0,2.0,3.0,3.0,,3.0,4.0,,3.0,4.0,3.0,3.0,4.0,3.0,4.0
485,44,2,3,3,1,3.0,4.0,3.0,4.0,4.0,3.0,4.0,4.0,2.0,,3.0,4.0,3.0,4.0,3.0,2.0,3.0,4.0,2.0,,
486,53,1,1,3,3,2.0,,3.0,3.0,3.0,3.0,4.0,2.0,4.0,3.0,4.0,3.0,,3.0,3.0,4.0,2.0,3.0,3.0,3.0,4.0
487,21,1,4,2,3,3.0,5.0,,4.0,3.0,5.0,4.0,2.0,4.0,4.0,3.0,2.0,3.0,3.0,3.0,3.0,1.0,3.0,2.0,2.0,2.0
488,29,1,3,3,3,2.0,4.0,4.0,2.0,3.0,4.0,2.0,3.0,3.0,4.0,,3.0,5.0,2.0,3.0,3.0,4.0,3.0,3.0,3.0,3.0
489,59,2,4,1,2,3.0,4.0,3.0,4.0,3.0,4.0,3.0,3.0,4.0,4.0,3.0,4.0,3.0,3.0,2.0,3.0,3.0,2.0,2.0,3.0,2.0
490,56,1,3,1,4,3.0,3.0,3.0,3.0,3.0,3.0,3.0,3.0,3.0,3.0,3.0,3.0,3.0,3.0,3.0,3.0,3.0,3.0,3.0,3.0,3.0
491,59,1,3,1,2,1.0,5.0,4.0,4.0,3.0,3.0,,2.0,4.0,4.0,3.0,2.0,3.0,4.0,,2.0,4.0,3.0,5.0,2.0,2.0
492,23,2,1,2,3,3.0,2.0,2.0,3.0,4.0,3.0,4.0,4.0,4.0,,2.0,3.0,3.0,3.0,3.0,4.0,3.0,4.0,4.0,2.0,3.0
493,29,2,3,1,4,5.0,4.0,5.0,4.0,4.0,2.0,3.0,2.0,4.0,2.0,4.0,2.0,2.0,3.0,2.0,3.0,4.0,3.0,3.0,1.0,2.0
494,31,1,4,2,2,3.0,3.0,3.0,3.0,,5.0,4.0,3.0,2.0,4.0,2.0,5.0,4.0,4.0,3.0,1.0,4.0,3.0,3.0,3.0,2.0
495,18,1,2,2,1,,3.0,,4.0,4.0,3.0,3.0,4.0,4.0,4.0,3.0,5.0,4.0,2.0,,4.0,2.0,3.0,2.0,2.0,4.0
496,18,1,1,1,3,4.0,3.0,3.0,4.0,,3.0,,4.0,3.0,3.0,2.0,4.0,3.0,3.0,3.0,4.0,3.0,4.0,3.0,3.0,4.0
497,55,1,4,1,2,4.0,4.0,,3.0,4.0,2.0,4.0,3.0,3.0,3.0,4.0,2.0,4.0,5.0,,2.0,4.0,3.0,3.0,2.0,3.0
498,30,1,2,3,2,3.0,4.0,3.0,4.0,5.0,3.0,3.0,5.0,4.0,3.0,2.0,4.0,3.0,3.0,3.0,3.0,2.0,3.0,2.0,3.0,3.0
499,31,1,3,1,3,3.0,4.0,2.0,2.0,3.0,2.0,3.0,2.0,3.0,4.0,5.0,3.0,4.0,5.0,2.0,3.0,4.0,2.0,4.0,3.0,2.0
500,33,2,2,2,2,2.0,4.0,4.0,2.0,2.0,4.0,3.0,4.0,3.0,2.0,3.0,3.0,4.0,4.0,3.0,3.0,3.0,4.0,4.0,2.0,3.0
501,51,1,2,1,2,4.0,4.0,4.0,4.0,4.0,4.0,4.0,4.0,4.0,4.0,4.0,4.0,4.0,4.0,4.0,4.0,4.0,4.0,4.0,4.0,4.0
502,30,1,3,1,1,4.0,3.0,4.0,2.0,4.0,3.0,3.0,4.0,3.0,4.0,4.0,3.0,3.0,3.0,2.0,2.0,4.0,4.0,4.0,4.0,4.0
503,48,2,1,1,2,3.0,2.0,3.0,3.0,4.0,5.0,3.0,2.0,3.0,4.0,2.0,3.0,4.0,4.0,3.0,3.0,4.0,3.0,3.0,,3.0
504,41,1,3,1,5,5.0,3.0,4.0,4.0,5.0,3.0,2.0,3.0,4.0,3.0,5.0,3.0,3.0,4.0,3.0,2.0,3.0,4.0,3.0,3.0,3.0
505,41,2,3,1,1,5.0,4.0,4.0,2.0,4.0,4.0,3.0,3.0,3.0,3.0,4.0,4.0,4.0,,4.0,3.0,3.0,2.0,3.0,1.0,
506,20,1,2,4,3,3.0,4.0,3.0,3.0,2.0,2.0,3.0,4.0,4.0,3.0,3.0,3.0,4.0,3.0,,2.0,2.0,2.0,3.0,3.0,2.0
507,28,2,3,1,4,3.0,3.0,4.0,4.0,3.0,3.0,4.0,3.0,2.0,2.0,4.0,3.0,3.0,3.0,4.0,,4.0,3.0,3.0,3.0,
508,30,1,2,2,3,5.0,4.0,4.0,2.0,3.0,,4.0,,5.0,3.0,4.0,3.0,3.0,4.0,4.0,3.0,3.0,3.0,3.0,4.0,3.0
509,59,1,4,2,5,3.0,3.0,5.0,4.0,2.0,3.0,4.0,2.0,3.0,3.0,3.0,4.0,4.0,2.0,3.0,2.0,3.0,2.0,4.0,3.0,4.0
510,26,2,4,2,3,4.0,3.0,4.0,4.0,3.0,3.0,,3.0,4.0,2.0,4.0,3.0,4.0,3.0,3.0,3.0,3.0,4.0,3.0,3.0,2.0
511,44,1,3,2,3,4.0,3.0,4.0,4.0,5.0,3.0,3.0,3.0,5.0,4.0,4.0,4.0,3.0,3.0,3.0,3.0,1.0,3.0,2.0,4.0,2.0
512,23,2,2,3,4,2.0,4.0,5.0,3.0,3.0,4.0,3.0,3.0,4.0,3.0,3.0,4.0,4.0,3.0,2.0,3.0,2.0,,4.0,3.0,4.0
513,21,1,4,1,4,3.0,4.0,4.0,,4.0,2.0,,2.0,,4.0,3.0,5.0,3.0,4.0,2.0,,3.0,3.0,3.0,2.0,3.0
514,27,2,2,2,5,3.0,2.0,5.0,4.0,4.0,3.0,3.0,3.0,4.0,4.0,3.0,4.0,5.0,3.0,3.0,4.0,3.0,2.0,3.0,4.0,3.0
515,55,2,3,2,2,3.0,3.0,4.0,5.0,4.0,3.0,3.0,2.0,3.0,4.0,3.0,3.0,4.0,4.0,4.0,3.0,3.0,3.0,2.0,3.0,3.0
516,28,2,3,1,4,2.0,5.0,3.0,4.0,3.0,3.0,3.0,2.0,,4.0,4.0,,2.0,3.0,4.0,3.0,3.0,3.0,2.0,2.0,3.0
517,44,2,3,2,1,2.0,3.0,4.0,3.0,3.0,4.0,4.0,2.0,5.0,3.0,4.0,4.0,4.0,,3.0,,3.0,4.0,2.0,2.0,3.0
518,45,1,3,2,2,3.0,3.0,5.0,3.0,3.0,3.0,4.0,4.0,3.0,5.0,3.0,3.0,3.0,4.0,2.0,4.0,4.0,3.0,,2.0,3.0
519,20,1,2,1,4,2.0,4.0,3.0,4.0,2.0,5.0,3.0,3.0,4.0,3.0,5.0,4.0,3.0,4.0,2.0,3.0,3.0,4.0,2.0,,3.0
520,31,1,3,1,2,3.0,4.0,3.0,3.0,3.0,3.0,3.0,4.0,3.0,2.0,3.0,,4.0,3.0,3.0,2.0,2.0,2.0,3.0,3.0,4.0
521,58,2,3,1,3,5.0,4.0,4.0,4.0,4.0,4.0,5.0,4.0,4.0,2.0,4.0,3.0,4.0,5.0,3.0,3.0,4.0,4.0,3.0,2.0,2.0
522,53,2,3,2,4,4.0,3.0,,3.0,4.0,4.0,3.0,4.0,,2.0,3.0,4.0,4.0,4.0,2.0,3.0,3.0,4.0,3.0,3.0,3.0
523,30,2,3,2,3,2.0,4.0,4.0,5.0,3.0,2.0,3.0,2.0,3.0,4.0,4.0,3.0,2.0,4.0,3.0,3.0,3.0,3.0,2.0,2.0,3.0
524,56,1,4,3,1,4.0,5.0,2.0,5.0,4.0,4.0,3.0,4.0,3.0,4.0,,4.0,3.0,3.0,3.0,2.0,4.0,2.0,,4.0,1.0
525,32,1,3,2,3,4.0,4.0,3.0,2.0,4.0,2.0,4.0,3.0,3.0,3.0,4.0,4.0,3.0,4.0,3.0,3.0,4.0,3.0,3.0,4.0,3.0
526,24,2,4,2,2,3.0,2.0,3.0,4.0,4.0,3.0,3.0,,4.0,4.0,5.0,4.0,4.0,4.0,2.0,2.0,2.0,2.0,3.0,2.0,2.0
527,44,2,3,3,4,3.0,3.0,4.0,4.0,4.0,3.0,3.0,3.0,3.0,4.0,5.0,2.0,2.0,2.0,3.0,3.0,3.0,4.0,4.0,2.0,3.0
528,30,1,2,2,3,4.0,3.0,,3.0,3.0,3.0,2.0,3.0,3.0,2.0,3.0,4.0,3.0,3.0,3.0,2.0,3.0,4.0,4.0,2.0,3.0
529,28,1,2,1,2,3.0,4.0,3.0,3.0,5.0,3.0,3.0,,3.0,3.0,4.0,4.0,2.0,3.0,2.0,3.0,2.0,3.0,4.0,3.0,3.0
530,31,2,3,1,3,4.0,2.0,3.0,3.0,4.0,3.0,4.0,3.0,4.0,4.0,2.0,,3.0,2.0,3.0,2.0,2.0,3.0,4.0,3.0,2.0
531,26,1,4,1,1,3.0,3.0,3.0,3.0,3.0,4.0,3.0,3.0,4.0,4.0,2.0,3.0,4.0,,3.0,4.0,4.0,4.0,4.0,4.0,3.0
532,22,2,3,4,3,,3.0,2.0,4.0,4.0,4.0,4.0,4.0,2.0,3.0,3.0,3.0,4.0,3.0,3.0,3.0,3.0,3.0,2.0,4.0,4.0
533,24,2,3,2,2,2.0,3.0,3.0,3.0,4.0,4.0,4.0,4.0,4.0,4.0,4.0,4.0,3.0,3.0,3.0,3.0,4.0,3.0,4.0,3.0,3.0
534,35,1,2,3,2,4.0,3.0,3.0,3.0,4.0,4.0,5.0,4.0,3.0,2.0,2.0,3.0,3.0,3.0,3.0,3.0,2.0,,4.0,4.0,4.0
535,18,2,4,2,3,3.0,4.0,4.0,3.0,3.0,,4.0,3.0,3.0,2.0,3.0,3.0,3.0,2.0,4.0,3.0,4.0,3.0,,4.0,4.0
536,26,2,4,2,2,4.0,5.0,4.0,3.0,,4.0,4.0,2.0,2.0,3.0,3.0,4.0,3.0,3.0,4.0,4.0,3.0,3.0,2.0,2.0,2.0
537,44,1,2,1,2,4.0,3.0,4.0,2.0,,4.0,3.0,4.0,4.0,3.0,4.0,4.0,,3.0,3.0,3.0,2.0,3.0,3.0,3.0,4.0
538,52,2,1,2,4,4.0,4.0,3.0,4.0,4.0,4.0,2.0,2.0,4.0,4.0,3.0,2.0,4.0,4.0,3.0,4.0,4.0,3.0,3.0,2.0,3.0
539,27,1,2,1,2,4.0,,3.0,4.0,2.0,2.0,4.0,3.0,5.0,3.0,3.0,3.0,4.0,3.0,2.0,3.0,,3.0,3.0,3.0,3.0
540,52,1,4,4,1,3.0,3.0,3.0,3.0,3.0,4.0,,3.0,,3.0,4.0,3.0,3.0,4.0,3.0,4.0,4.0,2.0,2.0,3.0,4.0
541,29,1,2,1,4,3.0,2.0,3.0,1.0,,3.0,4.0,2.0,3.0,3.0,3.0,4.0,3.0,,,3.0,2.0,3.0,4.0,4.0,4.0
542,42,1,4,1,5,4.0,4.0,3.0,4.0,3.0,4.0,3.0,4.0,2.0,,4.0,3.0,2.0,2.0,4.0,4.0,3.0,,4.0,3.0,2.0
543,49,2,2,1,4,4.0,3.0,4.0,3.0,4.0,3.0,3.0,4.0,4.0,3.0,,3.0,2.0,3.0,2.0,4.0,3.0,4.0,2.0,3.0,
544,47,1,3,1,2,3.0,3.0,4.0,3.0,2.0,4.0,3.0,3.0,4.0,4.0,4.0,,3.0,,2.0,3.0,3.0,4.0,2.0,3.0,2.0
545,60,1,2,4,2,4.0,4.0,2.0,3.0,3.0,4.0,4.0,4.0,4.0,3.0,3.0,4.0,3.0,3.0,3.0,4.0,3.0,3.0,4.0,3.0,4.0
546,30,1,3,1,2,3.0,3.0,4.0,4.0,3.0,4.0,3.0,3.0,3.0,3.0,3.0,3.0,3.0,3.0,3.0,,2.0,3.0,4.0,3.0,2.0
547,54,2,3,1,1,4.0,3.0,3.0,3.0,2.0,4.0,4.0,3.0,4.0,3.0,4.0,3.0,2.0,3.0,3.0,,3.0,3.0,2.0,3.0,4.0
548,39,2,3,2,3,4.0,4.0,3.0,4.0,4.0,4.0,4.0,4.0,2.0,3.0,4.0,4.0,2.0,3.0,3.0,2.0,4.0,2.0,2.0,4.0,3.0
549,57,1,4,2,1,4.0,4.0,3.0,4.0,3.0,3.0,4.0,3.0,3.0,3.0,3.0,4.0,4.0,3.0,3.0,3.0,4.0,,3.0,4.0,2.0
550,26,2,2,2,2,4.0,2.0,2.0,4.0,3.0,1.0,4.0,3.0,5.0,4.0,1.0,4.0,3.0,,3.0,3.0,2.0,3.0,5.0,3.0,2.0
551,57,1,3,2,3,4.0,3.0,3.0,3.0,3.0,3.0,5.0,3.0,3.0,2.0,2.0,3.0,3.0,3.0,3.0,2.0,,4.0,3.0,4.0,3.0
552,41,1,2,1,3,,3.0,2.0,3.0,3.0,3.0,4.0,3.0,2.0,3.0,4.0,4.0,3.0,4.0,3.0,3.0,3.0,4.0,2.0,3.0,3.0
553,58,1,2,2,1,2.0,3.0,3.0,3.0,2.0,3.0,2.0,3.0,4.0,,4.0,3.0,3.0,3.0,3.0,2.0,3.0,3.0,2.0,3.0,3.0
554,33,2,2,2,3,5.0,3.0,4.0,4.0,4.0,4.0,2.0,,4.0,4.0,4.0,2.0,2.0,4.0,2.0,2.0,2.0,4.0,1.0,3.0,3.0
555,34,2,4,2,2,3.0,2.0,4.0,3.0,3.0,,3.0,2.0,4.0,5.0,3.0,4.0,3.0,3.0,3.0,3.0,4.0,3.0,3.0,3.0,2.0
556,60,1,2,3,5,5.0,4.0,4.0,3.0,5.0,4.0,4.0,4.0,2.0,3.0,3.0,3.0,3.0,3.0,,3.0,3.0,2.0,4.0,3.0,4.0
557,45,1,3,1,1,3.0,5.0,3.0,4.0,3.0,3.0,3.0,4.0,3.0,3.0,3.0,4.0,2.0,3.0,4.0,2.0,4.0,3.0,2.0,3.0,2.0
558,35,1,4,2,2,3.0,4.0,3.0,,3.0,4.0,3.0,4.0,3.0,2.0,3.0,4.0,2.0,3.0,4.0,4.0,4.0,,3.0,3.0,4.0
559,48,2,3,2,4,3.0,4.0,4.0,4.0,3.0,3.0,4.0,4.0,,3.0,4.0,3.0,4.0,3.0,4.0,3.0,2.0,3.0,3.0,3.0,3.0
560,29,2,4,2,5,3.0,4.0,4.0,4.0,3.0,4.0,2.0,4.0,3.0,4.0,2.0,,2.0,3.0,3.0,5.0,3.0,2.0,3.0,3.0,
561,48,2,3,2,5,3.0,3.0,4.0,5.0,3.0,3.0,3.0,3.0,3.0,4.0,4.0,4.0,3.0,3.0,3.0,4.0,4.0,3.0,4.0,3.0,4.0
562,23,1,2,1,1,3.0,3.0,4.0,3.0,5.0,2.0,,2.0,3.0,2.0,5.0,3.0,3.0,3.0,3.0,2.0,,4.0,4.0,3.0,3.0
563,18,1,3,1,4,,2.0,4.0,4.0,3.0,2.0,4.0,3.0,4.0,3.0,4.0,3.0,4.0,3.0,,3.0,2.0,3.0,3.0,2.0,3.0
564,30,1,2,1,1,3.0,3.0,4.0,4.0,5.0,3.0,3.0,3.0,3.0,2.0,3.0,3.0,4.0,3.0,,2.0,4.0,4.0,4.0,3.0,3.0
565,18,2,3,2,3,5.0,2.0,4.0,3.0,3.0,3.0,4.0,3.0,3.0,4.0,3.0,3.0,3.0,3.0,3.0,2.0,2.0,,3.0,2.0,4.0
566,38,2,2,2,2,4.0,3.0,4.0,4.0,3.0,3.0,3.0,5.0,4.0,3.0,3.0,3.0,4.0,3.0,3.0,3.0,3.0,3.0,4.0,3.0,2.0
567,35,1,4,1,4,4.0,3.0,5.0,3.0,3.0,3.0,3.0,4.0,3.0,,3.0,4.0,2.0,3.0,,,4.0,3.0,4.0,3.0,3.0
568,57,2,2,3,2,4.0,2.0,3.0,2.0,4.0,3.0,4.0,3.0,2.0,3.0,3.0,,4.0,3.0,3.0,5.0,3.0,4.0,3.0,3.0,2.0
569,37,2,3,1,5,4.0,4.0,3.0,4.0,3.0,4.0,3.0,3.0,3.0,3.0,3.0,3.0,3.0,2.0,3.0,4.0,3.0,3.0,1.0,3.0,
570,44,2,3,1,3,3.0,4.0,5.0,2.0,4.0,3.0,3.0,3.0,3.0,3.0,4.0,3.0,2.0,3.0,4.0,3.0,3.0,3.0,3.0,2.0,3.0
571,60,1,3,1,4,4.0,4.0,3.0,4.0,3.0,3.0,4.0,,3.0,3.0,4.0,3.0,4.0,3.0,3.0,4.0,3.0,3.0,2.0,2.0,2.0
572,38,2,3,1,4,5.0,5.0,3.0,3.0,4.0,2.0,5.0,3.0,4.0,3.0,4.0,4.0,3.0,4.0,,3.0,4.0,2.0,4.0,3.0,3.0
573,42,1,2,1,2,5.0,3.0,5.0,4.0,4.0,3.0,2.0,2.0,3.0,3.0,4.0,3.0,4.0,3.0,3.0,3.0,2.0,,4.0,3.0,3.0
574,49,1,2,1,1,4.0,3.0,3.0,4.0,5.0,3.0,5.0,,3.0,5.0,5.0,4.0,3.0,4.0,4.0,4.0,3.0,3.0,2.0,3.0,2.0
575,60,1,2,1,2,4.0,4.0,,3.0,3.0,4.0,3.0,3.0,3.0,2.0,3.0,2.0,2.0,2.0,5.0,4.0,2.0,4.0,,4.0,2.0
576,30,2,3,3,1,5.0,3.0,2.0,3.0,2.0,3.0,5.0,3.0,3.0,2.0,4.0,2.0,3.0,4.0,3.0,4.0,1.0,2.0,3.0,1.0,4.0
577,29,2,2,2,1,3.0,4.0,2.0,3.0,4.0,,2.0,,3.0,4.0,2.0,3.0,4.0,4.0,3.0,4.0,2.0,2.0,,2.0,2.0
578,32,1,3,1,1,3.0,4.0,3.0,2.0,2.0,3.0,3.0,3.0,2.0,4.0,4.0,3.0,5.0,4.0,3.0,2.0,3.0,4.0,2.0,,3.0
579,22,2,2,1,3,3.0,4.0,2.0,4.0,3.0,3.0,2.0,4.0,3.0,4.0,3.0,4.0,3.0,,2.0,4.0,2.0,3.0,2.0,4.0,3.0
580,47,2,4,1,3,,4.0,4.0,3.0,4.0,5.0,3.0,3.0,4.0,3.0,4.0,4.0,2.0,4.0,5.0,3.0,2.0,4.0,3.0,3.0,4.0
581,57,2,3,1,5,4.0,3.0,3.0,2.0,3.0,4.0,3.0,3.0,4.0,3.0,3.0,3.0,4.0,3.0,4.0,1.0,3.0,4.0,3.0,3.0,2.0
582,46,2,3,2,5,3.0,3.0,3.0,,2.0,3.0,4.0,3.0,4.0,3.0,3.0,3.0,4.0,4.0,4.0,2.0,3.0,4.0,3.0,2.0,2.0
583,37,2,3,1,3,4.0,4.0,4.0,3.0,4.0,5.0,4.0,3.0,3.0,2.0,4.0,4.0,3.0,2.0,3.0,3.0,3.0,2.0,3.0,3.0,
584,53,2,3,2,3,4.0,1.0,4.0,4.0,3.0,3.0,4.0,4.0,3.0,4.0,3.0,3.0,5.0,2.0,3.0,2.0,2.0,4.0,4.0,3.0,4.0
585,60,1,4,2,5,4.0,4.0,3.0,5.0,4.0,4.0,4.0,4.0,5.0,5.0,3.0,4.0,4.0,4.0,3.0,3.0,5.0,3.0,4.0,3.0,3.0
586,36,1,3,4,4,4.0,3.0,3.0,4.0,3.0,3.0,3.0,3.0,5.0,4.0,3.0,,4.0,4.0,2.0,3.0,4.0,2.0,4.0,,4.0
587,29,2,2,1,5,4.0,3.0,4.0,4.0,4.0,3.0,4.0,3.0,2.0,3.0,4.0,3.0,3.0,4.0,2.0,2.0,3.0,3.0,4.0,2.0,3.0
588,19,2,4,1,5,3.0,4.0,4.0,4.0,5.0,3.0,3.0,4.0,3.0,4.0,3.0,2.0,3.0,3.0,3.0,4.0,3.0,4.0,3.0,4.0,2.0
589,19,1,3,2,1,3.0,4.0,4.0,3.0,4.0,2.0,3.0,3.0,3.0,2.0,4.0,4.0,2.0,3.0,3.0,2.0,3.0,3.0,3.0,2.0,4.0
590,34,1,2,2,2,,4.0,3.0,2.0,3.0,4.0,3.0,3.0,3.0,4.0,3.0,3.0,4.0,3.0,2.0,3.0,3.0,3.0,2.0,2.0,3.0
591,57,1,2,1,3,4.0,4.0,3.0,4.0,4.0,3.0,3.0,2.0,4.0,4.0,3.0,4.0,,3.0,4.0,1.0,4.0,2.0,3.0,3.0,3.0
592,31,1,3,2,1,4.0,4.0,2.0,3.0,,3.0,3.0,3.0,3.0,4.0,4.0,4.0,4.0,3.0,3.0,2.0,2.0,3.0,3.0,2.0,3.0
593,54,1,4,1,3,3.0,3.0,3.0,4.0,4.0,5.0,3.0,4.0,3.0,3.0,4.0,3.0,4.0,3.0,3.0,3.0,4.0,3.0,2.0,3.0,3.0
594,26,2,4,4,2,3.0,4.0,3.0,2.0,3.0,,2.0,4.0,2.0,4.0,3.0,3.0,3.0,4.0,2.0,3.0,2.0,4.0,4.0,3.0,2.0
595,53,2,2,2,5,2.0,4.0,3.0,3.0,3.0,4.0,3.0,4.0,4.0,3.0,4.0,1.0,3.0,3.0,4.0,3.0,3.0,2.0,3.0,3.0,2.0
596,51,1,2,2,2,2.0,4.0,3.0,5.0,2.0,5.0,4.0,4.0,4.0,3.0,3.0,4.0,4.0,4.0,3.0,3.0,3.0,2.0,4.0,4.0,
597,56,1,3,4,2,5.0,3.0,3.0,4.0,3.0,3.0,2.0,4.0,3.0,3.0,4.0,4.0,5.0,4.0,3.0,3.0,2.0,3.0,3.0,4.0,4.0
598,35,2,3,2,5,5.0,4.0,3.0,,3.0,3.0,2.0,4.0,4.0,4.0,3.0,4.0,3.0,4.0,,2.0,3.0,3.0,3.0,4.0,4.0
599,42,1,3,1,1,5.0,3.0,4.0,3.0,4.0,3.0,3.0,5.0,4.0,2.0,3.0,2.0,3.0,3.0,3.0,1.0,4.0,3.0,3.0,3.0,2.0
600,56,1,3,2,3,4.0,4.0,4.0,4.0,4.0,4.0,4.0,4.0,3.0,3.0,3.0,3.0,2.0,3.0,2.0,4.0,1.0,4.0,,3.0,1.0
601,22,1,4,1,3,4.0,4.0,4.0,4.0,4.0,4.0,4.0,4.0,4.0,4.0,4.0,4.0,4.0,4.0,4.0,4.0,4.0,4.0,4.0,4.0,4.0
602,30,2,3,1,1,5.0,3.0,4.0,4.0,3.0,4.0,4.0,4.0,4.0,3.0,3.0,4.0,5.0,3.0,4.0,4.0,2.0,4.0,3.0,3.0,3.0
603,59,2,1,1,2,3.0,4.0,4.0,2.0,4.0,5.0,4.0,3.0,4.0,4.0,4.0,2.0,3.0,3.0,5.0,,3.0,2.0,3.0,2.0,2.0
604,53,1,4,3,1,3.0,3.0,3.0,3.0,3.0,4.0,4.0,,4.0,4.0,3.0,3.0,3.0,3.0,3.0,2.0,2.0,3.0,2.0,2.0,4.0
605,59,1,2,2,3,4.0,5.0,4.0,3.0,3.0,3.0,3.0,3.0,2.0,4.0,3.0,2.0,2.0,3.0,2.0,3.0,3.0,3.0,3.0,3.0,3.0
606,45,1,3,1,5,4.0,3.0,,3.0,4.0,3.0,3.0,3.0,3.0,4.0,3.0,5.0,4.0,4.0,1.0,,3.0,3.0,3.0,4.0,4.0
607,23,2,2,3,1,4.0,4.0,4.0,4.0,4.0,4.0,3.0,4.0,5.0,3.0,4.0,3.0,4.0,4.0,3.0,4.0,2.0,3.0,3.0,2.0,
608,41,1,3,2,4,3.0,4.0,3.0,4.0,3.0,5.0,3.0,2.0,,4.0,3.0,3.0,3.0,4.0,2.0,4.0,3.0,3.0,2.0,4.0,3.0
609,56,1,3,1,1,,2.0,3.0,5.0,5.0,3.0,2.0,2.0,3.0,4.0,3.0,4.0,2.0,,3.0,4.0,4.0,2.0,4.0,4.0,4.0
610,37,1,3,1,1,4.0,3.0,3.0,4.0,4.0,4.0,4.0,3.0,4.0,4.0,4.0,3.0,4.0,3.0,3.0,2.0,4.0,2.0,3.0,2.0,2.0
611,38,1,4,4,2,3.0,3.0,4.0,4.0,4.0,,3.0,,3.0,3.0,3.0,3.0,4.0,5.0,4.0,2.0,3.0,3.0,4.0,3.0,4.0
612,22,2,3,1,4,5.0,3.0,2.0,3.0,5.0,2.0,3.0,4.0,2.0,3.0,4.0,3.0,4.0,2.0,2.0,4.0,4.0,4.0,3.0,4.0,3.0
613,34,1,2,1,2,2.0,4.0,4.0,4.0,4.0,3.0,4.0,4.0,,3.0,3.0,4.0,,2.0,4.0,3.0,2.0,3.0,4.0,3.0,3.0
614,51,2,2,3,2,5.0,3.0,4.0,,4.0,4.0,3.0,3.0,4.0,3.0,3.0,3.0,5.0,3.0,1.0,3.0,3.0,2.0,4.0,3.0,2.0
615,24,2,2,2,2,4.0,4.0,4.0,4.0,4.0,4.0,4.0,4.0,4.0,4.0,4.0,4.0,4.0,4.0,4.0,4.0,4.0,4.0,4.0,4.0,4.0
616,35,1,4,1,2,4.0,5.0,3.0,5.0,2.0,3.0,4.0,,3.0,,2.0,4.0,3.0,4.0,1.0,4.0,3.0,3.0,3.0,,4.0
617,37,2,3,1,3,4.0,4.0,3.0,3.0,,4.0,4.0,3.0,3.0,4.0,,3.0,3.0,3.0,2.0,3.0,2.0,2.0,,3.0,3.0
618,37,2,4,1,1,3.0,4.0,4.0,4.0,2.0,5.0,3.0,3.0,2.0,3.0,2.0,3.0,5.0,4.0,3.0,2.0,3.0,3.0,4.0,4.0,3.0
619,31,2,3,1,2,4.0,2.0,3.0,3.0,4.0,2.0,3.0,4.0,4.0,4.0,3.0,4.0,3.0,3.0,,3.0,2.0,5.0,3.0,1.0,3.0
620,40,2,2,3,1,3.0,2.0,3.0,2.0,3.0,4.0,3.0,,3.0,5.0,3.0,3.0,,2.0,4.0,2.0,4.0,3.0,3.0,2.0,3.0
621,59,2,2,2,3,4.0,4.0,4.0,4.0,4.0,4.0,4.0,4.0,4.0,4.0,4.0,4.0,4.0,4.0,4.0,4.0,4.0,4.0,4.0,4.0,4.0
622,29,1,3,3,3,4.0,3.0,3.0,,3.0,4.0,5.0,3.0,4.0,2.0,3.0,4.0,3.0,4.0,4.0,3.0,4.0,2.0,3.0,2.0,3.0
623,18,1,3,1,3,1.0,1.0,1.0,1.0,1.0,1.0,1.0,1.0,1.0,1.0,1.0,1.0,1.0,1.0,1.0,1.0,1.0,1.0,1.0,1.0,1.0
624,39,2,3,1,2,5.0,5.0,5.0,5.0,5.0,5.0,5.0,5.0,5.0,5.0,5.0,5.0,5.0,5.0,5.0,5.0,5.0,5.0,5.0,5.0,5.0
