ID,Yas,Cinsiyet,Egitim,Medeni_Durum,FD1,FD2,FD3,FD4,FD5,FD6,FD7,FD8,KA1,KA2,KA3,KA4,KA5,KA6,KA7,KA8,OD1,OD2,OD3,OD4,OD5,OD6,OD7,OD8
1,37,2,4,2,3.0,2.0,3.0,,2.0,,4.0,3.0,3.0,3.0,2.0,3.0,4.0,3.0,3.0,3.0,4.0,1.0,2.0,2.0,2.0,,3.0,3.0
2,56,2,2,1,2.0,3.0,3.0,,2.0,3.0,3.0,3.0,4.0,3.0,3.0,2.0,2.0,3.0,,2.0,2.0,4.0,,3.0,3.0,3.0,3.0,2.0
3,43,1,3,3,,4.0,,4.0,3.0,1.0,3.0,3.0,,4.0,2.0,,3.0,3.0,3.0,3.0,3.0,3.0,3.0,4.0,3.0,3.0,3.0,
4,47,1,3,1,4.0,4.0,3.0,3.0,2.0,4.0,3.0,4.0,,2.0,2.0,2.0,4.0,,2.0,4.0,4.0,2.0,,3.0,5.0,3.0,3.0,3.0
5,61,1,2,2,3.0,4.0,4.0,4.0,3.0,2.0,2.0,2.0,3.0,2.0,4.0,3.0,3.0,3.0,4.0,,3.0,3.0,2.0,2.0,2.0,2.0,3.0,3.0
6,21,1,3,2,4.0,3.0,3.0,3.0,3.0,4.0,3.0,3.0,3.0,3.0,4.0,2.0,3.0,3.0,2.0,4.0,4.0,3.0,3.0,4.0,4.0,2.0,2.0,3.0
7,37,1,3,2,3.0,4.0,4.0,4.0,3.0,3.0,3.0,4.0,4.0,3.0,3.0,3.0,4.0,3.0,2.0,3.0,,2.0,2.0,3.0,3.0,2.0,2.0,4.0
8,44,2,3,2,3.0,3.0,,1.0,3.0,3.0,5.0,,,3.0,1.0,2.0,3.0,,2.0,3.0,4.0,2.0,3.0,3.0,1.0,2.0,3.0,3.0
9,54,2,3,1,2.0,3.0,4.0,3.0,2.0,3.0,4.0,2.0,3.0,4.0,,3.0,3.0,,1.0,3.0,4.0,3.0,3.0,3.0,4.0,3.0,4.0,3.0
10,27,1,4,1,3.0,5.0,3.0,4.0,4.0,3.0,2.0,2.0,4.0,3.0,2.0,3.0,3.0,2.0,3.0,3.0,3.0,4.0,,2.0,3.0,3.0,3.0,3.0
11,64,1,3,2,,4.0,2.0,5.0,,3.0,1.0,3.0,2.0,3.0,2.0,3.0,2.0,3.0,3.0,1.0,4.0,2.0,3.0,3.0,3.0,2.0,4.0,3.0
12,55,2,4,3,3.0,,3.0,4.0,4.0,3.0,3.0,4.0,3.0,2.0,3.0,3.0,3.0,3.0,4.0,2.0,2.0,3.0,3.0,2.0,1.0,3.0,2.0,3.0
13,36,1,2,2,,4.0,4.0,4.0,3.0,4.0,3.0,3.0,3.0,3.0,4.0,3.0,2.0,,2.0,2.0,2.0,2.0,3.0,3.0,3.0,2.0,3.0,5.0
14,19,2,4,2,3.0,3.0,2.0,3.0,3.0,2.0,3.0,3.0,3.0,4.0,3.0,4.0,4.0,2.0,3.0,3.0,3.0,3.0,3.0,3.0,3.0,2.0,,3.0
15,19,2,3,1,3.0,4.0,3.0,4.0,5.0,4.0,3.0,3.0,4.0,2.0,3.0,3.0,3.0,3.0,3.0,4.0,3.0,2.0,3.0,4.0,3.0,3.0,2.0,4.0
16,50,2,2,2,5.0,3.0,,4.0,4.0,3.0,3.0,3.0,3.0,2.0,3.0,3.0,1.0,3.0,,3.0,2.0,4.0,3.0,3.0,4.0,4.0,3.0,2.0
17,54,2,3,2,3.0,3.0,3.0,3.0,4.0,3.0,2.0,4.0,4.0,2.0,3.0,3.0,3.0,2.0,2.0,3.0,2.0,3.0,4.0,3.0,2.0,3.0,3.0,5.0
18,18,1,4,1,2.0,3.0,2.0,3.0,2.0,3.0,4.0,3.0,3.0,2.0,,3.0,2.0,3.0,4.0,3.0,,3.0,2.0,5.0,2.0,3.0,3.0,2.0
19,30,1,3,2,,4.0,4.0,3.0,3.0,3.0,3.0,3.0,4.0,3.0,3.0,3.0,3.0,4.0,3.0,2.0,,3.0,5.0,3.0,3.0,2.0,2.0,
20,52,2,3,3,3.0,3.0,4.0,3.0,2.0,3.0,2.0,4.0,3.0,3.0,4.0,2.0,2.0,2.0,3.0,3.0,4.0,3.0,2.0,4.0,3.0,3.0,3.0,4.0
21,21,1,3,3,3.0,4.0,4.0,3.0,3.0,3.0,4.0,,2.0,2.0,3.0,2.0,4.0,3.0,,2.0,4.0,3.0,2.0,2.0,3.0,,3.0,4.0
22,63,2,3,1,3.0,4.0,4.0,3.0,3.0,2.0,4.0,3.0,3.0,3.0,3.0,3.0,3.0,3.0,2.0,3.0,2.0,3.0,2.0,2.0,3.0,3.0,,2.0
23,61,1,3,3,3.0,3.0,4.0,3.0,3.0,1.0,4.0,4.0,3.0,3.0,2.0,3.0,3.0,3.0,3.0,4.0,3.0,4.0,3.0,4.0,5.0,4.0,2.0,3.0
24,55,2,4,1,4.0,4.0,3.0,3.0,3.0,3.0,3.0,3.0,3.0,5.0,3.0,3.0,3.0,4.0,2.0,3.0,3.0,3.0,3.0,4.0,,4.0,3.0,3.0
25,21,1,2,2,2.0,3.0,4.0,3.0,4.0,3.0,3.0,2.0,2.0,4.0,2.0,3.0,,3.0,3.0,2.0,4.0,3.0,3.0,2.0,3.0,3.0,3.0,2.0
26,32,1,3,1,4.0,4.0,3.0,3.0,2.0,,3.0,3.0,3.0,2.0,,3.0,2.0,2.0,3.0,3.0,4.0,4.0,4.0,3.0,3.0,2.0,3.0,2.0
27,36,1,3,1,2.0,3.0,3.0,3.0,2.0,4.0,,4.0,3.0,3.0,3.0,3.0,2.0,3.0,3.0,2.0,3.0,2.0,5.0,2.0,2.0,2.0,2.0,3.0
28,38,1,4,4,2.0,2.0,2.0,3.0,3.0,3.0,4.0,3.0,4.0,3.0,3.0,4.0,3.0,3.0,3.0,3.0,3.0,3.0,3.0,4.0,2.0,3.0,2.0,3.0
29,39,1,4,2,2.0,2.0,2.0,2.0,2.0,2.0,2.0,2.0,2.0,2.0,2.0,2.0,2.0,2.0,2.0,2.0,2.0,2.0,2.0,2.0,2.0,2.0,2.0,2.0
30,61,1,3,1,4.0,3.0,2.0,5.0,3.0,2.0,5.0,3.0,3.0,3.0,4.0,3.0,3.0,3.0,2.0,3.0,3.0,3.0,3.0,,3.0,2.0,3.0,
31,57,1,4,1,2.0,5.0,2.0,4.0,3.0,3.0,3.0,4.0,3.0,3.0,3.0,3.0,2.0,3.0,3.0,2.0,1.0,3.0,3.0,4.0,2.0,2.0,4.0,4.0
32,48,1,1,2,3.0,,4.0,3.0,3.0,4.0,4.0,4.0,3.0,3.0,2.0,4.0,2.0,3.0,3.0,4.0,4.0,4.0,,3.0,3.0,4.0,2.0,3.0
33,55,2,4,3,3.0,3.0,4.0,3.0,3.0,3.0,3.0,4.0,4.0,3.0,1.0,3.0,4.0,2.0,2.0,4.0,2.0,3.0,5.0,3.0,4.0,2.0,3.0,2.0
34,24,1,2,4,3.0,3.0,3.0,4.0,2.0,2.0,2.0,3.0,4.0,3.0,2.0,,1.0,3.0,4.0,3.0,3.0,2.0,4.0,3.0,2.0,3.0,3.0,
35,48,2,4,2,3.0,2.0,3.0,3.0,3.0,4.0,3.0,3.0,3.0,3.0,2.0,4.0,2.0,2.0,2.0,,2.0,3.0,4.0,2.0,3.0,3.0,3.0,2.0
36,62,2,1,1,2.0,,3.0,2.0,3.0,3.0,4.0,3.0,3.0,3.0,4.0,3.0,3.0,3.0,2.0,3.0,4.0,4.0,3.0,3.0,4.0,2.0,4.0,2.0
37,58,1,3,2,3.0,3.0,3.0,4.0,3.0,,4.0,3.0,3.0,2.0,2.0,3.0,3.0,3.0,3.0,,1.0,,3.0,2.0,4.0,4.0,4.0,
38,42,1,2,3,3.0,3.0,,3.0,3.0,4.0,3.0,5.0,3.0,3.0,3.0,3.0,3.0,2.0,3.0,3.0,3.0,4.0,3.0,3.0,3.0,3.0,3.0,4.0
39,47,1,4,3,2.0,3.0,3.0,4.0,4.0,3.0,3.0,3.0,3.0,3.0,3.0,3.0,2.0,3.0,3.0,,3.0,4.0,2.0,2.0,4.0,2.0,2.0,3.0
40,48,1,3,2,3.0,4.0,4.0,4.0,4.0,3.0,4.0,4.0,2.0,3.0,3.0,2.0,4.0,2.0,4.0,3.0,3.0,4.0,3.0,,3.0,4.0,1.0,3.0
41,45,1,3,2,4.0,3.0,4.0,3.0,,2.0,2.0,3.0,2.0,2.0,3.0,3.0,3.0,5.0,4.0,2.0,3.0,3.0,3.0,2.0,3.0,3.0,4.0,4.0
42,29,2,3,2,3.0,3.0,1.0,4.0,4.0,,5.0,,2.0,3.0,3.0,4.0,4.0,2.0,4.0,4.0,3.0,2.0,3.0,3.0,3.0,3.0,2.0,4.0
43,27,1,2,2,4.0,3.0,2.0,4.0,3.0,4.0,4.0,3.0,3.0,3.0,3.0,2.0,3.0,3.0,3.0,3.0,,3.0,2.0,,2.0,3.0,2.0,3.0
44,27,2,3,1,2.0,2.0,2.0,4.0,4.0,3.0,2.0,,5.0,3.0,3.0,3.0,2.0,2.0,3.0,,3.0,3.0,2.0,5.0,,3.0,3.0,4.0
45,30,2,3,1,3.0,4.0,3.0,3.0,3.0,2.0,2.0,3.0,4.0,3.0,2.0,3.0,3.0,3.0,3.0,4.0,3.0,3.0,2.0,2.0,2.0,2.0,2.0,3.0
46,43,1,4,2,,2.0,3.0,2.0,4.0,3.0,4.0,2.0,2.0,5.0,2.0,3.0,3.0,2.0,3.0,3.0,3.0,3.0,2.0,4.0,3.0,3.0,3.0,5.0
47,55,1,4,2,3.0,4.0,4.0,3.0,2.0,3.0,4.0,4.0,2.0,3.0,2.0,2.0,2.0,2.0,3.0,2.0,2.0,4.0,,3.0,,2.0,3.0,2.0
48,20,1,2,2,3.0,4.0,3.0,,4.0,4.0,4.0,3.0,2.0,2.0,3.0,2.0,3.0,,,4.0,3.0,3.0,3.0,4.0,3.0,4.0,2.0,3.0
49,38,2,2,1,4.0,3.0,4.0,3.0,3.0,3.0,3.0,3.0,2.0,,3.0,5.0,4.0,,3.0,3.0,3.0,3.0,3.0,2.0,2.0,3.0,3.0,3.0
50,24,2,3,1,2.0,,3.0,3.0,5.0,4.0,2.0,4.0,3.0,2.0,2.0,3.0,3.0,3.0,2.0,3.0,4.0,3.0,2.0,4.0,4.0,2.0,3.0,3.0
51,28,2,3,3,3.0,3.0,4.0,3.0,3.0,3.0,3.0,4.0,2.0,2.0,,3.0,,2.0,3.0,3.0,3.0,4.0,3.0,4.0,4.0,3.0,2.0,
52,47,1,4,2,3.0,3.0,2.0,3.0,3.0,4.0,,3.0,4.0,1.0,3.0,3.0,2.0,2.0,2.0,2.0,3.0,4.0,4.0,3.0,3.0,3.0,2.0,4.0
53,43,1,3,1,2.0,3.0,4.0,4.0,3.0,2.0,2.0,3.0,3.0,3.0,1.0,1.0,2.0,3.0,1.0,2.0,4.0,3.0,3.0,3.0,4.0,5.0,4.0,4.0
54,32,1,3,1,3.0,3.0,4.0,3.0,3.0,3.0,5.0,4.0,3.0,3.0,2.0,3.0,3.0,3.0,,4.0,3.0,3.0,4.0,3.0,3.0,3.0,2.0,3.0
55,25,2,4,1,4.0,4.0,2.0,4.0,3.0,3.0,3.0,3.0,4.0,2.0,3.0,3.0,2.0,4.0,3.0,3.0,3.0,2.0,4.0,3.0,3.0,,2.0,3.0
56,55,2,3,1,2.0,3.0,2.0,4.0,3.0,3.0,4.0,3.0,4.0,3.0,3.0,3.0,4.0,4.0,2.0,4.0,2.0,3.0,2.0,3.0,4.0,3.0,3.0,2.0
57,60,1,4,2,3.0,2.0,5.0,4.0,3.0,3.0,1.0,4.0,3.0,3.0,2.0,3.0,3.0,4.0,3.0,,4.0,2.0,3.0,3.0,4.0,2.0,3.0,3.0
58,53,2,4,2,4.0,4.0,2.0,4.0,4.0,4.0,4.0,3.0,2.0,2.0,3.0,2.0,,4.0,3.0,3.0,4.0,3.0,4.0,3.0,,3.0,3.0,4.0
59,61,2,3,2,3.0,4.0,3.0,,3.0,2.0,3.0,,,3.0,4.0,3.0,2.0,3.0,4.0,3.0,2.0,3.0,,3.0,2.0,2.0,3.0,4.0
60,40,2,3,3,3.0,4.0,4.0,3.0,3.0,2.0,4.0,2.0,3.0,2.0,3.0,2.0,2.0,2.0,,,3.0,,4.0,3.0,3.0,3.0,4.0,3.0
61,52,1,3,1,3.0,,2.0,,3.0,3.0,2.0,5.0,3.0,3.0,,3.0,4.0,,,3.0,3.0,3.0,4.0,3.0,2.0,2.0,,2.0
62,38,2,3,1,4.0,3.0,4.0,,3.0,3.0,3.0,3.0,3.0,3.0,2.0,3.0,3.0,,3.0,3.0,,2.0,3.0,3.0,3.0,4.0,1.0,3.0
63,50,1,3,4,,2.0,3.0,3.0,3.0,3.0,2.0,4.0,3.0,2.0,2.0,3.0,2.0,2.0,3.0,4.0,3.0,2.0,3.0,1.0,3.0,2.0,3.0,3.0
64,31,2,1,2,3.0,3.0,,2.0,3.0,1.0,2.0,3.0,3.0,3.0,2.0,3.0,2.0,3.0,4.0,3.0,3.0,3.0,3.0,2.0,2.0,4.0,4.0,3.0
65,24,1,1,4,3.0,4.0,3.0,3.0,3.0,3.0,3.0,3.0,3.0,3.0,3.0,3.0,3.0,3.0,3.0,,1.0,3.0,3.0,3.0,1.0,2.0,3.0,4.0
66,37,2,4,2,4.0,4.0,3.0,3.0,4.0,4.0,3.0,4.0,3.0,4.0,,2.0,3.0,3.0,4.0,4.0,3.0,4.0,3.0,3.0,3.0,3.0,3.0,2.0
67,52,2,3,1,2.0,4.0,2.0,3.0,3.0,2.0,3.0,4.0,4.0,3.0,3.0,3.0,3.0,3.0,2.0,3.0,2.0,,3.0,2.0,3.0,3.0,2.0,3.0
68,23,2,3,2,3.0,4.0,3.0,3.0,3.0,3.0,3.0,2.0,,3.0,3.0,2.0,3.0,2.0,2.0,2.0,3.0,3.0,3.0,3.0,3.0,3.0,2.0,4.0
69,61,2,4,1,3.0,3.0,3.0,3.0,3.0,3.0,4.0,3.0,3.0,3.0,1.0,3.0,4.0,2.0,3.0,3.0,2.0,1.0,3.0,5.0,1.0,3.0,4.0,
70,24,1,2,1,3.0,3.0,3.0,2.0,3.0,3.0,4.0,3.0,,3.0,3.0,2.0,2.0,4.0,3.0,3.0,3.0,3.0,2.0,3.0,2.0,4.0,4.0,3.0
71,26,2,4,1,3.0,3.0,5.0,4.0,5.0,3.0,3.0,4.0,4.0,3.0,2.0,4.0,4.0,3.0,2.0,2.0,2.0,3.0,3.0,4.0,4.0,4.0,3.0,2.0
72,29,2,2,2,4.0,4.0,4.0,3.0,4.0,2.0,3.0,4.0,3.0,3.0,4.0,3.0,,,4.0,3.0,3.0,2.0,2.0,3.0,3.0,3.0,3.0,2.0
73,53,1,3,1,4.0,4.0,4.0,4.0,4.0,4.0,4.0,4.0,4.0,4.0,4.0,4.0,4.0,4.0,4.0,4.0,4.0,4.0,4.0,4.0,4.0,4.0,4.0,4.0
74,64,1,4,1,4.0,3.0,3.0,3.0,2.0,3.0,3.0,3.0,2.0,4.0,3.0,3.0,3.0,3.0,2.0,4.0,2.0,3.0,4.0,4.0,3.0,3.0,2.0,2.0
75,25,2,3,2,1.0,2.0,3.0,3.0,3.0,,2.0,2.0,2.0,,4.0,3.0,2.0,3.0,3.0,2.0,3.0,4.0,2.0,2.0,3.0,3.0,3.0,2.0
76,32,1,4,2,3.0,2.0,4.0,3.0,3.0,3.0,3.0,3.0,2.0,,3.0,2.0,2.0,4.0,,3.0,3.0,2.0,4.0,2.0,2.0,3.0,2.0,3.0
77,63,1,3,1,3.0,3.0,3.0,3.0,3.0,,4.0,4.0,2.0,4.0,4.0,,3.0,3.0,4.0,2.0,3.0,3.0,2.0,4.0,4.0,1.0,2.0,4.0
78,55,2,4,1,4.0,2.0,4.0,3.0,2.0,3.0,2.0,3.0,3.0,1.0,2.0,3.0,4.0,3.0,3.0,3.0,3.0,2.0,3.0,3.0,4.0,4.0,4.0,3.0
79,65,1,2,1,2.0,4.0,5.0,3.0,3.0,4.0,3.0,,4.0,4.0,3.0,,4.0,2.0,,2.0,4.0,2.0,3.0,4.0,4.0,4.0,3.0,4.0
80,24,1,3,2,2.0,3.0,3.0,3.0,2.0,2.0,3.0,5.0,2.0,3.0,3.0,4.0,2.0,2.0,2.0,3.0,3.0,3.0,2.0,4.0,3.0,,2.0,2.0
81,18,2,2,1,,3.0,3.0,2.0,3.0,3.0,3.0,5.0,3.0,1.0,,3.0,4.0,3.0,3.0,1.0,,3.0,3.0,2.0,,3.0,2.0,3.0
82,63,2,4,2,3.0,4.0,3.0,,2.0,3.0,3.0,3.0,3.0,2.0,2.0,3.0,2.0,2.0,3.0,3.0,3.0,3.0,3.0,3.0,3.0,3.0,,4.0
83,34,1,3,2,3.0,1.0,,4.0,4.0,3.0,3.0,4.0,3.0,2.0,3.0,2.0,3.0,3.0,3.0,3.0,4.0,3.0,3.0,4.0,4.0,1.0,3.0,3.0
84,38,1,4,1,2.0,3.0,4.0,2.0,2.0,,4.0,2.0,3.0,,2.0,4.0,2.0,,3.0,2.0,2.0,3.0,2.0,3.0,3.0,3.0,1.0,4.0
85,27,1,3,1,3.0,3.0,3.0,3.0,3.0,3.0,3.0,3.0,3.0,3.0,3.0,3.0,3.0,3.0,3.0,3.0,3.0,3.0,3.0,3.0,3.0,3.0,3.0,3.0
86,22,1,3,1,3.0,3.0,3.0,4.0,3.0,3.0,3.0,4.0,3.0,3.0,3.0,3.0,3.0,3.0,1.0,,3.0,4.0,2.0,2.0,3.0,4.0,3.0,3.0
87,18,2,3,3,3.0,3.0,4.0,3.0,3.0,3.0,3.0,4.0,2.0,3.0,3.0,3.0,2.0,3.0,2.0,3.0,3.0,,2.0,2.0,2.0,2.0,3.0,3.0
88,49,2,3,3,3.0,3.0,4.0,3.0,3.0,3.0,4.0,2.0,3.0,3.0,3.0,2.0,2.0,2.0,1.0,4.0,4.0,2.0,2.0,4.0,,4.0,2.0,3.0
89,21,1,4,1,4.0,3.0,4.0,3.0,4.0,3.0,3.0,4.0,3.0,2.0,4.0,,4.0,3.0,3.0,2.0,2.0,3.0,3.0,4.0,2.0,3.0,,2.0
90,48,2,3,2,4.0,3.0,3.0,3.0,4.0,3.0,3.0,3.0,3.0,2.0,,4.0,2.0,2.0,2.0,4.0,3.0,,4.0,3.0,2.0,2.0,3.0,4.0
91,59,1,4,2,4.0,3.0,3.0,3.0,2.0,3.0,5.0,2.0,3.0,2.0,2.0,,,2.0,2.0,3.0,4.0,2.0,3.0,2.0,4.0,3.0,3.0,3.0
92,56,2,2,2,3.0,4.0,1.0,4.0,3.0,4.0,3.0,3.0,3.0,4.0,3.0,2.0,3.0,3.0,3.0,2.0,2.0,3.0,3.0,2.0,3.0,3.0,3.0,3.0
93,21,2,2,2,3.0,2.0,3.0,4.0,2.0,4.0,2.0,3.0,3.0,3.0,,4.0,3.0,3.0,2.0,4.0,3.0,3.0,3.0,3.0,3.0,3.0,4.0,1.0
94,29,1,3,1,3.0,3.0,3.0,3.0,3.0,3.0,5.0,,1.0,4.0,2.0,,4.0,2.0,4.0,,3.0,2.0,2.0,3.0,4.0,3.0,3.0,4.0
95,53,1,4,2,3.0,2.0,4.0,2.0,3.0,4.0,3.0,3.0,3.0,5.0,3.0,4.0,3.0,4.0,3.0,3.0,3.0,2.0,3.0,2.0,3.0,3.0,4.0,4.0
96,61,2,1,1,3.0,4.0,,3.0,2.0,4.0,5.0,4.0,2.0,4.0,4.0,3.0,2.0,3.0,,3.0,2.0,2.0,2.0,2.0,4.0,4.0,2.0,2.0
97,61,1,2,2,4.0,,4.0,2.0,4.0,3.0,2.0,1.0,3.0,3.0,3.0,3.0,3.0,2.0,3.0,3.0,2.0,3.0,3.0,3.0,2.0,4.0,2.0,3.0
98,18,1,4,1,4.0,3.0,3.0,2.0,3.0,3.0,3.0,3.0,3.0,3.0,2.0,3.0,2.0,,2.0,1.0,3.0,,,2.0,4.0,3.0,,2.0
99,53,2,3,2,4.0,2.0,4.0,3.0,4.0,4.0,3.0,4.0,3.0,3.0,3.0,3.0,3.0,4.0,,3.0,3.0,,3.0,2.0,4.0,2.0,2.0,2.0
100,24,1,3,2,4.0,3.0,3.0,4.0,2.0,3.0,2.0,3.0,,2.0,3.0,3.0,4.0,3.0,3.0,4.0,5.0,4.0,4.0,3.0,2.0,3.0,2.0,3.0
101,59,1,3,3,,2.0,3.0,4.0,3.0,2.0,3.0,3.0,3.0,4.0,2.0,3.0,3.0,2.0,2.0,3.0,3.0,4.0,3.0,3.0,3.0,4.0,3.0,
102,35,1,3,2,3.0,4.0,3.0,3.0,4.0,3.0,3.0,4.0,3.0,3.0,3.0,3.0,3.0,3.0,4.0,3.0,4.0,2.0,3.0,4.0,3.0,3.0,3.0,4.0
103,21,1,3,2,3.0,3.0,,1.0,3.0,3.0,3.0,2.0,3.0,,,4.0,4.0,3.0,3.0,2.0,2.0,2.0,2.0,4.0,4.0,4.0,,3.0
104,48,1,3,1,4.0,3.0,3.0,2.0,3.0,3.0,4.0,3.0,4.0,3.0,3.0,2.0,3.0,3.0,3.0,3.0,3.0,3.0,4.0,3.0,3.0,2.0,3.0,2.0
105,18,2,1,3,3.0,3.0,4.0,3.0,2.0,4.0,4.0,4.0,3.0,3.0,3.0,3.0,2.0,3.0,4.0,4.0,4.0,3.0,4.0,3.0,3.0,3.0,2.0,4.0
106,43,1,2,2,4.0,,2.0,3.0,2.0,4.0,3.0,4.0,3.0,4.0,2.0,3.0,1.0,3.0,3.0,3.0,3.0,1.0,3.0,4.0,4.0,3.0,3.0,3.0
107,34,1,4,1,3.0,3.0,2.0,3.0,4.0,3.0,4.0,3.0,4.0,,2.0,2.0,3.0,4.0,2.0,2.0,4.0,3.0,3.0,2.0,3.0,3.0,3.0,2.0
108,27,2,4,4,2.0,4.0,,3.0,4.0,3.0,2.0,4.0,3.0,3.0,4.0,3.0,4.0,2.0,2.0,3.0,4.0,2.0,2.0,3.0,2.0,4.0,4.0,3.0
109,57,1,3,1,3.0,3.0,3.0,2.0,3.0,3.0,2.0,3.0,4.0,3.0,3.0,4.0,3.0,3.0,,3.0,,,4.0,4.0,2.0,1.0,,2.0
110,61,2,4,1,3.0,,3.0,3.0,3.0,3.0,,3.0,3.0,2.0,3.0,4.0,,3.0,5.0,3.0,3.0,4.0,2.0,3.0,3.0,3.0,4.0,4.0
111,63,1,3,1,4.0,4.0,4.0,4.0,4.0,4.0,4.0,4.0,4.0,4.0,4.0,4.0,4.0,4.0,4.0,4.0,4.0,4.0,4.0,4.0,4.0,4.0,4.0,4.0
112,33,1,2,3,4.0,2.0,4.0,3.0,4.0,3.0,3.0,4.0,,2.0,4.0,2.0,4.0,3.0,3.0,3.0,2.0,4.0,2.0,3.0,4.0,3.0,3.0,1.0
113,51,1,4,1,4.0,3.0,4.0,2.0,3.0,3.0,3.0,4.0,2.0,3.0,3.0,3.0,2.0,3.0,3.0,4.0,2.0,1.0,3.0,4.0,4.0,3.0,2.0,4.0
114,54,1,2,1,4.0,3.0,3.0,2.0,3.0,1.0,4.0,4.0,2.0,3.0,,2.0,2.0,3.0,3.0,3.0,3.0,2.0,2.0,2.0,3.0,1.0,2.0,3.0
115,46,2,2,1,2.0,4.0,5.0,3.0,3.0,4.0,3.0,3.0,,3.0,3.0,4.0,4.0,3.0,3.0,2.0,3.0,,3.0,2.0,3.0,3.0,4.0,2.0
116,47,2,4,1,5.0,5.0,5.0,5.0,5.0,5.0,5.0,5.0,5.0,5.0,5.0,5.0,5.0,5.0,5.0,5.0,5.0,5.0,5.0,5.0,5.0,5.0,5.0,5.0
117,53,2,3,4,3.0,4.0,3.0,3.0,4.0,3.0,4.0,4.0,4.0,3.0,3.0,4.0,4.0,3.0,2.0,4.0,3.0,4.0,3.0,4.0,3.0,3.0,2.0,4.0
118,29,1,2,3,3.0,4.0,3.0,4.0,2.0,2.0,4.0,2.0,3.0,2.0,2.0,4.0,2.0,3.0,3.0,2.0,3.0,4.0,4.0,3.0,2.0,4.0,4.0,3.0
119,38,2,1,1,4.0,2.0,4.0,3.0,3.0,4.0,3.0,3.0,2.0,2.0,4.0,,4.0,4.0,3.0,4.0,3.0,3.0,2.0,,3.0,4.0,4.0,3.0
120,31,1,1,1,4.0,3.0,3.0,2.0,3.0,3.0,4.0,4.0,4.0,2.0,4.0,3.0,4.0,3.0,2.0,2.0,,3.0,3.0,3.0,4.0,1.0,3.0,3.0
121,37,1,3,2,3.0,3.0,4.0,4.0,3.0,3.0,,4.0,3.0,3.0,3.0,2.0,2.0,4.0,3.0,2.0,3.0,4.0,3.0,2.0,2.0,4.0,4.0,4.0
122,28,1,4,1,2.0,3.0,2.0,,4.0,3.0,4.0,4.0,3.0,3.0,2.0,2.0,3.0,3.0,2.0,3.0,2.0,,3.0,3.0,4.0,3.0,3.0,4.0
123,22,1,3,1,,4.0,3.0,4.0,2.0,,3.0,2.0,3.0,2.0,,3.0,4.0,2.0,3.0,3.0,3.0,2.0,2.0,2.0,3.0,2.0,4.0,2.0
124,38,1,4,1,3.0,4.0,2.0,4.0,2.0,3.0,2.0,2.0,3.0,4.0,2.0,2.0,4.0,3.0,3.0,3.0,,2.0,4.0,3.0,2.0,1.0,2.0,3.0
125,44,1,2,2,3.0,4.0,4.0,3.0,3.0,4.0,4.0,3.0,2.0,2.0,3.0,2.0,2.0,2.0,3.0,2.0,3.0,3.0,2.0,3.0,1.0,3.0,4.0,3.0
126,56,1,3,3,3.0,4.0,4.0,4.0,3.0,3.0,2.0,3.0,4.0,3.0,2.0,2.0,3.0,3.0,3.0,3.0,4.0,3.0,2.0,5.0,3.0,2.0,5.0,3.0
127,49,2,1,1,3.0,3.0,3.0,4.0,2.0,,4.0,4.0,3.0,2.0,3.0,2.0,4.0,3.0,3.0,3.0,3.0,3.0,2.0,4.0,4.0,,4.0,3.0
128,23,1,3,3,4.0,3.0,2.0,3.0,3.0,,3.0,4.0,4.0,,3.0,3.0,4.0,3.0,,3.0,3.0,3.0,2.0,2.0,3.0,3.0,3.0,5.0
129,36,1,2,1,4.0,3.0,,3.0,4.0,5.0,2.0,3.0,3.0,2.0,3.0,3.0,2.0,1.0,2.0,4.0,3.0,2.0,3.0,4.0,3.0,3.0,3.0,2.0
130,27,2,3,1,4.0,4.0,3.0,5.0,4.0,3.0,3.0,5.0,3.0,2.0,4.0,3.0,2.0,4.0,2.0,2.0,4.0,4.0,4.0,3.0,,2.0,2.0,3.0
131,25,1,3,1,3.0,3.0,2.0,4.0,2.0,4.0,,3.0,3.0,2.0,4.0,3.0,4.0,4.0,3.0,3.0,2.0,,3.0,2.0,3.0,3.0,3.0,3.0
132,31,2,2,1,3.0,4.0,3.0,3.0,3.0,3.0,4.0,5.0,2.0,3.0,3.0,3.0,3.0,3.0,3.0,3.0,4.0,3.0,3.0,2.0,4.0,3.0,3.0,2.0
133,58,2,3,2,4.0,2.0,4.0,,3.0,3.0,5.0,4.0,2.0,3.0,3.0,3.0,3.0,2.0,4.0,2.0,3.0,4.0,,2.0,2.0,4.0,4.0,3.0
134,45,1,3,1,1.0,1.0,1.0,1.0,1.0,1.0,1.0,1.0,1.0,1.0,1.0,1.0,1.0,1.0,1.0,1.0,1.0,1.0,1.0,1.0,1.0,1.0,1.0,1.0
135,44,1,2,3,2.0,4.0,3.0,4.0,2.0,3.0,3.0,3.0,3.0,2.0,2.0,4.0,,2.0,4.0,3.0,4.0,5.0,4.0,3.0,4.0,3.0,4.0,
136,49,1,2,1,4.0,4.0,2.0,3.0,,3.0,3.0,3.0,2.0,3.0,3.0,3.0,3.0,2.0,3.0,2.0,3.0,,3.0,2.0,3.0,2.0,4.0,4.0
137,28,1,3,1,3.0,3.0,3.0,4.0,3.0,,2.0,2.0,3.0,3.0,3.0,3.0,4.0,3.0,3.0,3.0,4.0,2.0,3.0,3.0,3.0,4.0,3.0,3.0
138,19,1,2,1,4.0,3.0,4.0,2.0,4.0,3.0,5.0,3.0,,,3.0,3.0,3.0,2.0,3.0,2.0,4.0,4.0,3.0,2.0,3.0,3.0,3.0,4.0
139,42,2,2,1,5.0,5.0,5.0,5.0,5.0,5.0,5.0,5.0,5.0,5.0,5.0,5.0,5.0,5.0,5.0,5.0,5.0,5.0,5.0,5.0,5.0,5.0,5.0,5.0
140,23,2,3,1,4.0,2.0,3.0,4.0,4.0,3.0,3.0,3.0,3.0,2.0,3.0,4.0,3.0,3.0,3.0,3.0,3.0,3.0,4.0,4.0,2.0,2.0,3.0,3.0
141,29,1,2,1,4.0,4.0,4.0,4.0,4.0,4.0,4.0,4.0,4.0,4.0,4.0,4.0,4.0,4.0,4.0,4.0,4.0,4.0,4.0,4.0,4.0,4.0,4.0,4.0
142,25,2,4,1,3.0,3.0,5.0,3.0,3.0,3.0,3.0,4.0,3.0,2.0,3.0,2.0,4.0,3.0,4.0,2.0,3.0,3.0,3.0,5.0,,4.0,3.0,3.0
143,19,2,3,1,3.0,2.0,3.0,3.0,2.0,4.0,4.0,3.0,2.0,4.0,3.0,2.0,4.0,3.0,4.0,,3.0,,3.0,3.0,3.0,3.0,1.0,4.0
144,21,1,3,1,3.0,3.0,3.0,,2.0,3.0,4.0,2.0,3.0,3.0,2.0,2.0,3.0,3.0,2.0,3.0,3.0,2.0,3.0,3.0,3.0,4.0,3.0,2.0
145,35,2,3,2,4.0,3.0,3.0,3.0,4.0,3.0,3.0,3.0,,2.0,4.0,,3.0,3.0,2.0,2.0,5.0,3.0,3.0,3.0,3.0,4.0,4.0,3.0
146,62,1,3,2,2.0,3.0,4.0,3.0,3.0,2.0,3.0,3.0,3.0,3.0,4.0,3.0,3.0,1.0,3.0,2.0,3.0,2.0,3.0,3.0,3.0,2.0,4.0,3.0
147,53,2,3,2,3.0,2.0,3.0,3.0,4.0,2.0,3.0,4.0,3.0,4.0,4.0,2.0,3.0,3.0,3.0,2.0,4.0,3.0,3.0,,3.0,3.0,3.0,
148,45,2,4,1,3.0,4.0,3.0,3.0,2.0,2.0,3.0,3.0,3.0,2.0,4.0,2.0,3.0,3.0,4.0,1.0,1.0,3.0,3.0,,3.0,3.0,3.0,1.0
149,21,2,3,1,2.0,4.0,2.0,3.0,5.0,2.0,3.0,2.0,2.0,3.0,3.0,2.0,2.0,3.0,3.0,4.0,3.0,2.0,2.0,2.0,1.0,3.0,3.0,2.0
150,18,2,4,2,4.0,3.0,2.0,3.0,3.0,3.0,3.0,3.0,2.0,3.0,3.0,,3.0,3.0,2.0,2.0,4.0,1.0,3.0,2.0,2.0,3.0,3.0,3.0
151,34,2,3,2,3.0,4.0,4.0,3.0,,4.0,,2.0,3.0,2.0,3.0,1.0,2.0,2.0,4.0,3.0,3.0,3.0,3.0,3.0,4.0,3.0,3.0,3.0
152,26,2,4,2,3.0,3.0,3.0,3.0,3.0,2.0,3.0,3.0,4.0,3.0,4.0,3.0,2.0,4.0,2.0,2.0,3.0,1.0,3.0,3.0,3.0,1.0,3.0,3.0
153,46,2,3,4,3.0,3.0,4.0,4.0,5.0,3.0,4.0,4.0,4.0,3.0,,3.0,4.0,3.0,4.0,2.0,2.0,3.0,,4.0,2.0,3.0,3.0,4.0
154,33,2,3,2,3.0,2.0,3.0,4.0,3.0,4.0,3.0,3.0,3.0,3.0,3.0,,3.0,3.0,,,4.0,4.0,3.0,2.0,,3.0,,3.0
155,61,1,3,4,2.0,3.0,4.0,3.0,3.0,4.0,3.0,4.0,3.0,3.0,3.0,3.0,2.0,3.0,3.0,3.0,,3.0,4.0,3.0,2.0,3.0,3.0,2.0
156,58,2,1,4,3.0,3.0,4.0,4.0,3.0,4.0,3.0,3.0,3.0,2.0,3.0,2.0,4.0,,3.0,3.0,3.0,4.0,4.0,4.0,3.0,5.0,3.0,4.0
157,62,2,3,2,3.0,4.0,4.0,3.0,4.0,5.0,3.0,4.0,3.0,2.0,2.0,,,3.0,3.0,3.0,,3.0,3.0,4.0,2.0,3.0,4.0,2.0
158,42,1,2,1,3.0,4.0,4.0,4.0,3.0,2.0,2.0,,4.0,3.0,3.0,3.0,3.0,1.0,,3.0,2.0,3.0,3.0,4.0,4.0,3.0,3.0,3.0
159,31,1,3,1,3.0,3.0,4.0,2.0,3.0,2.0,2.0,4.0,2.0,4.0,2.0,3.0,,3.0,3.0,3.0,3.0,4.0,1.0,3.0,3.0,3.0,2.0,3.0
160,61,2,4,4,,3.0,3.0,3.0,3.0,2.0,3.0,4.0,4.0,3.0,3.0,3.0,3.0,2.0,3.0,4.0,3.0,2.0,4.0,3.0,3.0,2.0,4.0,3.0
161,44,1,3,3,3.0,3.0,3.0,3.0,3.0,4.0,4.0,4.0,4.0,3.0,3.0,3.0,3.0,3.0,3.0,3.0,2.0,2.0,4.0,2.0,5.0,2.0,3.0,2.0
162,32,1,4,2,3.0,2.0,3.0,3.0,2.0,4.0,3.0,3.0,4.0,2.0,3.0,3.0,4.0,3.0,3.0,3.0,,4.0,1.0,3.0,3.0,2.0,3.0,3.0
163,62,2,3,3,,3.0,3.0,4.0,2.0,3.0,3.0,4.0,3.0,2.0,1.0,2.0,3.0,3.0,3.0,4.0,2.0,3.0,2.0,,3.0,4.0,3.0,
164,40,1,3,3,4.0,4.0,3.0,3.0,3.0,3.0,2.0,4.0,2.0,2.0,3.0,3.0,2.0,3.0,2.0,4.0,3.0,4.0,1.0,2.0,3.0,3.0,,4.0
165,49,2,3,2,2.0,,2.0,4.0,4.0,3.0,4.0,3.0,2.0,3.0,2.0,4.0,4.0,3.0,3.0,2.0,3.0,2.0,3.0,3.0,3.0,3.0,4.0,2.0
166,24,2,3,1,2.0,5.0,3.0,2.0,4.0,3.0,4.0,3.0,3.0,2.0,2.0,2.0,2.0,2.0,3.0,4.0,4.0,3.0,3.0,2.0,3.0,3.0,2.0,2.0
167,42,2,2,1,4.0,3.0,4.0,3.0,3.0,3.0,3.0,2.0,3.0,3.0,2.0,2.0,3.0,3.0,4.0,4.0,3.0,3.0,4.0,4.0,3.0,4.0,4.0,3.0
168,61,2,3,2,3.0,3.0,4.0,2.0,3.0,4.0,3.0,5.0,2.0,3.0,2.0,4.0,3.0,2.0,3.0,3.0,3.0,2.0,1.0,3.0,3.0,3.0,4.0,3.0
169,62,1,1,3,3.0,4.0,4.0,3.0,5.0,3.0,3.0,4.0,2.0,4.0,3.0,2.0,3.0,3.0,3.0,3.0,3.0,3.0,3.0,4.0,3.0,3.0,1.0,4.0
170,47,1,4,1,3.0,2.0,4.0,2.0,3.0,3.0,2.0,2.0,3.0,2.0,3.0,2.0,4.0,2.0,3.0,3.0,5.0,3.0,4.0,2.0,3.0,5.0,2.0,3.0
171,24,2,3,1,,2.0,2.0,2.0,4.0,3.0,,3.0,2.0,2.0,2.0,2.0,2.0,3.0,4.0,4.0,1.0,4.0,3.0,3.0,2.0,,2.0,3.0
172,58,2,4,3,2.0,2.0,2.0,3.0,4.0,4.0,,3.0,3.0,2.0,4.0,,1.0,3.0,4.0,3.0,2.0,4.0,3.0,4.0,3.0,4.0,4.0,3.0
173,18,2,4,1,3.0,3.0,,4.0,3.0,3.0,4.0,4.0,2.0,4.0,,4.0,3.0,2.0,3.0,2.0,4.0,3.0,2.0,4.0,2.0,3.0,2.0,2.0
174,51,2,3,3,4.0,3.0,4.0,3.0,2.0,4.0,4.0,3.0,3.0,3.0,3.0,3.0,4.0,2.0,3.0,3.0,3.0,,3.0,3.0,3.0,3.0,4.0,4.0
175,61,1,2,3,3.0,4.0,3.0,3.0,4.0,4.0,3.0,4.0,5.0,2.0,,4.0,4.0,2.0,3.0,2.0,3.0,4.0,4.0,3.0,2.0,3.0,2.0,3.0
176,52,2,4,1,2.0,2.0,2.0,2.0,2.0,2.0,2.0,2.0,2.0,2.0,2.0,2.0,2.0,2.0,2.0,2.0,2.0,2.0,2.0,2.0,2.0,2.0,2.0,2.0
177,30,1,3,1,3.0,4.0,3.0,3.0,2.0,4.0,3.0,,4.0,2.0,4.0,,3.0,2.0,3.0,3.0,4.0,2.0,2.0,3.0,3.0,3.0,4.0,
178,19,2,2,2,3.0,4.0,3.0,3.0,4.0,3.0,2.0,4.0,4.0,3.0,3.0,3.0,4.0,4.0,2.0,4.0,3.0,3.0,3.0,4.0,3.0,2.0,2.0,4.0
179,26,1,3,2,,4.0,3.0,4.0,2.0,4.0,3.0,3.0,3.0,3.0,3.0,3.0,3.0,,3.0,,3.0,5.0,3.0,,2.0,2.0,2.0,4.0
180,51,1,4,2,4.0,3.0,3.0,3.0,3.0,5.0,3.0,4.0,3.0,2.0,4.0,2.0,2.0,2.0,2.0,3.0,4.0,2.0,1.0,2.0,2.0,3.0,2.0,2.0
181,23,1,2,1,3.0,,2.0,2.0,2.0,3.0,3.0,4.0,3.0,3.0,4.0,2.0,2.0,1.0,,3.0,3.0,1.0,3.0,3.0,2.0,4.0,3.0,2.0
182,29,2,3,1,3.0,,4.0,3.0,3.0,3.0,4.0,,2.0,3.0,4.0,1.0,2.0,3.0,4.0,2.0,4.0,5.0,3.0,3.0,3.0,3.0,4.0,4.0
183,31,1,3,3,2.0,,1.0,3.0,3.0,3.0,2.0,4.0,4.0,2.0,3.0,3.0,3.0,2.0,3.0,3.0,3.0,2.0,4.0,4.0,4.0,3.0,2.0,4.0
184,60,2,3,3,4.0,3.0,3.0,3.0,,3.0,3.0,4.0,3.0,3.0,3.0,2.0,4.0,2.0,3.0,4.0,4.0,2.0,,2.0,2.0,2.0,,4.0
185,39,2,3,1,4.0,4.0,3.0,5.0,3.0,4.0,2.0,3.0,,3.0,3.0,4.0,2.0,4.0,3.0,3.0,3.0,3.0,4.0,2.0,2.0,3.0,3.0,2.0
186,29,2,3,2,3.0,2.0,2.0,3.0,3.0,2.0,3.0,3.0,2.0,3.0,3.0,2.0,2.0,2.0,2.0,3.0,3.0,3.0,3.0,2.0,4.0,3.0,2.0,3.0
187,63,2,4,2,,4.0,4.0,,3.0,4.0,3.0,3.0,2.0,3.0,3.0,3.0,,3.0,2.0,3.0,4.0,2.0,2.0,4.0,3.0,2.0,3.0,
188,49,2,1,1,2.0,4.0,3.0,3.0,4.0,3.0,3.0,3.0,2.0,,3.0,3.0,2.0,3.0,4.0,3.0,3.0,2.0,3.0,,3.0,4.0,3.0,3.0
189,36,2,3,1,3.0,3.0,2.0,2.0,3.0,2.0,3.0,5.0,3.0,2.0,4.0,4.0,3.0,2.0,,3.0,,4.0,3.0,4.0,2.0,3.0,4.0,3.0
190,49,2,1,2,3.0,4.0,2.0,4.0,3.0,4.0,3.0,3.0,3.0,,4.0,3.0,2.0,4.0,3.0,4.0,3.0,,2.0,3.0,3.0,2.0,3.0,3.0
191,30,2,1,2,4.0,3.0,5.0,4.0,4.0,4.0,,3.0,3.0,3.0,4.0,3.0,2.0,,3.0,3.0,3.0,3.0,3.0,,3.0,4.0,5.0,3.0
192,54,2,4,1,2.0,4.0,3.0,3.0,3.0,3.0,3.0,3.0,3.0,3.0,4.0,4.0,,3.0,3.0,2.0,2.0,2.0,4.0,2.0,3.0,4.0,2.0,3.0
193,44,1,3,2,3.0,4.0,3.0,3.0,4.0,2.0,4.0,3.0,3.0,2.0,2.0,4.0,,3.0,2.0,,3.0,3.0,1.0,3.0,3.0,3.0,2.0,2.0
194,48,2,4,3,1.0,3.0,3.0,3.0,4.0,3.0,4.0,,3.0,4.0,4.0,3.0,3.0,3.0,4.0,3.0,1.0,,3.0,4.0,3.0,3.0,3.0,
195,40,1,2,3,4.0,2.0,4.0,3.0,3.0,4.0,3.0,3.0,3.0,,3.0,3.0,3.0,3.0,2.0,3.0,,2.0,3.0,3.0,3.0,4.0,3.0,3.0
196,42,1,4,1,4.0,3.0,3.0,4.0,3.0,4.0,3.0,4.0,1.0,2.0,3.0,3.0,,3.0,3.0,2.0,2.0,4.0,3.0,4.0,3.0,4.0,3.0,4.0
197,42,1,3,1,4.0,,3.0,3.0,3.0,4.0,4.0,,3.0,3.0,2.0,4.0,3.0,4.0,3.0,4.0,2.0,2.0,3.0,4.0,4.0,3.0,3.0,
198,58,1,3,2,2.0,2.0,3.0,2.0,3.0,3.0,4.0,4.0,2.0,3.0,3.0,4.0,2.0,,2.0,3.0,3.0,2.0,4.0,4.0,3.0,2.0,3.0,4.0
199,53,2,4,1,3.0,2.0,5.0,3.0,,3.0,2.0,3.0,3.0,3.0,2.0,3.0,3.0,3.0,4.0,3.0,3.0,4.0,2.0,3.0,3.0,3.0,,3.0
200,20,2,3,3,4.0,4.0,4.0,3.0,3.0,,4.0,3.0,3.0,4.0,2.0,3.0,3.0,3.0,3.0,3.0,3.0,,4.0,3.0,3.0,3.0,2.0,3.0
201,34,1,2,2,3.0,4.0,3.0,3.0,,3.0,3.0,3.0,,3.0,,2.0,3.0,2.0,3.0,3.0,3.0,4.0,2.0,3.0,3.0,2.0,2.0,3.0
202,48,2,2,1,4.0,2.0,2.0,4.0,,2.0,2.0,5.0,4.0,3.0,3.0,2.0,,2.0,4.0,3.0,4.0,4.0,2.0,3.0,2.0,2.0,3.0,
203,56,2,3,3,3.0,3.0,5.0,3.0,4.0,3.0,4.0,4.0,,4.0,2.0,4.0,3.0,,,3.0,4.0,3.0,5.0,2.0,3.0,2.0,3.0,3.0
204,64,1,3,1,3.0,4.0,3.0,,,,4.0,3.0,2.0,4.0,2.0,4.0,2.0,,4.0,4.0,4.0,2.0,,5.0,2.0,3.0,3.0,2.0
205,19,1,3,1,1.0,3.0,3.0,3.0,5.0,2.0,3.0,3.0,3.0,3.0,2.0,3.0,3.0,3.0,2.0,2.0,4.0,4.0,3.0,4.0,,3.0,3.0,4.0
206,56,1,2,1,3.0,4.0,1.0,3.0,,4.0,4.0,4.0,3.0,4.0,4.0,3.0,3.0,2.0,3.0,3.0,1.0,4.0,3.0,3.0,4.0,4.0,4.0,3.0
207,42,2,3,1,3.0,3.0,4.0,2.0,4.0,3.0,3.0,4.0,3.0,2.0,2.0,2.0,3.0,2.0,2.0,3.0,3.0,3.0,4.0,3.0,3.0,2.0,3.0,3.0
208,44,1,3,1,3.0,3.0,3.0,2.0,2.0,5.0,3.0,3.0,2.0,2.0,,3.0,3.0,,3.0,3.0,,3.0,5.0,2.0,3.0,3.0,4.0,3.0
209,43,2,3,3,4.0,3.0,3.0,3.0,3.0,3.0,3.0,2.0,1.0,,3.0,4.0,3.0,3.0,2.0,3.0,2.0,3.0,,3.0,4.0,3.0,3.0,
210,27,2,4,2,3.0,4.0,3.0,3.0,3.0,3.0,3.0,3.0,2.0,,3.0,2.0,4.0,4.0,1.0,4.0,2.0,3.0,3.0,3.0,4.0,3.0,2.0,4.0
211,28,1,2,2,3.0,3.0,1.0,3.0,4.0,3.0,2.0,4.0,4.0,2.0,2.0,4.0,3.0,3.0,2.0,2.0,4.0,2.0,2.0,3.0,3.0,3.0,2.0,3.0
212,44,1,4,4,4.0,3.0,3.0,4.0,3.0,4.0,3.0,2.0,4.0,,4.0,3.0,3.0,4.0,4.0,3.0,,1.0,3.0,3.0,3.0,5.0,2.0,3.0
213,40,1,3,3,3.0,3.0,,2.0,3.0,3.0,2.0,2.0,3.0,2.0,2.0,,2.0,3.0,4.0,2.0,4.0,3.0,3.0,2.0,4.0,3.0,3.0,4.0
214,23,1,4,2,4.0,3.0,3.0,4.0,,3.0,3.0,2.0,2.0,3.0,4.0,3.0,4.0,1.0,2.0,4.0,5.0,4.0,2.0,3.0,3.0,2.0,3.0,3.0
215,55,2,2,1,3.0,3.0,3.0,3.0,3.0,2.0,,5.0,3.0,3.0,3.0,3.0,3.0,3.0,3.0,1.0,3.0,,4.0,2.0,,,3.0,1.0
216,30,1,1,2,3.0,,3.0,3.0,3.0,3.0,3.0,4.0,2.0,3.0,3.0,2.0,3.0,2.0,2.0,2.0,2.0,4.0,2.0,3.0,4.0,2.0,3.0,2.0
217,29,1,3,2,3.0,3.0,3.0,3.0,,3.0,3.0,3.0,3.0,4.0,3.0,3.0,,2.0,3.0,4.0,3.0,3.0,3.0,2.0,4.0,2.0,4.0,3.0
218,20,2,3,4,,3.0,4.0,2.0,2.0,4.0,4.0,3.0,3.0,2.0,2.0,4.0,2.0,3.0,3.0,2.0,2.0,3.0,3.0,2.0,3.0,3.0,3.0,4.0
219,60,1,3,4,3.0,3.0,3.0,3.0,2.0,3.0,3.0,4.0,3.0,4.0,2.0,2.0,,,4.0,3.0,2.0,,3.0,2.0,3.0,,3.0,3.0
220,59,1,3,3,3.0,4.0,4.0,4.0,2.0,2.0,3.0,2.0,3.0,2.0,2.0,3.0,3.0,4.0,3.0,3.0,1.0,1.0,3.0,3.0,3.0,3.0,2.0,5.0
221,61,1,3,1,2.0,3.0,3.0,3.0,4.0,4.0,3.0,4.0,4.0,3.0,4.0,3.0,3.0,2.0,3.0,3.0,3.0,3.0,4.0,2.0,4.0,3.0,3.0,4.0
222,41,2,4,1,3.0,4.0,3.0,4.0,3.0,2.0,4.0,4.0,4.0,3.0,3.0,3.0,3.0,4.0,4.0,3.0,4.0,3.0,3.0,3.0,3.0,1.0,4.0,2.0
223,44,2,4,1,1.0,3.0,2.0,4.0,3.0,3.0,3.0,4.0,2.0,3.0,,2.0,3.0,,3.0,3.0,4.0,3.0,3.0,2.0,3.0,,,
224,34,1,4,2,4.0,3.0,5.0,3.0,,2.0,3.0,3.0,4.0,3.0,3.0,2.0,2.0,2.0,2.0,3.0,2.0,3.0,3.0,3.0,3.0,3.0,,3.0
225,51,2,4,2,4.0,3.0,3.0,2.0,3.0,3.0,2.0,2.0,3.0,3.0,2.0,,3.0,2.0,4.0,3.0,3.0,3.0,3.0,4.0,,2.0,5.0,3.0
226,37,2,1,3,3.0,4.0,5.0,3.0,3.0,2.0,4.0,2.0,3.0,3.0,3.0,3.0,3.0,2.0,2.0,3.0,2.0,3.0,1.0,4.0,2.0,1.0,3.0,
227,56,2,4,1,4.0,5.0,4.0,3.0,4.0,3.0,3.0,4.0,3.0,3.0,3.0,3.0,1.0,3.0,3.0,3.0,,1.0,3.0,4.0,2.0,3.0,3.0,3.0
228,62,2,4,3,3.0,2.0,4.0,,4.0,4.0,3.0,3.0,4.0,3.0,4.0,3.0,3.0,,3.0,3.0,3.0,3.0,4.0,3.0,5.0,2.0,3.0,3.0
229,33,1,1,1,2.0,4.0,3.0,2.0,3.0,3.0,4.0,,,4.0,3.0,3.0,3.0,2.0,3.0,2.0,3.0,3.0,4.0,3.0,3.0,2.0,3.0,5.0
230,21,1,3,1,3.0,3.0,4.0,4.0,3.0,4.0,3.0,3.0,3.0,2.0,,2.0,2.0,3.0,2.0,3.0,3.0,3.0,2.0,3.0,3.0,2.0,4.0,
231,44,1,3,2,3.0,3.0,3.0,3.0,3.0,3.0,4.0,3.0,3.0,2.0,2.0,3.0,2.0,3.0,4.0,1.0,3.0,4.0,3.0,2.0,3.0,3.0,2.0,3.0
232,24,2,3,1,4.0,3.0,1.0,4.0,3.0,4.0,3.0,2.0,3.0,3.0,3.0,3.0,3.0,2.0,1.0,3.0,5.0,,3.0,3.0,4.0,3.0,2.0,3.0
233,39,1,3,2,3.0,3.0,4.0,4.0,4.0,3.0,3.0,3.0,2.0,3.0,3.0,3.0,3.0,3.0,3.0,3.0,4.0,2.0,3.0,3.0,4.0,3.0,4.0,3.0
234,29,2,4,2,3.0,2.0,2.0,,3.0,5.0,,2.0,,3.0,4.0,2.0,2.0,2.0,3.0,3.0,4.0,,3.0,5.0,4.0,3.0,2.0,2.0
235,57,1,2,2,1.0,2.0,2.0,3.0,3.0,4.0,4.0,3.0,3.0,2.0,3.0,3.0,3.0,2.0,2.0,2.0,1.0,3.0,4.0,3.0,3.0,3.0,4.0,4.0
236,35,2,3,2,,2.0,2.0,5.0,3.0,3.0,2.0,3.0,3.0,1.0,2.0,3.0,4.0,4.0,3.0,3.0,2.0,3.0,3.0,5.0,4.0,3.0,2.0,3.0
237,25,1,4,1,4.0,2.0,4.0,2.0,4.0,3.0,4.0,5.0,4.0,2.0,3.0,2.0,4.0,2.0,3.0,3.0,3.0,3.0,4.0,3.0,2.0,3.0,2.0,3.0
238,20,2,4,1,3.0,3.0,4.0,2.0,2.0,,3.0,3.0,3.0,2.0,2.0,3.0,2.0,3.0,1.0,3.0,3.0,3.0,3.0,3.0,3.0,2.0,4.0,
239,51,1,3,2,3.0,4.0,2.0,3.0,2.0,3.0,3.0,3.0,2.0,3.0,3.0,3.0,3.0,1.0,3.0,2.0,2.0,,3.0,4.0,3.0,2.0,2.0,3.0
240,51,2,3,3,,3.0,5.0,4.0,4.0,3.0,4.0,2.0,2.0,4.0,,3.0,2.0,3.0,3.0,4.0,3.0,4.0,4.0,3.0,,4.0,,4.0
241,53,2,2,4,3.0,3.0,3.0,3.0,3.0,4.0,,2.0,2.0,2.0,3.0,,2.0,2.0,2.0,4.0,2.0,3.0,4.0,2.0,3.0,3.0,3.0,4.0
242,55,2,1,1,2.0,3.0,3.0,4.0,4.0,3.0,3.0,3.0,4.0,3.0,3.0,4.0,3.0,4.0,2.0,3.0,2.0,4.0,3.0,3.0,3.0,3.0,2.0,3.0
243,57,1,3,2,3.0,2.0,4.0,3.0,4.0,3.0,4.0,4.0,2.0,4.0,1.0,2.0,3.0,3.0,,,4.0,3.0,4.0,3.0,3.0,2.0,2.0,3.0
244,36,2,4,1,3.0,,,3.0,,4.0,,3.0,3.0,2.0,2.0,3.0,3.0,2.0,3.0,,2.0,2.0,2.0,3.0,1.0,3.0,3.0,3.0
245,33,2,2,4,,4.0,2.0,3.0,2.0,3.0,4.0,2.0,3.0,3.0,2.0,2.0,3.0,3.0,3.0,3.0,,4.0,4.0,2.0,4.0,3.0,2.0,3.0
246,56,1,2,2,3.0,3.0,2.0,2.0,2.0,2.0,4.0,3.0,2.0,2.0,1.0,3.0,3.0,3.0,2.0,3.0,3.0,3.0,,4.0,3.0,2.0,3.0,3.0
247,35,2,3,1,2.0,2.0,3.0,3.0,4.0,4.0,3.0,3.0,2.0,2.0,3.0,2.0,3.0,,3.0,2.0,3.0,3.0,3.0,3.0,3.0,2.0,2.0,3.0
248,46,2,3,2,2.0,4.0,4.0,4.0,4.0,3.0,4.0,3.0,2.0,,4.0,3.0,4.0,3.0,3.0,3.0,3.0,4.0,4.0,2.0,3.0,,2.0,3.0
249,45,1,2,2,3.0,3.0,3.0,3.0,2.0,3.0,2.0,4.0,,,3.0,4.0,4.0,3.0,3.0,3.0,3.0,2.0,4.0,,4.0,3.0,3.0,3.0
250,63,1,3,1,1.0,1.0,1.0,1.0,1.0,1.0,1.0,1.0,1.0,1.0,1.0,1.0,1.0,1.0,1.0,1.0,1.0,1.0,1.0,1.0,1.0,1.0,1.0,1.0
251,34,1,4,2,2.0,3.0,,4.0,3.0,4.0,5.0,4.0,2.0,2.0,2.0,3.0,,3.0,2.0,2.0,3.0,3.0,1.0,1.0,,3.0,3.0,3.0
252,31,2,3,1,2.0,3.0,,2.0,4.0,3.0,3.0,,,4.0,4.0,2.0,3.0,4.0,3.0,3.0,3.0,2.0,3.0,3.0,3.0,3.0,2.0,3.0
253,31,2,3,1,4.0,4.0,3.0,4.0,3.0,4.0,3.0,3.0,2.0,4.0,2.0,3.0,2.0,4.0,3.0,3.0,2.0,3.0,,2.0,2.0,3.0,4.0,2.0
254,23,1,1,4,3.0,2.0,4.0,,4.0,3.0,3.0,4.0,3.0,3.0,3.0,4.0,2.0,,4.0,3.0,,2.0,,4.0,3.0,2.0,2.0,4.0
255,19,1,3,3,3.0,3.0,4.0,3.0,2.0,2.0,3.0,4.0,3.0,,4.0,2.0,3.0,,2.0,,2.0,4.0,3.0,4.0,4.0,2.0,3.0,3.0
256,34,2,3,1,3.0,3.0,3.0,3.0,3.0,3.0,4.0,3.0,3.0,3.0,3.0,3.0,4.0,3.0,3.0,4.0,3.0,3.0,2.0,3.0,3.0,,2.0,
257,31,1,2,1,3.0,3.0,4.0,3.0,4.0,4.0,3.0,2.0,3.0,2.0,3.0,3.0,3.0,4.0,3.0,3.0,4.0,,3.0,3.0,2.0,2.0,3.0,4.0
258,45,2,4,1,4.0,3.0,,3.0,3.0,3.0,3.0,2.0,2.0,5.0,3.0,2.0,3.0,3.0,3.0,4.0,3.0,2.0,2.0,3.0,3.0,2.0,2.0,4.0
259,21,1,3,3,4.0,4.0,3.0,3.0,3.0,,3.0,4.0,4.0,1.0,3.0,2.0,3.0,2.0,3.0,4.0,,3.0,3.0,3.0,3.0,2.0,3.0,4.0
260,35,1,3,4,4.0,4.0,3.0,3.0,3.0,3.0,3.0,,4.0,2.0,3.0,2.0,4.0,3.0,2.0,2.0,1.0,3.0,5.0,3.0,3.0,4.0,5.0,5.0
261,21,1,3,1,4.0,3.0,4.0,4.0,2.0,2.0,4.0,3.0,4.0,2.0,3.0,3.0,3.0,3.0,3.0,3.0,4.0,3.0,3.0,3.0,3.0,3.0,,3.0
262,25,1,3,2,4.0,2.0,3.0,3.0,3.0,3.0,3.0,5.0,3.0,1.0,3.0,3.0,2.0,4.0,3.0,3.0,4.0,4.0,2.0,3.0,3.0,2.0,3.0,4.0
263,53,2,2,1,2.0,3.0,4.0,3.0,4.0,4.0,3.0,3.0,3.0,3.0,2.0,1.0,3.0,3.0,2.0,3.0,4.0,4.0,4.0,,3.0,4.0,2.0,3.0
264,26,2,4,2,3.0,3.0,4.0,3.0,3.0,4.0,3.0,,2.0,3.0,4.0,3.0,5.0,2.0,3.0,2.0,2.0,2.0,3.0,1.0,3.0,2.0,3.0,4.0
265,25,2,4,2,3.0,3.0,4.0,4.0,3.0,3.0,4.0,4.0,4.0,3.0,2.0,3.0,3.0,3.0,2.0,3.0,,3.0,3.0,,3.0,4.0,2.0,3.0
266,51,2,2,2,3.0,3.0,3.0,3.0,4.0,,3.0,4.0,3.0,3.0,3.0,2.0,2.0,3.0,,4.0,4.0,4.0,3.0,3.0,3.0,2.0,4.0,2.0
267,35,1,3,2,3.0,2.0,4.0,,3.0,4.0,3.0,3.0,3.0,3.0,4.0,4.0,4.0,4.0,4.0,4.0,2.0,2.0,3.0,4.0,3.0,3.0,2.0,2.0
268,21,1,4,3,2.0,4.0,4.0,3.0,3.0,2.0,3.0,5.0,3.0,2.0,2.0,2.0,4.0,2.0,3.0,2.0,,3.0,3.0,2.0,3.0,3.0,2.0,3.0
269,26,1,3,2,,3.0,3.0,3.0,4.0,,3.0,4.0,3.0,1.0,3.0,4.0,3.0,,2.0,3.0,3.0,4.0,2.0,3.0,2.0,3.0,3.0,3.0
270,56,1,3,1,2.0,2.0,4.0,3.0,3.0,3.0,3.0,4.0,4.0,3.0,3.0,2.0,2.0,3.0,4.0,3.0,3.0,2.0,3.0,3.0,3.0,4.0,4.0,4.0
271,21,2,3,4,3.0,3.0,3.0,3.0,3.0,3.0,3.0,3.0,3.0,3.0,3.0,3.0,3.0,3.0,3.0,3.0,3.0,3.0,3.0,3.0,3.0,3.0,3.0,3.0
272,51,2,4,4,4.0,4.0,4.0,2.0,3.0,3.0,4.0,3.0,,2.0,4.0,2.0,2.0,3.0,3.0,3.0,3.0,3.0,4.0,2.0,4.0,3.0,4.0,3.0
273,57,1,3,1,3.0,2.0,2.0,3.0,4.0,3.0,4.0,3.0,2.0,1.0,4.0,2.0,,2.0,3.0,2.0,3.0,3.0,3.0,3.0,3.0,4.0,4.0,
274,38,2,3,1,3.0,3.0,4.0,4.0,3.0,3.0,3.0,3.0,2.0,2.0,1.0,3.0,4.0,2.0,4.0,3.0,3.0,1.0,2.0,4.0,2.0,3.0,3.0,5.0
275,44,1,4,2,3.0,3.0,2.0,3.0,3.0,5.0,2.0,3.0,2.0,4.0,3.0,3.0,4.0,2.0,3.0,2.0,2.0,3.0,,2.0,2.0,2.0,4.0,2.0
276,28,1,2,2,4.0,4.0,4.0,3.0,3.0,3.0,3.0,4.0,4.0,3.0,2.0,2.0,3.0,3.0,3.0,3.0,4.0,2.0,2.0,3.0,4.0,2.0,1.0,2.0
277,27,2,3,1,3.0,3.0,4.0,4.0,2.0,3.0,4.0,2.0,3.0,4.0,,2.0,3.0,3.0,3.0,3.0,4.0,2.0,3.0,2.0,4.0,3.0,3.0,3.0
278,24,1,4,4,3.0,3.0,3.0,3.0,2.0,3.0,3.0,,,4.0,3.0,3.0,2.0,2.0,2.0,4.0,3.0,4.0,4.0,3.0,2.0,4.0,3.0,3.0
279,51,1,3,3,2.0,3.0,3.0,3.0,3.0,3.0,3.0,4.0,2.0,4.0,3.0,3.0,3.0,3.0,3.0,2.0,3.0,4.0,2.0,3.0,3.0,3.0,4.0,2.0
280,36,2,3,1,3.0,3.0,2.0,2.0,3.0,3.0,2.0,4.0,3.0,2.0,3.0,3.0,4.0,3.0,4.0,3.0,3.0,3.0,3.0,3.0,3.0,3.0,3.0,3.0
281,30,1,4,1,3.0,4.0,,4.0,3.0,,5.0,4.0,2.0,4.0,4.0,3.0,3.0,2.0,3.0,3.0,5.0,2.0,2.0,3.0,4.0,2.0,3.0,3.0
282,32,2,3,2,3.0,3.0,2.0,4.0,4.0,4.0,4.0,4.0,2.0,3.0,3.0,3.0,4.0,1.0,3.0,2.0,3.0,,3.0,2.0,3.0,4.0,3.0,3.0
283,32,2,4,2,3.0,2.0,4.0,3.0,3.0,3.0,3.0,3.0,3.0,3.0,3.0,,,3.0,2.0,3.0,3.0,2.0,4.0,2.0,3.0,4.0,4.0,4.0
284,64,2,3,1,4.0,4.0,4.0,2.0,4.0,3.0,3.0,4.0,3.0,,2.0,,,3.0,2.0,2.0,1.0,4.0,3.0,3.0,4.0,2.0,3.0,3.0
285,44,2,3,2,4.0,3.0,4.0,4.0,3.0,3.0,4.0,4.0,3.0,2.0,2.0,2.0,3.0,3.0,3.0,4.0,5.0,4.0,3.0,3.0,4.0,2.0,3.0,3.0
286,35,2,4,2,4.0,3.0,3.0,4.0,3.0,3.0,4.0,4.0,3.0,,3.0,4.0,3.0,2.0,3.0,2.0,3.0,3.0,3.0,4.0,1.0,,3.0,3.0
287,38,2,4,4,3.0,2.0,2.0,3.0,3.0,3.0,2.0,4.0,3.0,3.0,4.0,3.0,3.0,3.0,4.0,3.0,1.0,2.0,3.0,3.0,,3.0,4.0,2.0
288,51,1,2,2,3.0,3.0,3.0,4.0,3.0,3.0,4.0,3.0,4.0,3.0,3.0,3.0,2.0,4.0,,3.0,4.0,3.0,3.0,3.0,,4.0,2.0,3.0
289,23,1,3,1,3.0,3.0,3.0,4.0,3.0,3.0,2.0,3.0,3.0,2.0,2.0,3.0,3.0,4.0,1.0,3.0,4.0,3.0,4.0,3.0,4.0,4.0,2.0,3.0
290,44,1,4,1,3.0,4.0,4.0,2.0,2.0,4.0,2.0,3.0,3.0,3.0,4.0,3.0,3.0,4.0,4.0,2.0,4.0,2.0,2.0,3.0,3.0,2.0,3.0,4.0
291,63,2,3,2,5.0,2.0,2.0,3.0,4.0,4.0,3.0,4.0,2.0,2.0,2.0,3.0,3.0,3.0,3.0,3.0,4.0,4.0,,,4.0,3.0,2.0,2.0
292,58,2,4,2,4.0,3.0,4.0,3.0,4.0,3.0,2.0,4.0,3.0,3.0,3.0,3.0,4.0,2.0,2.0,4.0,3.0,3.0,3.0,2.0,4.0,4.0,3.0,4.0
293,39,1,2,1,4.0,,2.0,,2.0,4.0,3.0,2.0,2.0,,3.0,3.0,4.0,2.0,2.0,3.0,,4.0,3.0,3.0,3.0,,2.0,2.0
294,20,1,2,1,3.0,4.0,3.0,4.0,3.0,3.0,4.0,4.0,3.0,2.0,3.0,4.0,2.0,3.0,2.0,3.0,2.0,2.0,4.0,2.0,2.0,3.0,3.0,3.0
295,37,2,3,1,3.0,3.0,3.0,3.0,4.0,2.0,5.0,3.0,4.0,,2.0,2.0,,2.0,2.0,3.0,2.0,3.0,3.0,3.0,3.0,4.0,4.0,3.0
296,23,2,3,3,3.0,3.0,2.0,2.0,3.0,3.0,4.0,3.0,2.0,4.0,4.0,4.0,3.0,2.0,4.0,3.0,3.0,2.0,3.0,2.0,3.0,2.0,2.0,3.0
297,28,2,4,2,3.0,3.0,3.0,3.0,3.0,4.0,3.0,2.0,3.0,3.0,3.0,3.0,2.0,3.0,2.0,2.0,4.0,3.0,4.0,3.0,,3.0,3.0,3.0
298,31,2,3,4,3.0,3.0,3.0,3.0,4.0,3.0,4.0,,3.0,2.0,3.0,2.0,4.0,3.0,2.0,4.0,3.0,4.0,4.0,4.0,3.0,4.0,3.0,2.0
299,63,1,3,3,2.0,3.0,3.0,3.0,3.0,2.0,4.0,3.0,3.0,2.0,3.0,3.0,2.0,4.0,5.0,3.0,2.0,2.0,4.0,4.0,3.0,3.0,2.0,2.0
300,51,1,4,2,,3.0,3.0,2.0,2.0,2.0,4.0,3.0,3.0,2.0,3.0,3.0,3.0,3.0,3.0,2.0,3.0,4.0,4.0,4.0,3.0,4.0,,4.0
301,31,1,2,1,3.0,4.0,2.0,4.0,4.0,4.0,,3.0,3.0,3.0,,3.0,3.0,3.0,3.0,3.0,3.0,2.0,3.0,2.0,2.0,4.0,2.0,2.0
302,40,2,3,2,4.0,4.0,3.0,3.0,4.0,4.0,3.0,3.0,4.0,2.0,4.0,2.0,4.0,,3.0,3.0,4.0,2.0,3.0,5.0,3.0,4.0,4.0,3.0
303,44,1,3,1,4.0,4.0,3.0,2.0,4.0,2.0,3.0,4.0,3.0,4.0,2.0,2.0,2.0,3.0,3.0,,3.0,3.0,3.0,4.0,,4.0,3.0,3.0
304,18,2,3,1,3.0,2.0,4.0,3.0,3.0,,4.0,3.0,2.0,4.0,2.0,3.0,3.0,3.0,1.0,3.0,3.0,,3.0,,,3.0,4.0,2.0
305,29,1,3,3,3.0,4.0,3.0,3.0,4.0,3.0,4.0,3.0,4.0,3.0,2.0,2.0,4.0,2.0,2.0,,1.0,3.0,3.0,,3.0,3.0,2.0,3.0
306,56,1,3,1,2.0,4.0,4.0,4.0,5.0,,3.0,3.0,1.0,2.0,2.0,3.0,2.0,3.0,4.0,2.0,3.0,3.0,3.0,3.0,4.0,3.0,3.0,3.0
307,56,1,4,4,3.0,3.0,3.0,2.0,3.0,4.0,3.0,4.0,2.0,3.0,3.0,3.0,3.0,3.0,1.0,3.0,3.0,,4.0,4.0,3.0,3.0,3.0,3.0
308,18,2,4,1,3.0,3.0,4.0,4.0,3.0,3.0,,3.0,4.0,4.0,3.0,2.0,3.0,3.0,3.0,2.0,4.0,3.0,4.0,4.0,2.0,3.0,2.0,2.0
309,59,1,3,2,5.0,4.0,3.0,4.0,3.0,4.0,3.0,2.0,2.0,3.0,3.0,4.0,2.0,2.0,2.0,3.0,4.0,3.0,3.0,3.0,3.0,3.0,3.0,4.0
310,46,1,4,3,4.0,4.0,3.0,3.0,3.0,3.0,3.0,4.0,3.0,3.0,3.0,3.0,3.0,2.0,4.0,2.0,3.0,3.0,2.0,3.0,3.0,3.0,3.0,3.0
311,33,1,3,2,5.0,3.0,3.0,,3.0,4.0,4.0,4.0,3.0,3.0,4.0,2.0,4.0,2.0,,3.0,3.0,2.0,4.0,4.0,2.0,2.0,4.0,3.0
312,57,2,3,1,3.0,3.0,2.0,3.0,3.0,3.0,2.0,2.0,3.0,2.0,3.0,4.0,3.0,3.0,3.0,4.0,2.0,5.0,3.0,3.0,3.0,4.0,2.0,3.0
313,46,2,2,3,4.0,3.0,3.0,3.0,4.0,3.0,3.0,,4.0,4.0,2.0,2.0,,4.0,4.0,4.0,5.0,3.0,4.0,3.0,3.0,4.0,3.0,3.0
314,48,1,2,2,,3.0,3.0,3.0,3.0,4.0,3.0,4.0,3.0,2.0,3.0,3.0,,2.0,2.0,,2.0,4.0,3.0,2.0,3.0,2.0,3.0,3.0
315,31,2,3,1,4.0,3.0,3.0,3.0,4.0,3.0,2.0,3.0,2.0,3.0,2.0,3.0,3.0,2.0,3.0,3.0,3.0,2.0,4.0,,3.0,2.0,2.0,3.0
316,24,1,2,1,3.0,3.0,3.0,2.0,4.0,4.0,3.0,4.0,2.0,3.0,2.0,3.0,3.0,3.0,3.0,3.0,3.0,2.0,2.0,3.0,3.0,2.0,3.0,3.0
317,30,1,3,1,2.0,,3.0,3.0,3.0,3.0,3.0,3.0,3.0,2.0,3.0,3.0,2.0,3.0,3.0,2.0,2.0,2.0,4.0,3.0,2.0,3.0,3.0,3.0
318,35,1,4,1,2.0,3.0,4.0,3.0,4.0,3.0,3.0,4.0,4.0,3.0,,,3.0,2.0,3.0,2.0,4.0,,4.0,3.0,3.0,3.0,3.0,4.0
319,44,2,3,4,3.0,2.0,5.0,3.0,2.0,3.0,,3.0,3.0,3.0,3.0,2.0,,2.0,,2.0,3.0,4.0,3.0,2.0,2.0,3.0,4.0,3.0
320,40,1,2,1,4.0,4.0,4.0,4.0,4.0,2.0,4.0,3.0,4.0,3.0,3.0,,3.0,1.0,2.0,,2.0,4.0,3.0,2.0,3.0,3.0,3.0,2.0
321,51,2,3,3,2.0,,4.0,2.0,2.0,2.0,2.0,3.0,2.0,2.0,4.0,3.0,2.0,3.0,3.0,3.0,3.0,3.0,3.0,3.0,2.0,3.0,,3.0
322,23,2,1,2,5.0,3.0,3.0,3.0,3.0,4.0,4.0,3.0,3.0,2.0,2.0,3.0,2.0,4.0,2.0,2.0,3.0,4.0,,4.0,3.0,3.0,3.0,1.0
323,24,2,3,1,3.0,3.0,4.0,3.0,3.0,3.0,4.0,3.0,4.0,3.0,3.0,4.0,,3.0,2.0,2.0,4.0,3.0,4.0,4.0,2.0,2.0,3.0,3.0
324,29,1,3,3,4.0,3.0,2.0,3.0,3.0,2.0,5.0,3.0,4.0,3.0,3.0,3.0,5.0,4.0,3.0,1.0,3.0,3.0,3.0,4.0,4.0,3.0,3.0,2.0
325,62,2,2,1,1.0,1.0,1.0,1.0,1.0,1.0,1.0,1.0,1.0,1.0,1.0,1.0,1.0,1.0,1.0,1.0,1.0,1.0,1.0,1.0,1.0,1.0,1.0,1.0
326,53,1,4,2,4.0,3.0,2.0,3.0,3.0,4.0,,,3.0,3.0,4.0,3.0,3.0,5.0,4.0,3.0,3.0,3.0,4.0,3.0,3.0,2.0,2.0,3.0
327,35,1,3,2,3.0,2.0,3.0,3.0,3.0,3.0,,4.0,2.0,4.0,2.0,3.0,2.0,4.0,3.0,3.0,3.0,2.0,3.0,4.0,2.0,4.0,2.0,3.0
328,54,1,4,1,3.0,3.0,4.0,3.0,3.0,3.0,4.0,2.0,3.0,4.0,4.0,2.0,3.0,2.0,,3.0,3.0,4.0,2.0,3.0,4.0,2.0,3.0,3.0
329,41,2,3,2,4.0,4.0,4.0,4.0,4.0,3.0,4.0,3.0,,2.0,,2.0,3.0,3.0,3.0,3.0,3.0,3.0,4.0,3.0,2.0,3.0,3.0,3.0
330,27,2,3,2,,3.0,4.0,4.0,3.0,3.0,5.0,3.0,3.0,3.0,2.0,3.0,2.0,3.0,3.0,4.0,3.0,3.0,2.0,3.0,3.0,,2.0,3.0
331,25,1,2,2,4.0,3.0,3.0,4.0,4.0,3.0,2.0,3.0,4.0,3.0,2.0,,4.0,2.0,2.0,,3.0,2.0,3.0,,,,3.0,3.0
332,43,2,3,2,4.0,1.0,3.0,4.0,5.0,,3.0,2.0,2.0,3.0,3.0,3.0,4.0,3.0,2.0,4.0,3.0,3.0,,3.0,4.0,4.0,4.0,3.0
333,18,1,4,1,3.0,4.0,3.0,3.0,3.0,2.0,4.0,,4.0,3.0,3.0,3.0,3.0,3.0,1.0,2.0,2.0,3.0,4.0,2.0,2.0,2.0,2.0,3.0
334,60,2,3,3,3.0,2.0,4.0,3.0,3.0,,4.0,2.0,3.0,2.0,5.0,3.0,3.0,3.0,3.0,2.0,3.0,2.0,4.0,2.0,4.0,3.0,3.0,3.0
335,48,2,3,1,3.0,4.0,,3.0,3.0,4.0,2.0,3.0,,,4.0,4.0,3.0,3.0,,3.0,2.0,1.0,,2.0,3.0,1.0,,4.0
336,59,2,3,2,3.0,3.0,3.0,4.0,2.0,3.0,4.0,2.0,3.0,3.0,2.0,3.0,2.0,4.0,3.0,4.0,3.0,3.0,3.0,3.0,3.0,2.0,,3.0
337,35,1,4,2,4.0,3.0,4.0,3.0,3.0,3.0,4.0,2.0,4.0,3.0,2.0,3.0,4.0,3.0,3.0,3.0,3.0,4.0,3.0,3.0,3.0,4.0,2.0,
338,39,1,3,1,4.0,4.0,,3.0,4.0,3.0,4.0,3.0,3.0,3.0,3.0,2.0,4.0,,3.0,3.0,3.0,2.0,4.0,3.0,4.0,2.0,3.0,5.0
339,58,2,4,1,3.0,,4.0,3.0,,3.0,3.0,3.0,3.0,3.0,3.0,3.0,2.0,2.0,3.0,2.0,4.0,2.0,3.0,3.0,2.0,2.0,4.0,4.0
340,28,1,2,2,4.0,3.0,,2.0,2.0,2.0,4.0,3.0,1.0,3.0,4.0,3.0,2.0,2.0,3.0,3.0,2.0,2.0,3.0,3.0,3.0,2.0,3.0,3.0
341,38,1,1,2,3.0,,3.0,4.0,3.0,2.0,2.0,3.0,4.0,3.0,3.0,3.0,3.0,4.0,2.0,4.0,2.0,2.0,3.0,,2.0,2.0,4.0,4.0
342,65,1,2,1,3.0,3.0,3.0,3.0,4.0,5.0,4.0,3.0,2.0,3.0,3.0,3.0,2.0,2.0,3.0,2.0,2.0,3.0,3.0,5.0,3.0,3.0,3.0,4.0
343,51,1,3,2,4.0,3.0,3.0,4.0,4.0,3.0,3.0,3.0,3.0,,3.0,3.0,3.0,3.0,4.0,4.0,5.0,2.0,4.0,3.0,3.0,3.0,3.0,4.0
344,42,2,1,1,2.0,3.0,3.0,3.0,,4.0,2.0,2.0,,3.0,3.0,3.0,2.0,3.0,2.0,3.0,2.0,4.0,2.0,3.0,2.0,2.0,3.0,4.0
345,32,1,2,1,,4.0,,3.0,2.0,2.0,2.0,,3.0,4.0,4.0,3.0,4.0,3.0,3.0,3.0,4.0,3.0,3.0,2.0,3.0,3.0,3.0,
346,44,2,3,1,4.0,3.0,2.0,3.0,4.0,,5.0,4.0,3.0,3.0,3.0,3.0,2.0,3.0,4.0,3.0,,2.0,3.0,1.0,2.0,,3.0,
347,30,2,3,1,3.0,,2.0,3.0,3.0,3.0,2.0,2.0,,2.0,4.0,2.0,3.0,3.0,3.0,2.0,3.0,3.0,3.0,2.0,2.0,3.0,3.0,3.0
348,21,1,3,1,4.0,3.0,4.0,2.0,4.0,3.0,2.0,3.0,2.0,2.0,1.0,3.0,3.0,3.0,3.0,2.0,3.0,3.0,3.0,3.0,3.0,3.0,,3.0
349,25,2,3,2,2.0,5.0,4.0,3.0,3.0,3.0,2.0,3.0,3.0,4.0,3.0,,4.0,3.0,2.0,2.0,3.0,4.0,2.0,2.0,4.0,3.0,3.0,2.0
350,34,2,3,1,2.0,4.0,,3.0,2.0,4.0,2.0,,4.0,4.0,3.0,3.0,3.0,3.0,3.0,3.0,2.0,3.0,3.0,3.0,4.0,3.0,5.0,3.0
351,20,1,3,2,3.0,3.0,,2.0,3.0,3.0,3.0,4.0,2.0,3.0,3.0,2.0,3.0,3.0,2.0,2.0,3.0,5.0,,3.0,3.0,2.0,4.0,3.0
352,41,2,4,1,3.0,,4.0,3.0,1.0,3.0,,4.0,2.0,3.0,4.0,3.0,4.0,3.0,2.0,3.0,2.0,3.0,4.0,3.0,3.0,,3.0,3.0
353,39,2,1,2,3.0,4.0,3.0,4.0,4.0,4.0,3.0,4.0,4.0,3.0,4.0,3.0,3.0,4.0,3.0,3.0,4.0,2.0,3.0,2.0,3.0,3.0,2.0,3.0
354,31,2,1,1,3.0,3.0,3.0,5.0,3.0,3.0,3.0,4.0,3.0,3.0,3.0,2.0,3.0,4.0,4.0,3.0,2.0,3.0,3.0,3.0,4.0,,3.0,4.0
355,27,1,3,2,4.0,3.0,3.0,2.0,3.0,5.0,4.0,2.0,4.0,2.0,3.0,3.0,3.0,3.0,,3.0,3.0,3.0,4.0,3.0,3.0,2.0,3.0,3.0
356,63,2,3,2,3.0,3.0,3.0,2.0,3.0,4.0,2.0,4.0,3.0,3.0,3.0,3.0,3.0,3.0,3.0,3.0,2.0,3.0,3.0,3.0,2.0,3.0,3.0,2.0
357,40,1,3,4,3.0,4.0,3.0,3.0,3.0,4.0,4.0,2.0,3.0,3.0,3.0,4.0,2.0,2.0,2.0,2.0,4.0,3.0,2.0,3.0,3.0,3.0,2.0,
358,57,2,3,1,2.0,2.0,3.0,3.0,3.0,2.0,2.0,4.0,3.0,3.0,3.0,4.0,4.0,4.0,3.0,3.0,3.0,4.0,2.0,4.0,3.0,3.0,3.0,4.0
359,63,1,4,4,3.0,3.0,3.0,3.0,3.0,4.0,4.0,2.0,3.0,3.0,3.0,3.0,3.0,3.0,2.0,3.0,4.0,4.0,3.0,2.0,2.0,2.0,2.0,2.0
360,27,1,4,2,3.0,,3.0,3.0,4.0,4.0,3.0,3.0,2.0,3.0,4.0,1.0,2.0,2.0,4.0,2.0,2.0,3.0,3.0,3.0,3.0,3.0,3.0,3.0
361,50,2,4,2,4.0,3.0,3.0,4.0,,3.0,,3.0,3.0,2.0,3.0,2.0,2.0,,2.0,3.0,4.0,4.0,3.0,3.0,3.0,2.0,2.0,3.0
362,50,2,4,1,3.0,4.0,4.0,3.0,3.0,2.0,4.0,2.0,2.0,2.0,2.0,3.0,3.0,3.0,3.0,2.0,3.0,4.0,,,3.0,1.0,4.0,2.0
363,32,1,4,2,3.0,2.0,,2.0,4.0,3.0,3.0,3.0,2.0,3.0,3.0,3.0,3.0,3.0,3.0,3.0,4.0,2.0,3.0,4.0,3.0,3.0,2.0,3.0
364,21,2,3,2,3.0,3.0,2.0,3.0,4.0,3.0,4.0,3.0,3.0,4.0,3.0,4.0,5.0,3.0,3.0,3.0,2.0,2.0,,2.0,3.0,4.0,2.0,4.0
365,33,2,4,4,3.0,3.0,4.0,3.0,3.0,2.0,3.0,4.0,2.0,4.0,3.0,3.0,3.0,3.0,4.0,2.0,3.0,3.0,2.0,3.0,3.0,,3.0,2.0
366,23,2,4,2,4.0,3.0,4.0,,,4.0,4.0,2.0,2.0,3.0,4.0,3.0,2.0,3.0,,3.0,3.0,3.0,2.0,3.0,4.0,3.0,3.0,3.0
367,43,1,4,1,2.0,4.0,3.0,3.0,5.0,3.0,4.0,4.0,2.0,4.0,2.0,2.0,3.0,3.0,2.0,3.0,3.0,4.0,2.0,4.0,2.0,4.0,2.0,
368,21,2,4,2,3.0,3.0,2.0,,5.0,4.0,3.0,2.0,1.0,2.0,2.0,2.0,,3.0,3.0,2.0,2.0,2.0,2.0,4.0,3.0,4.0,1.0,4.0
369,23,2,4,2,4.0,4.0,3.0,2.0,3.0,4.0,2.0,4.0,,2.0,3.0,3.0,3.0,1.0,3.0,2.0,3.0,3.0,3.0,4.0,5.0,3.0,3.0,2.0
370,59,1,4,3,3.0,3.0,3.0,3.0,3.0,4.0,3.0,3.0,2.0,2.0,3.0,,3.0,,2.0,4.0,3.0,2.0,3.0,4.0,2.0,4.0,3.0,3.0
371,41,2,3,1,4.0,3.0,2.0,2.0,3.0,4.0,3.0,3.0,3.0,2.0,3.0,3.0,3.0,3.0,3.0,3.0,,4.0,3.0,3.0,3.0,3.0,4.0,3.0
372,41,2,4,4,3.0,3.0,4.0,4.0,4.0,2.0,5.0,2.0,3.0,2.0,3.0,3.0,4.0,3.0,3.0,3.0,4.0,3.0,3.0,2.0,4.0,3.0,3.0,2.0
373,42,2,3,1,3.0,4.0,2.0,3.0,3.0,4.0,3.0,2.0,2.0,3.0,3.0,2.0,3.0,4.0,2.0,2.0,3.0,4.0,2.0,3.0,3.0,4.0,3.0,2.0
374,18,2,3,1,4.0,4.0,2.0,3.0,3.0,,3.0,3.0,2.0,2.0,3.0,2.0,4.0,2.0,3.0,4.0,4.0,4.0,,4.0,3.0,3.0,3.0,3.0
375,64,2,1,1,1.0,1.0,1.0,1.0,1.0,1.0,1.0,1.0,1.0,1.0,1.0,1.0,1.0,1.0,1.0,1.0,1.0,1.0,1.0,1.0,1.0,1.0,1.0,1.0
376,54,1,4,2,2.0,4.0,4.0,3.0,2.0,4.0,3.0,4.0,1.0,2.0,3.0,4.0,3.0,2.0,2.0,3.0,3.0,2.0,4.0,3.0,2.0,2.0,4.0,2.0
377,19,2,4,1,4.0,4.0,4.0,4.0,4.0,4.0,4.0,4.0,4.0,4.0,4.0,4.0,4.0,4.0,4.0,4.0,4.0,4.0,4.0,4.0,4.0,4.0,4.0,4.0
378,38,2,4,2,4.0,3.0,3.0,3.0,3.0,3.0,2.0,2.0,3.0,2.0,2.0,3.0,,3.0,2.0,3.0,2.0,3.0,3.0,,2.0,4.0,2.0,
379,55,1,4,2,3.0,2.0,4.0,4.0,4.0,3.0,3.0,3.0,3.0,2.0,3.0,3.0,3.0,4.0,2.0,3.0,3.0,2.0,2.0,3.0,2.0,3.0,2.0,3.0
380,36,2,3,1,3.0,3.0,3.0,2.0,4.0,3.0,3.0,3.0,4.0,3.0,3.0,,4.0,3.0,2.0,,2.0,2.0,3.0,3.0,3.0,3.0,3.0,4.0
381,41,1,2,1,4.0,3.0,3.0,3.0,3.0,3.0,3.0,4.0,2.0,3.0,2.0,5.0,3.0,2.0,3.0,,3.0,3.0,2.0,3.0,4.0,2.0,3.0,4.0
382,42,2,2,1,3.0,3.0,2.0,4.0,3.0,3.0,4.0,3.0,4.0,2.0,4.0,3.0,3.0,2.0,,,4.0,1.0,4.0,3.0,3.0,3.0,3.0,3.0
383,19,1,3,2,3.0,3.0,3.0,3.0,3.0,3.0,3.0,3.0,3.0,3.0,3.0,3.0,3.0,3.0,3.0,3.0,3.0,3.0,3.0,3.0,3.0,3.0,3.0,3.0
384,48,1,3,1,4.0,1.0,2.0,2.0,4.0,4.0,3.0,3.0,3.0,3.0,3.0,,4.0,3.0,3.0,4.0,2.0,2.0,2.0,2.0,2.0,2.0,3.0,3.0
385,29,2,4,3,3.0,2.0,4.0,3.0,2.0,,3.0,4.0,1.0,2.0,2.0,3.0,3.0,3.0,2.0,3.0,4.0,3.0,3.0,,2.0,3.0,3.0,2.0
386,33,1,4,1,3.0,4.0,3.0,2.0,3.0,3.0,4.0,4.0,3.0,3.0,3.0,3.0,3.0,3.0,1.0,2.0,3.0,3.0,2.0,5.0,2.0,3.0,3.0,2.0
387,21,1,2,2,4.0,4.0,2.0,3.0,2.0,4.0,2.0,3.0,2.0,4.0,4.0,3.0,3.0,3.0,3.0,2.0,3.0,3.0,3.0,2.0,,,3.0,4.0
388,19,2,4,4,3.0,4.0,4.0,4.0,4.0,4.0,5.0,5.0,1.0,3.0,3.0,3.0,3.0,3.0,3.0,1.0,3.0,4.0,3.0,3.0,2.0,3.0,2.0,3.0
389,41,2,3,4,3.0,3.0,3.0,3.0,3.0,3.0,3.0,4.0,3.0,4.0,3.0,2.0,4.0,4.0,3.0,3.0,4.0,3.0,4.0,1.0,1.0,1.0,2.0,3.0
390,18,1,3,2,3.0,3.0,,2.0,3.0,3.0,3.0,3.0,2.0,3.0,3.0,3.0,,3.0,2.0,3.0,3.0,4.0,3.0,4.0,3.0,3.0,3.0,3.0
391,22,1,2,1,4.0,4.0,3.0,2.0,4.0,3.0,4.0,3.0,3.0,,,2.0,2.0,4.0,4.0,4.0,,5.0,4.0,3.0,3.0,3.0,2.0,3.0
392,41,2,3,2,2.0,4.0,3.0,4.0,3.0,2.0,3.0,3.0,3.0,3.0,3.0,3.0,4.0,3.0,,1.0,3.0,3.0,,4.0,2.0,5.0,,3.0
393,24,1,4,1,4.0,,3.0,3.0,,2.0,3.0,4.0,3.0,1.0,2.0,4.0,1.0,2.0,3.0,3.0,,,2.0,3.0,2.0,3.0,3.0,
394,36,1,3,4,3.0,3.0,3.0,3.0,2.0,2.0,3.0,4.0,3.0,3.0,,3.0,2.0,,3.0,3.0,3.0,2.0,4.0,2.0,1.0,4.0,3.0,4.0
395,49,2,4,2,,,4.0,3.0,5.0,,4.0,4.0,2.0,2.0,4.0,3.0,4.0,3.0,4.0,3.0,3.0,3.0,3.0,4.0,4.0,2.0,2.0,3.0
396,42,2,3,1,3.0,3.0,3.0,4.0,3.0,,4.0,3.0,4.0,3.0,3.0,3.0,3.0,2.0,,3.0,2.0,3.0,3.0,3.0,3.0,4.0,1.0,1.0
397,37,2,4,1,3.0,3.0,3.0,4.0,4.0,5.0,3.0,3.0,4.0,,4.0,2.0,2.0,3.0,4.0,3.0,3.0,,3.0,2.0,3.0,4.0,2.0,3.0
398,65,2,1,1,4.0,2.0,4.0,4.0,2.0,3.0,3.0,4.0,3.0,3.0,4.0,2.0,3.0,4.0,2.0,4.0,3.0,4.0,4.0,3.0,4.0,3.0,3.0,3.0
399,31,2,1,1,,4.0,3.0,3.0,3.0,2.0,3.0,3.0,2.0,2.0,,2.0,4.0,3.0,4.0,3.0,3.0,2.0,2.0,3.0,,2.0,4.0,2.0
400,53,2,4,1,4.0,3.0,3.0,3.0,3.0,3.0,2.0,3.0,2.0,4.0,3.0,,,3.0,3.0,2.0,3.0,3.0,4.0,2.0,3.0,2.0,3.0,3.0
401,61,2,3,1,3.0,3.0,4.0,3.0,3.0,4.0,3.0,2.0,2.0,3.0,4.0,3.0,3.0,2.0,2.0,3.0,,3.0,5.0,4.0,4.0,3.0,4.0,4.0
402,24,2,2,2,3.0,4.0,4.0,3.0,3.0,4.0,3.0,2.0,3.0,3.0,3.0,3.0,2.0,3.0,2.0,4.0,3.0,3.0,2.0,,4.0,4.0,2.0,3.0
403,54,2,3,2,3.0,3.0,3.0,2.0,3.0,3.0,4.0,4.0,3.0,4.0,3.0,3.0,2.0,4.0,3.0,2.0,3.0,2.0,4.0,2.0,4.0,3.0,4.0,3.0
404,55,1,4,2,2.0,4.0,2.0,3.0,3.0,3.0,4.0,3.0,4.0,,2.0,3.0,3.0,4.0,3.0,3.0,3.0,1.0,3.0,2.0,3.0,3.0,3.0,3.0
405,51,2,3,1,3.0,4.0,,3.0,,4.0,3.0,3.0,3.0,2.0,3.0,3.0,4.0,4.0,2.0,2.0,2.0,3.0,1.0,2.0,3.0,,,3.0
406,32,1,4,2,2.0,3.0,2.0,3.0,3.0,,,2.0,3.0,4.0,3.0,4.0,3.0,3.0,2.0,2.0,,3.0,2.0,2.0,3.0,3.0,3.0,4.0
407,45,2,4,3,2.0,,4.0,3.0,3.0,3.0,3.0,,3.0,2.0,4.0,3.0,3.0,3.0,,2.0,4.0,3.0,3.0,4.0,,3.0,2.0,3.0
408,31,1,3,3,4.0,4.0,4.0,3.0,2.0,3.0,4.0,3.0,3.0,3.0,2.0,3.0,3.0,3.0,3.0,2.0,3.0,,2.0,2.0,2.0,3.0,3.0,3.0
409,40,1,2,4,2.0,,3.0,3.0,3.0,1.0,5.0,3.0,,2.0,2.0,4.0,3.0,2.0,3.0,2.0,1.0,3.0,3.0,4.0,2.0,3.0,3.0,4.0
410,45,2,3,1,,3.0,3.0,3.0,4.0,,3.0,3.0,3.0,3.0,2.0,3.0,4.0,3.0,3.0,4.0,4.0,4.0,3.0,4.0,3.0,5.0,3.0,3.0
411,21,1,4,4,4.0,2.0,2.0,3.0,3.0,2.0,3.0,,3.0,3.0,2.0,4.0,2.0,3.0,2.0,3.0,3.0,4.0,2.0,4.0,2.0,3.0,3.0,3.0
412,46,2,2,1,3.0,4.0,2.0,3.0,3.0,4.0,4.0,3.0,3.0,2.0,4.0,,3.0,4.0,2.0,3.0,4.0,3.0,3.0,4.0,4.0,2.0,3.0,2.0
413,42,2,4,2,3.0,4.0,3.0,3.0,3.0,3.0,3.0,3.0,4.0,2.0,2.0,3.0,3.0,4.0,2.0,1.0,2.0,5.0,3.0,3.0,3.0,2.0,2.0,
414,54,2,2,1,3.0,3.0,4.0,4.0,4.0,3.0,3.0,4.0,3.0,4.0,3.0,2.0,3.0,3.0,3.0,3.0,3.0,3.0,,2.0,4.0,3.0,3.0,
415,32,2,2,3,4.0,4.0,4.0,3.0,3.0,4.0,,,2.0,3.0,3.0,3.0,4.0,2.0,1.0,2.0,1.0,2.0,2.0,4.0,3.0,,3.0,2.0
416,54,2,2,1,3.0,4.0,3.0,3.0,3.0,4.0,3.0,5.0,3.0,3.0,3.0,3.0,4.0,3.0,3.0,2.0,4.0,2.0,2.0,3.0,2.0,3.0,2.0,
417,40,2,2,3,3.0,,3.0,2.0,4.0,3.0,2.0,4.0,3.0,3.0,3.0,3.0,3.0,3.0,,3.0,3.0,3.0,3.0,3.0,4.0,3.0,4.0,1.0
418,59,2,3,4,3.0,3.0,2.0,,3.0,4.0,4.0,3.0,1.0,3.0,3.0,3.0,3.0,2.0,4.0,4.0,2.0,1.0,,3.0,3.0,2.0,3.0,4.0
419,50,1,4,1,4.0,4.0,4.0,,4.0,3.0,4.0,3.0,4.0,3.0,4.0,2.0,3.0,2.0,3.0,3.0,4.0,3.0,2.0,3.0,3.0,3.0,3.0,4.0
420,21,2,1,1,4.0,2.0,4.0,3.0,2.0,3.0,3.0,3.0,3.0,1.0,4.0,3.0,3.0,,3.0,,3.0,4.0,3.0,4.0,3.0,3.0,3.0,4.0
421,54,2,4,1,3.0,4.0,,2.0,2.0,4.0,,3.0,2.0,3.0,3.0,2.0,2.0,3.0,2.0,3.0,4.0,,2.0,,2.0,4.0,4.0,4.0
422,54,2,3,2,2.0,2.0,4.0,3.0,3.0,3.0,3.0,3.0,2.0,2.0,3.0,3.0,2.0,,2.0,2.0,4.0,3.0,3.0,3.0,2.0,3.0,4.0,3.0
423,62,1,3,2,2.0,3.0,3.0,3.0,3.0,3.0,4.0,4.0,3.0,3.0,,2.0,,3.0,5.0,2.0,,4.0,4.0,3.0,4.0,3.0,4.0,2.0
424,19,2,1,1,3.0,4.0,3.0,3.0,4.0,4.0,3.0,2.0,4.0,3.0,3.0,2.0,1.0,4.0,4.0,4.0,3.0,3.0,3.0,,4.0,4.0,3.0,2.0
425,61,2,4,2,4.0,2.0,2.0,3.0,4.0,3.0,2.0,3.0,2.0,4.0,3.0,5.0,3.0,3.0,3.0,4.0,3.0,3.0,3.0,3.0,2.0,2.0,2.0,
426,48,2,4,4,3.0,,3.0,4.0,4.0,3.0,3.0,3.0,3.0,2.0,3.0,2.0,2.0,1.0,3.0,3.0,2.0,4.0,3.0,3.0,,2.0,2.0,4.0
427,48,2,2,1,3.0,4.0,4.0,2.0,2.0,3.0,2.0,,4.0,3.0,3.0,3.0,2.0,3.0,,3.0,2.0,4.0,,4.0,,3.0,2.0,4.0
428,33,1,3,1,3.0,4.0,3.0,2.0,3.0,4.0,3.0,3.0,3.0,3.0,4.0,2.0,2.0,4.0,4.0,3.0,,3.0,3.0,3.0,4.0,4.0,2.0,
429,36,2,4,3,4.0,3.0,4.0,3.0,4.0,3.0,3.0,3.0,2.0,3.0,3.0,3.0,3.0,4.0,3.0,,2.0,4.0,3.0,,3.0,,3.0,4.0
430,52,1,4,1,3.0,4.0,3.0,3.0,4.0,1.0,3.0,3.0,3.0,2.0,3.0,3.0,3.0,3.0,2.0,2.0,3.0,3.0,2.0,4.0,1.0,3.0,2.0,3.0
431,30,1,2,2,4.0,2.0,3.0,3.0,4.0,3.0,4.0,3.0,5.0,,3.0,3.0,3.0,3.0,3.0,3.0,3.0,3.0,1.0,3.0,3.0,2.0,3.0,1.0
432,25,1,1,1,3.0,3.0,4.0,3.0,3.0,3.0,3.0,3.0,2.0,3.0,4.0,2.0,2.0,3.0,3.0,3.0,2.0,3.0,2.0,2.0,3.0,4.0,4.0,4.0
433,24,2,4,1,2.0,2.0,4.0,3.0,3.0,3.0,3.0,2.0,3.0,4.0,2.0,3.0,3.0,4.0,3.0,3.0,4.0,2.0,4.0,3.0,1.0,2.0,,2.0
434,37,2,3,1,4.0,4.0,3.0,2.0,2.0,3.0,3.0,2.0,2.0,2.0,3.0,3.0,2.0,3.0,3.0,3.0,3.0,3.0,2.0,3.0,5.0,4.0,4.0,2.0
435,57,2,4,2,3.0,3.0,4.0,3.0,4.0,4.0,3.0,,2.0,2.0,4.0,2.0,3.0,3.0,,,3.0,2.0,3.0,3.0,4.0,2.0,3.0,
436,38,2,3,3,4.0,3.0,3.0,2.0,3.0,3.0,3.0,3.0,3.0,,3.0,3.0,3.0,3.0,3.0,2.0,2.0,4.0,3.0,3.0,4.0,3.0,3.0,4.0
437,53,1,3,1,3.0,3.0,4.0,,3.0,4.0,3.0,3.0,3.0,,3.0,3.0,2.0,5.0,3.0,4.0,2.0,,3.0,,,4.0,2.0,3.0
438,64,2,1,3,4.0,,4.0,2.0,3.0,2.0,2.0,3.0,4.0,3.0,3.0,4.0,,3.0,2.0,,3.0,2.0,3.0,3.0,2.0,4.0,3.0,4.0
439,64,2,3,1,1.0,1.0,1.0,1.0,1.0,1.0,1.0,1.0,1.0,1.0,1.0,1.0,1.0,1.0,1.0,1.0,1.0,1.0,1.0,1.0,1.0,1.0,1.0,1.0
440,57,2,2,2,4.0,2.0,3.0,3.0,2.0,3.0,3.0,3.0,2.0,3.0,3.0,3.0,2.0,4.0,4.0,2.0,4.0,2.0,2.0,2.0,4.0,5.0,1.0,3.0
441,58,2,3,1,4.0,3.0,3.0,4.0,3.0,5.0,4.0,3.0,2.0,3.0,2.0,2.0,4.0,3.0,2.0,2.0,2.0,3.0,2.0,2.0,4.0,3.0,3.0,2.0
442,28,2,3,2,4.0,4.0,2.0,4.0,4.0,4.0,5.0,3.0,3.0,3.0,3.0,2.0,4.0,2.0,2.0,3.0,3.0,1.0,,3.0,4.0,2.0,3.0,2.0
443,20,1,4,2,3.0,3.0,3.0,4.0,,4.0,4.0,3.0,2.0,2.0,2.0,,4.0,3.0,4.0,3.0,3.0,3.0,3.0,2.0,3.0,4.0,5.0,2.0
444,44,1,2,1,3.0,2.0,3.0,4.0,4.0,2.0,3.0,2.0,2.0,2.0,2.0,3.0,3.0,2.0,2.0,2.0,4.0,2.0,2.0,4.0,3.0,2.0,3.0,4.0
445,58,2,1,1,4.0,3.0,3.0,3.0,4.0,4.0,3.0,3.0,3.0,2.0,2.0,3.0,3.0,3.0,4.0,,3.0,4.0,4.0,2.0,2.0,1.0,2.0,4.0
446,45,2,3,1,2.0,5.0,3.0,3.0,3.0,4.0,3.0,3.0,,2.0,4.0,2.0,4.0,3.0,3.0,3.0,3.0,4.0,,2.0,2.0,3.0,3.0,3.0
447,42,1,2,2,4.0,3.0,2.0,3.0,3.0,3.0,3.0,3.0,3.0,2.0,3.0,2.0,2.0,2.0,2.0,1.0,3.0,4.0,3.0,3.0,3.0,3.0,3.0,3.0
448,39,1,3,2,3.0,3.0,2.0,2.0,2.0,3.0,4.0,3.0,3.0,,2.0,2.0,2.0,2.0,3.0,3.0,2.0,3.0,3.0,2.0,3.0,3.0,2.0,3.0
449,54,1,4,2,2.0,2.0,2.0,2.0,2.0,2.0,2.0,2.0,2.0,2.0,2.0,2.0,2.0,2.0,2.0,2.0,2.0,2.0,2.0,2.0,2.0,2.0,2.0,2.0
450,28,1,3,4,3.0,3.0,3.0,4.0,4.0,4.0,3.0,3.0,2.0,3.0,2.0,,2.0,3.0,3.0,2.0,2.0,,3.0,,3.0,2.0,4.0,
451,59,2,1,1,3.0,4.0,4.0,2.0,2.0,4.0,3.0,3.0,2.0,4.0,3.0,3.0,3.0,3.0,3.0,2.0,2.0,3.0,,,2.0,3.0,3.0,
452,56,1,2,2,2.0,3.0,3.0,3.0,3.0,4.0,2.0,3.0,3.0,,4.0,3.0,3.0,4.0,3.0,3.0,4.0,4.0,3.0,,3.0,2.0,3.0,3.0
453,48,2,3,2,3.0,4.0,4.0,2.0,4.0,4.0,4.0,4.0,3.0,3.0,2.0,4.0,,3.0,2.0,3.0,3.0,3.0,3.0,3.0,,3.0,3.0,3.0
454,49,2,2,1,3.0,4.0,3.0,3.0,4.0,4.0,2.0,4.0,2.0,3.0,4.0,3.0,3.0,,2.0,3.0,,2.0,4.0,3.0,3.0,2.0,2.0,4.0
455,28,2,2,2,4.0,4.0,2.0,3.0,3.0,5.0,2.0,4.0,2.0,2.0,,3.0,2.0,4.0,2.0,4.0,3.0,2.0,2.0,3.0,3.0,,,4.0
456,42,1,3,1,3.0,,2.0,4.0,3.0,2.0,3.0,3.0,4.0,2.0,3.0,2.0,1.0,3.0,3.0,3.0,4.0,3.0,2.0,3.0,3.0,4.0,2.0,3.0
457,24,1,3,2,2.0,3.0,3.0,3.0,3.0,4.0,2.0,3.0,3.0,4.0,3.0,3.0,2.0,2.0,4.0,2.0,4.0,4.0,3.0,3.0,4.0,2.0,,4.0
458,19,1,2,1,4.0,3.0,3.0,3.0,3.0,3.0,2.0,4.0,4.0,3.0,4.0,3.0,3.0,3.0,,3.0,,,3.0,3.0,3.0,3.0,3.0,3.0
459,48,1,3,2,3.0,3.0,3.0,3.0,4.0,3.0,3.0,4.0,3.0,4.0,3.0,3.0,3.0,2.0,3.0,2.0,3.0,3.0,3.0,3.0,3.0,2.0,3.0,3.0
460,45,1,3,3,3.0,3.0,4.0,3.0,,3.0,3.0,4.0,3.0,4.0,3.0,3.0,3.0,2.0,3.0,4.0,2.0,3.0,4.0,2.0,3.0,3.0,3.0,3.0
461,28,2,3,2,4.0,2.0,3.0,5.0,3.0,2.0,4.0,3.0,3.0,1.0,4.0,2.0,3.0,2.0,3.0,2.0,,2.0,3.0,3.0,,2.0,2.0,2.0
462,44,1,4,1,1.0,4.0,,2.0,2.0,4.0,3.0,4.0,4.0,4.0,3.0,4.0,2.0,2.0,3.0,3.0,2.0,3.0,5.0,2.0,4.0,2.0,4.0,2.0
463,44,2,3,1,3.0,3.0,2.0,3.0,3.0,3.0,3.0,3.0,3.0,4.0,1.0,3.0,3.0,2.0,3.0,1.0,4.0,1.0,2.0,,4.0,2.0,4.0,2.0
464,48,2,3,2,2.0,3.0,4.0,3.0,4.0,4.0,3.0,3.0,2.0,3.0,4.0,3.0,4.0,3.0,3.0,3.0,3.0,2.0,4.0,3.0,3.0,3.0,4.0,3.0
465,40,1,2,2,3.0,2.0,2.0,3.0,,3.0,3.0,3.0,3.0,3.0,,2.0,3.0,3.0,2.0,3.0,3.0,,3.0,3.0,3.0,2.0,4.0,2.0
466,20,2,4,2,2.0,3.0,3.0,4.0,3.0,3.0,4.0,4.0,4.0,3.0,3.0,3.0,3.0,1.0,2.0,3.0,2.0,4.0,3.0,1.0,4.0,3.0,2.0,
467,45,2,2,2,3.0,3.0,3.0,3.0,3.0,3.0,4.0,3.0,4.0,3.0,,3.0,5.0,4.0,4.0,4.0,4.0,1.0,2.0,3.0,3.0,3.0,2.0,3.0
468,50,2,2,1,5.0,2.0,4.0,4.0,3.0,3.0,3.0,4.0,2.0,3.0,3.0,3.0,3.0,2.0,2.0,2.0,4.0,3.0,3.0,,3.0,2.0,3.0,4.0
469,28,2,3,2,4.0,3.0,2.0,4.0,3.0,,2.0,3.0,3.0,3.0,3.0,3.0,2.0,3.0,3.0,3.0,4.0,3.0,5.0,2.0,2.0,2.0,3.0,3.0
470,32,2,3,1,4.0,4.0,4.0,4.0,4.0,4.0,4.0,2.0,2.0,2.0,2.0,4.0,2.0,,3.0,3.0,2.0,3.0,2.0,3.0,4.0,3.0,2.0,1.0
471,63,1,3,1,3.0,3.0,4.0,2.0,3.0,5.0,,3.0,4.0,3.0,1.0,3.0,2.0,4.0,,3.0,2.0,4.0,3.0,3.0,3.0,2.0,2.0,2.0
472,61,2,2,2,3.0,3.0,4.0,3.0,3.0,,3.0,3.0,3.0,2.0,3.0,3.0,2.0,3.0,2.0,3.0,,3.0,2.0,3.0,3.0,2.0,3.0,4.0
473,20,2,2,2,2.0,3.0,3.0,4.0,4.0,3.0,3.0,5.0,3.0,2.0,3.0,2.0,5.0,4.0,3.0,4.0,1.0,3.0,2.0,3.0,3.0,2.0,1.0,1.0
474,29,1,3,2,2.0,4.0,4.0,4.0,2.0,2.0,,2.0,3.0,4.0,,3.0,3.0,2.0,3.0,3.0,3.0,4.0,2.0,3.0,2.0,3.0,5.0,3.0
475,41,1,2,4,2.0,3.0,3.0,3.0,3.0,3.0,3.0,3.0,3.0,3.0,2.0,2.0,2.0,2.0,2.0,3.0,3.0,4.0,1.0,,2.0,3.0,3.0,3.0
476,46,2,4,1,3.0,4.0,3.0,2.0,3.0,3.0,3.0,3.0,2.0,2.0,4.0,3.0,3.0,3.0,3.0,4.0,3.0,2.0,4.0,3.0,3.0,3.0,2.0,3.0
477,50,1,2,1,4.0,2.0,4.0,3.0,2.0,3.0,4.0,4.0,2.0,3.0,2.0,2.0,3.0,2.0,3.0,2.0,3.0,4.0,3.0,4.0,3.0,,3.0,4.0
478,28,1,4,1,3.0,3.0,5.0,2.0,4.0,2.0,4.0,3.0,3.0,2.0,3.0,2.0,2.0,4.0,2.0,3.0,3.0,4.0,2.0,3.0,4.0,4.0,3.0,2.0
479,61,2,4,1,4.0,3.0,2.0,2.0,3.0,3.0,3.0,3.0,3.0,3.0,3.0,2.0,1.0,3.0,3.0,2.0,3.0,4.0,3.0,3.0,3.0,,2.0,3.0
480,28,2,3,4,4.0,2.0,2.0,3.0,,4.0,3.0,3.0,2.0,2.0,2.0,3.0,4.0,1.0,2.0,3.0,1.0,4.0,4.0,2.0,2.0,3.0,3.0,3.0
481,53,1,3,1,3.0,3.0,4.0,4.0,4.0,2.0,2.0,3.0,,4.0,3.0,2.0,3.0,,2.0,2.0,3.0,3.0,2.0,3.0,3.0,2.0,,2.0
482,32,1,3,2,4.0,3.0,3.0,4.0,3.0,3.0,,4.0,3.0,2.0,2.0,3.0,3.0,3.0,3.0,,3.0,3.0,2.0,1.0,3.0,3.0,,2.0
483,46,2,3,3,2.0,3.0,3.0,2.0,4.0,3.0,3.0,3.0,2.0,4.0,4.0,3.0,2.0,,2.0,,4.0,3.0,3.0,2.0,,3.0,3.0,3.0
484,18,2,4,3,3.0,3.0,3.0,3.0,3.0,3.0,4.0,3.0,,3.0,1.0,3.0,2.0,3.0,3.0,3.0,2.0,2.0,3.0,4.0,3.0,3.0,3.0,1.0
485,32,2,1,2,,2.0,3.0,3.0,3.0,4.0,3.0,2.0,3.0,2.0,3.0,,3.0,4.0,2.0,,2.0,,,2.0,3.0,3.0,2.0,1.0
486,27,2,3,1,3.0,3.0,4.0,2.0,2.0,2.0,3.0,4.0,3.0,3.0,2.0,,3.0,4.0,3.0,3.0,2.0,4.0,3.0,3.0,2.0,3.0,3.0,4.0
487,55,2,2,1,3.0,4.0,4.0,3.0,4.0,2.0,2.0,4.0,3.0,4.0,3.0,4.0,2.0,3.0,3.0,,2.0,3.0,2.0,2.0,2.0,3.0,3.0,2.0
488,56,1,2,3,3.0,3.0,3.0,3.0,4.0,3.0,3.0,3.0,2.0,2.0,4.0,4.0,4.0,,2.0,2.0,4.0,1.0,4.0,4.0,1.0,2.0,4.0,3.0
489,47,2,1,2,4.0,3.0,3.0,4.0,3.0,3.0,4.0,4.0,4.0,3.0,2.0,4.0,3.0,2.0,2.0,2.0,4.0,3.0,3.0,2.0,2.0,3.0,3.0,4.0
490,42,1,1,2,3.0,4.0,4.0,3.0,4.0,3.0,4.0,3.0,3.0,4.0,2.0,3.0,4.0,2.0,2.0,2.0,,3.0,,2.0,2.0,4.0,3.0,2.0
491,47,1,2,1,3.0,4.0,3.0,4.0,2.0,4.0,2.0,2.0,2.0,2.0,,3.0,4.0,2.0,2.0,3.0,3.0,3.0,4.0,3.0,4.0,3.0,3.0,4.0
492,23,2,3,1,4.0,5.0,4.0,3.0,2.0,1.0,3.0,4.0,3.0,4.0,2.0,3.0,3.0,3.0,3.0,3.0,4.0,4.0,,4.0,4.0,4.0,3.0,4.0
493,25,1,3,1,,3.0,3.0,4.0,4.0,2.0,2.0,3.0,3.0,2.0,4.0,4.0,,3.0,2.0,2.0,3.0,1.0,3.0,4.0,3.0,2.0,2.0,3.0
494,63,2,4,1,4.0,3.0,3.0,4.0,,3.0,3.0,2.0,2.0,3.0,4.0,4.0,3.0,2.0,3.0,3.0,3.0,3.0,,2.0,,4.0,2.0,3.0
495,19,2,4,2,,4.0,4.0,3.0,3.0,3.0,3.0,3.0,2.0,2.0,3.0,3.0,2.0,3.0,4.0,2.0,,2.0,3.0,3.0,3.0,4.0,2.0,4.0
496,53,2,3,1,4.0,2.0,3.0,3.0,3.0,3.0,4.0,3.0,,3.0,,4.0,3.0,3.0,3.0,3.0,3.0,3.0,3.0,2.0,3.0,3.0,4.0,3.0
497,64,2,2,2,4.0,3.0,,3.0,3.0,3.0,2.0,3.0,3.0,3.0,3.0,2.0,3.0,1.0,3.0,3.0,3.0,3.0,3.0,4.0,2.0,1.0,3.0,3.0
498,60,2,2,1,3.0,5.0,,4.0,3.0,3.0,3.0,3.0,2.0,3.0,,3.0,1.0,,3.0,3.0,4.0,4.0,4.0,1.0,,,4.0,3.0
499,60,2,3,3,4.0,2.0,2.0,4.0,1.0,4.0,4.0,5.0,4.0,4.0,3.0,3.0,4.0,3.0,2.0,4.0,3.0,2.0,2.0,2.0,4.0,3.0,3.0,2.0
500,58,2,3,1,3.0,4.0,3.0,,4.0,4.0,4.0,4.0,2.0,3.0,4.0,2.0,3.0,3.0,1.0,4.0,3.0,2.0,4.0,3.0,4.0,3.0,4.0,2.0
501,55,1,2,1,4.0,4.0,2.0,3.0,3.0,2.0,3.0,3.0,3.0,2.0,3.0,4.0,4.0,3.0,3.0,1.0,2.0,,3.0,4.0,3.0,2.0,1.0,
502,42,1,3,2,1.0,1.0,1.0,1.0,1.0,1.0,1.0,1.0,1.0,1.0,1.0,1.0,1.0,1.0,1.0,1.0,1.0,1.0,1.0,1.0,1.0,1.0,1.0,1.0
503,48,2,3,1,2.0,2.0,3.0,4.0,2.0,3.0,2.0,4.0,4.0,3.0,2.0,4.0,2.0,2.0,3.0,4.0,4.0,3.0,4.0,,3.0,,3.0,3.0
504,34,1,4,3,2.0,2.0,3.0,3.0,3.0,4.0,3.0,2.0,2.0,2.0,3.0,3.0,3.0,4.0,4.0,4.0,4.0,4.0,2.0,3.0,3.0,2.0,3.0,3.0
505,57,1,3,2,3.0,3.0,4.0,,4.0,4.0,3.0,3.0,2.0,3.0,3.0,4.0,3.0,3.0,4.0,1.0,2.0,3.0,2.0,2.0,3.0,2.0,4.0,3.0
506,55,1,3,2,3.0,4.0,3.0,3.0,3.0,,3.0,5.0,3.0,3.0,4.0,3.0,2.0,2.0,3.0,1.0,3.0,,4.0,3.0,3.0,3.0,2.0,4.0
507,54,1,4,1,3.0,3.0,3.0,3.0,3.0,3.0,3.0,4.0,4.0,3.0,2.0,3.0,2.0,1.0,3.0,3.0,3.0,3.0,1.0,3.0,3.0,4.0,2.0,2.0
508,50,1,4,2,3.0,2.0,2.0,4.0,1.0,2.0,3.0,3.0,3.0,4.0,,,3.0,3.0,2.0,3.0,3.0,3.0,3.0,4.0,3.0,3.0,,3.0
509,41,2,4,1,3.0,3.0,3.0,4.0,,3.0,3.0,3.0,2.0,2.0,2.0,2.0,3.0,2.0,2.0,3.0,3.0,2.0,2.0,2.0,3.0,2.0,3.0,3.0
510,65,1,2,2,3.0,3.0,2.0,4.0,,3.0,3.0,4.0,3.0,2.0,4.0,3.0,3.0,3.0,3.0,3.0,2.0,2.0,2.0,3.0,5.0,3.0,2.0,3.0
511,45,1,2,1,3.0,3.0,,2.0,4.0,3.0,,3.0,3.0,3.0,2.0,3.0,2.0,3.0,3.0,2.0,3.0,3.0,4.0,3.0,3.0,2.0,4.0,2.0
512,55,1,3,3,3.0,3.0,2.0,4.0,2.0,3.0,3.0,4.0,2.0,3.0,2.0,3.0,3.0,3.0,3.0,4.0,3.0,1.0,4.0,3.0,3.0,1.0,2.0,3.0
513,18,2,3,2,4.0,4.0,,4.0,3.0,4.0,3.0,3.0,4.0,3.0,2.0,4.0,3.0,3.0,3.0,3.0,,2.0,3.0,3.0,1.0,2.0,3.0,4.0
514,60,2,2,2,2.0,4.0,3.0,3.0,4.0,3.0,3.0,3.0,3.0,2.0,,3.0,3.0,2.0,,3.0,3.0,2.0,4.0,3.0,4.0,3.0,3.0,4.0
515,34,1,3,1,4.0,4.0,2.0,3.0,4.0,2.0,4.0,3.0,2.0,3.0,4.0,3.0,,2.0,1.0,3.0,3.0,2.0,3.0,3.0,4.0,3.0,3.0,2.0
516,42,1,2,2,4.0,4.0,4.0,2.0,3.0,2.0,4.0,2.0,3.0,3.0,3.0,3.0,3.0,2.0,3.0,3.0,3.0,2.0,2.0,3.0,3.0,2.0,,3.0
517,44,1,3,1,4.0,4.0,2.0,4.0,3.0,3.0,3.0,,2.0,2.0,2.0,3.0,2.0,2.0,2.0,3.0,3.0,2.0,3.0,4.0,3.0,2.0,,3.0
518,47,2,3,1,4.0,1.0,2.0,2.0,3.0,4.0,2.0,2.0,3.0,4.0,2.0,3.0,3.0,2.0,2.0,2.0,2.0,3.0,3.0,4.0,3.0,4.0,3.0,2.0
519,36,2,3,2,3.0,3.0,,3.0,4.0,3.0,,3.0,,2.0,2.0,2.0,2.0,4.0,3.0,2.0,3.0,3.0,3.0,3.0,3.0,2.0,2.0,3.0
520,34,1,3,3,3.0,3.0,2.0,3.0,2.0,4.0,3.0,3.0,3.0,3.0,3.0,2.0,3.0,4.0,3.0,2.0,2.0,2.0,2.0,3.0,3.0,4.0,3.0,3.0
521,53,1,3,3,3.0,3.0,4.0,3.0,3.0,4.0,3.0,2.0,4.0,3.0,3.0,4.0,3.0,3.0,3.0,3.0,4.0,3.0,,3.0,3.0,,3.0,2.0
522,63,2,3,1,3.0,3.0,3.0,3.0,4.0,4.0,3.0,3.0,,3.0,2.0,3.0,3.0,4.0,4.0,2.0,4.0,3.0,4.0,3.0,2.0,2.0,3.0,3.0
523,27,1,3,4,4.0,3.0,4.0,4.0,3.0,,2.0,2.0,3.0,3.0,2.0,3.0,2.0,2.0,4.0,4.0,2.0,3.0,3.0,1.0,2.0,3.0,3.0,4.0
524,18,2,4,2,4.0,4.0,4.0,3.0,2.0,4.0,3.0,3.0,3.0,3.0,3.0,3.0,4.0,3.0,2.0,3.0,4.0,3.0,3.0,3.0,2.0,4.0,3.0,3.0
525,36,1,4,1,3.0,3.0,1.0,3.0,4.0,3.0,4.0,3.0,4.0,2.0,3.0,4.0,,,2.0,2.0,1.0,3.0,2.0,3.0,2.0,3.0,2.0,4.0
526,63,2,2,2,4.0,3.0,3.0,3.0,3.0,4.0,3.0,3.0,2.0,4.0,2.0,3.0,3.0,,4.0,2.0,3.0,2.0,2.0,,3.0,4.0,3.0,4.0
527,33,2,1,1,3.0,3.0,3.0,4.0,2.0,3.0,3.0,2.0,3.0,3.0,,3.0,2.0,2.0,,3.0,2.0,3.0,2.0,4.0,3.0,3.0,4.0,3.0
528,30,1,2,1,3.0,3.0,1.0,4.0,,3.0,4.0,3.0,3.0,3.0,2.0,3.0,3.0,2.0,4.0,3.0,3.0,2.0,3.0,1.0,3.0,3.0,3.0,3.0
529,28,1,2,1,3.0,2.0,3.0,3.0,3.0,3.0,4.0,4.0,3.0,3.0,3.0,4.0,1.0,2.0,2.0,3.0,2.0,1.0,2.0,2.0,2.0,3.0,2.0,4.0
530,18,1,3,2,4.0,4.0,4.0,4.0,4.0,4.0,4.0,4.0,4.0,4.0,4.0,4.0,4.0,4.0,4.0,4.0,4.0,4.0,4.0,4.0,4.0,4.0,4.0,4.0
531,61,1,2,1,3.0,2.0,4.0,3.0,3.0,2.0,3.0,2.0,3.0,4.0,4.0,4.0,2.0,1.0,3.0,2.0,2.0,2.0,3.0,3.0,3.0,4.0,3.0,3.0
532,57,1,2,1,4.0,3.0,3.0,3.0,3.0,,3.0,4.0,4.0,3.0,3.0,4.0,2.0,2.0,3.0,,3.0,3.0,2.0,,2.0,4.0,,3.0
533,52,2,3,3,2.0,3.0,3.0,3.0,4.0,3.0,1.0,4.0,4.0,3.0,4.0,3.0,,3.0,,2.0,3.0,4.0,4.0,2.0,2.0,3.0,5.0,3.0
534,26,2,4,1,3.0,3.0,2.0,,4.0,2.0,,3.0,3.0,4.0,,3.0,2.0,2.0,2.0,3.0,2.0,3.0,3.0,2.0,3.0,4.0,4.0,3.0
535,36,1,3,2,4.0,4.0,5.0,,3.0,2.0,5.0,4.0,3.0,,3.0,3.0,3.0,3.0,2.0,3.0,3.0,4.0,4.0,3.0,2.0,3.0,3.0,3.0
536,37,1,4,2,2.0,4.0,3.0,3.0,2.0,4.0,2.0,3.0,4.0,4.0,,3.0,4.0,3.0,2.0,2.0,4.0,3.0,2.0,,3.0,3.0,,2.0
537,57,1,3,1,4.0,2.0,4.0,1.0,3.0,3.0,3.0,4.0,3.0,,3.0,3.0,2.0,3.0,2.0,4.0,2.0,3.0,2.0,4.0,3.0,3.0,3.0,2.0
538,24,2,3,1,4.0,3.0,4.0,3.0,3.0,4.0,2.0,3.0,,2.0,3.0,2.0,4.0,3.0,3.0,,2.0,4.0,2.0,2.0,2.0,3.0,2.0,4.0
539,29,2,1,2,3.0,3.0,3.0,4.0,3.0,4.0,4.0,2.0,4.0,3.0,3.0,3.0,3.0,2.0,3.0,2.0,3.0,2.0,3.0,3.0,3.0,4.0,3.0,2.0
540,44,1,3,2,3.0,3.0,4.0,3.0,3.0,2.0,2.0,3.0,2.0,3.0,4.0,2.0,3.0,4.0,1.0,3.0,4.0,2.0,2.0,2.0,,4.0,2.0,3.0
541,54,1,4,3,,2.0,2.0,3.0,2.0,4.0,4.0,3.0,3.0,3.0,4.0,3.0,3.0,3.0,3.0,4.0,2.0,2.0,4.0,2.0,2.0,3.0,3.0,2.0
542,47,1,3,2,3.0,4.0,3.0,3.0,3.0,4.0,3.0,3.0,3.0,4.0,3.0,3.0,3.0,4.0,2.0,2.0,4.0,3.0,2.0,2.0,,3.0,2.0,1.0
543,53,1,3,2,4.0,,3.0,3.0,4.0,3.0,,4.0,3.0,3.0,3.0,3.0,3.0,4.0,4.0,4.0,3.0,3.0,3.0,3.0,,3.0,3.0,3.0
544,29,2,4,1,3.0,4.0,3.0,3.0,2.0,3.0,3.0,5.0,3.0,4.0,2.0,3.0,4.0,4.0,3.0,3.0,3.0,3.0,3.0,3.0,3.0,3.0,3.0,4.0
545,60,2,3,4,5.0,5.0,5.0,5.0,5.0,5.0,5.0,5.0,5.0,5.0,5.0,5.0,5.0,5.0,5.0,5.0,5.0,5.0,5.0,5.0,5.0,5.0,5.0,5.0
546,37,2,3,3,4.0,3.0,3.0,4.0,3.0,3.0,3.0,4.0,2.0,,4.0,3.0,2.0,3.0,3.0,3.0,,3.0,3.0,3.0,5.0,3.0,4.0,2.0
547,52,2,4,4,3.0,4.0,3.0,3.0,3.0,2.0,,3.0,3.0,3.0,2.0,3.0,3.0,2.0,,1.0,3.0,2.0,3.0,3.0,3.0,2.0,3.0,2.0
548,33,1,3,2,3.0,3.0,2.0,3.0,2.0,3.0,,3.0,3.0,3.0,4.0,2.0,2.0,,3.0,3.0,4.0,2.0,4.0,3.0,3.0,3.0,,3.0
549,50,2,3,2,2.0,3.0,3.0,2.0,4.0,2.0,4.0,4.0,3.0,2.0,3.0,3.0,3.0,3.0,3.0,3.0,3.0,4.0,4.0,4.0,4.0,3.0,,4.0
550,61,1,1,1,2.0,3.0,3.0,,3.0,3.0,3.0,3.0,3.0,3.0,4.0,4.0,3.0,2.0,2.0,3.0,3.0,4.0,,,4.0,2.0,2.0,4.0
551,34,1,4,4,3.0,4.0,2.0,4.0,2.0,4.0,3.0,3.0,3.0,,3.0,4.0,2.0,2.0,2.0,3.0,1.0,2.0,3.0,4.0,3.0,2.0,3.0,1.0
552,53,2,4,1,3.0,3.0,3.0,4.0,3.0,3.0,4.0,3.0,3.0,3.0,3.0,3.0,3.0,2.0,3.0,4.0,3.0,2.0,5.0,2.0,2.0,2.0,2.0,
553,18,1,4,2,3.0,3.0,3.0,4.0,3.0,3.0,4.0,,3.0,4.0,3.0,,,3.0,2.0,,2.0,4.0,3.0,,3.0,4.0,,2.0
554,65,2,2,3,3.0,3.0,3.0,3.0,4.0,3.0,,3.0,,3.0,3.0,3.0,1.0,1.0,2.0,1.0,3.0,3.0,,4.0,3.0,1.0,3.0,2.0
555,61,1,4,1,3.0,4.0,2.0,,4.0,3.0,,3.0,2.0,2.0,4.0,4.0,3.0,4.0,3.0,2.0,3.0,3.0,3.0,4.0,4.0,3.0,3.0,2.0
556,42,2,3,1,3.0,4.0,3.0,1.0,3.0,,3.0,4.0,3.0,4.0,3.0,3.0,3.0,2.0,4.0,3.0,4.0,4.0,2.0,4.0,4.0,4.0,3.0,2.0
557,40,1,3,4,4.0,3.0,4.0,2.0,,3.0,2.0,4.0,3.0,2.0,3.0,4.0,2.0,5.0,3.0,3.0,2.0,2.0,2.0,2.0,3.0,3.0,4.0,4.0
558,63,2,4,2,,3.0,2.0,4.0,3.0,2.0,4.0,2.0,3.0,2.0,2.0,4.0,3.0,2.0,3.0,2.0,3.0,4.0,,3.0,,3.0,3.0,1.0
559,28,2,3,1,4.0,3.0,2.0,3.0,4.0,2.0,2.0,,2.0,3.0,3.0,3.0,4.0,3.0,3.0,3.0,3.0,4.0,2.0,3.0,3.0,3.0,3.0,3.0
560,19,1,3,1,4.0,2.0,4.0,4.0,3.0,3.0,4.0,3.0,3.0,4.0,2.0,4.0,4.0,3.0,3.0,3.0,2.0,3.0,,2.0,3.0,,2.0,3.0
561,31,2,4,4,1.0,4.0,4.0,4.0,3.0,3.0,4.0,3.0,3.0,3.0,3.0,3.0,3.0,2.0,3.0,4.0,1.0,4.0,5.0,3.0,2.0,3.0,3.0,3.0
562,23,1,4,1,4.0,3.0,2.0,3.0,3.0,4.0,3.0,3.0,4.0,3.0,2.0,4.0,,4.0,2.0,3.0,3.0,3.0,3.0,5.0,3.0,3.0,4.0,4.0
563,18,2,4,3,4.0,3.0,2.0,4.0,5.0,3.0,3.0,3.0,3.0,4.0,4.0,3.0,3.0,3.0,3.0,3.0,3.0,3.0,3.0,3.0,1.0,3.0,3.0,4.0
564,55,1,4,2,3.0,3.0,5.0,3.0,2.0,4.0,3.0,4.0,2.0,3.0,3.0,,3.0,3.0,3.0,3.0,2.0,2.0,5.0,4.0,3.0,4.0,2.0,2.0
565,62,2,4,2,3.0,,,5.0,3.0,1.0,3.0,2.0,3.0,3.0,,3.0,3.0,3.0,2.0,4.0,3.0,2.0,3.0,3.0,2.0,,3.0,3.0
566,22,2,3,2,3.0,4.0,2.0,3.0,3.0,4.0,3.0,3.0,1.0,3.0,2.0,4.0,3.0,,4.0,1.0,2.0,3.0,3.0,3.0,2.0,,3.0,3.0
567,53,2,4,2,3.0,3.0,4.0,3.0,2.0,3.0,4.0,3.0,3.0,3.0,3.0,3.0,3.0,3.0,,4.0,1.0,2.0,2.0,4.0,4.0,,3.0,3.0
568,62,2,2,2,4.0,4.0,4.0,5.0,3.0,4.0,5.0,2.0,3.0,,3.0,3.0,4.0,4.0,,3.0,3.0,3.0,3.0,,3.0,3.0,4.0,3.0
569,55,1,4,1,4.0,3.0,2.0,3.0,4.0,4.0,2.0,3.0,3.0,3.0,3.0,2.0,2.0,3.0,3.0,3.0,3.0,5.0,2.0,2.0,3.0,3.0,3.0,3.0
570,48,2,4,2,4.0,3.0,4.0,2.0,3.0,3.0,3.0,2.0,,3.0,,4.0,3.0,4.0,3.0,3.0,,2.0,3.0,2.0,,3.0,3.0,4.0
571,26,2,2,1,1.0,1.0,1.0,1.0,1.0,1.0,1.0,1.0,1.0,1.0,1.0,1.0,1.0,1.0,1.0,1.0,1.0,1.0,1.0,1.0,1.0,1.0,1.0,1.0
572,38,2,4,2,3.0,3.0,2.0,3.0,2.0,3.0,5.0,5.0,4.0,2.0,3.0,2.0,1.0,3.0,3.0,3.0,4.0,4.0,2.0,3.0,3.0,3.0,2.0,3.0
573,23,2,4,2,3.0,4.0,4.0,4.0,3.0,2.0,4.0,4.0,,2.0,3.0,2.0,4.0,2.0,3.0,,3.0,3.0,3.0,2.0,4.0,3.0,,3.0
574,62,2,3,2,3.0,2.0,3.0,3.0,3.0,2.0,3.0,2.0,3.0,2.0,4.0,3.0,3.0,4.0,3.0,4.0,3.0,3.0,1.0,4.0,3.0,3.0,3.0,3.0
575,47,1,1,1,4.0,4.0,4.0,3.0,2.0,4.0,3.0,3.0,3.0,3.0,3.0,3.0,5.0,4.0,3.0,2.0,2.0,3.0,3.0,4.0,3.0,3.0,,2.0
576,22,2,3,2,3.0,4.0,4.0,4.0,3.0,3.0,4.0,2.0,2.0,,4.0,3.0,,2.0,2.0,3.0,3.0,4.0,2.0,2.0,4.0,3.0,3.0,2.0
577,61,1,2,1,3.0,4.0,4.0,4.0,4.0,3.0,3.0,3.0,,2.0,3.0,3.0,1.0,3.0,2.0,3.0,2.0,5.0,3.0,3.0,3.0,,3.0,3.0
578,19,2,1,1,4.0,4.0,2.0,4.0,4.0,5.0,3.0,3.0,3.0,3.0,,1.0,3.0,4.0,3.0,2.0,3.0,4.0,4.0,4.0,3.0,2.0,,3.0
579,45,1,4,2,4.0,2.0,3.0,3.0,4.0,2.0,3.0,3.0,3.0,3.0,2.0,3.0,4.0,3.0,3.0,3.0,2.0,3.0,2.0,2.0,3.0,3.0,3.0,3.0
580,45,1,3,1,3.0,4.0,,4.0,,3.0,3.0,3.0,2.0,4.0,3.0,3.0,4.0,2.0,2.0,3.0,2.0,2.0,4.0,3.0,,2.0,,4.0
581,38,1,3,3,,3.0,,3.0,4.0,2.0,3.0,4.0,2.0,4.0,2.0,3.0,2.0,3.0,2.0,3.0,3.0,3.0,3.0,2.0,4.0,3.0,3.0,3.0
582,49,1,1,2,5.0,,3.0,3.0,3.0,3.0,3.0,5.0,2.0,3.0,3.0,3.0,3.0,3.0,3.0,2.0,3.0,3.0,4.0,,2.0,4.0,3.0,2.0
583,50,2,3,2,3.0,3.0,4.0,,3.0,4.0,2.0,3.0,3.0,3.0,3.0,3.0,3.0,4.0,4.0,3.0,2.0,2.0,3.0,3.0,3.0,,3.0,4.0
584,63,2,3,1,3.0,3.0,2.0,3.0,4.0,3.0,2.0,2.0,3.0,3.0,3.0,3.0,2.0,4.0,,2.0,3.0,3.0,4.0,3.0,,2.0,4.0,5.0
585,63,1,4,1,3.0,3.0,3.0,4.0,3.0,2.0,2.0,3.0,5.0,3.0,3.0,2.0,4.0,2.0,3.0,3.0,3.0,4.0,4.0,3.0,3.0,3.0,4.0,3.0
586,37,1,3,3,5.0,3.0,3.0,4.0,3.0,4.0,4.0,1.0,3.0,4.0,3.0,3.0,4.0,3.0,4.0,4.0,3.0,1.0,2.0,4.0,4.0,3.0,3.0,3.0
587,64,2,3,2,4.0,3.0,3.0,4.0,3.0,4.0,3.0,4.0,3.0,2.0,5.0,2.0,3.0,2.0,2.0,4.0,4.0,4.0,,2.0,3.0,1.0,3.0,2.0
588,41,1,2,2,3.0,3.0,2.0,4.0,1.0,3.0,2.0,4.0,2.0,,,3.0,3.0,3.0,4.0,4.0,4.0,4.0,1.0,2.0,3.0,3.0,2.0,2.0
589,21,1,4,1,3.0,3.0,4.0,3.0,3.0,5.0,3.0,3.0,3.0,1.0,3.0,2.0,2.0,2.0,3.0,3.0,3.0,,3.0,3.0,3.0,2.0,4.0,3.0
590,41,2,3,1,4.0,4.0,3.0,2.0,3.0,3.0,3.0,3.0,3.0,3.0,3.0,1.0,3.0,2.0,1.0,4.0,3.0,2.0,2.0,3.0,3.0,3.0,3.0,3.0
591,43,1,3,2,3.0,4.0,3.0,4.0,2.0,3.0,3.0,3.0,,2.0,3.0,2.0,2.0,3.0,2.0,3.0,2.0,2.0,2.0,4.0,4.0,3.0,2.0,2.0
592,42,2,1,1,4.0,3.0,3.0,3.0,1.0,2.0,3.0,4.0,4.0,3.0,2.0,3.0,3.0,,1.0,2.0,3.0,4.0,2.0,2.0,3.0,4.0,2.0,4.0
593,44,1,3,1,4.0,4.0,4.0,4.0,4.0,4.0,4.0,4.0,4.0,4.0,4.0,4.0,4.0,4.0,4.0,4.0,4.0,4.0,4.0,4.0,4.0,4.0,4.0,4.0
594,27,2,1,1,3.0,2.0,5.0,3.0,3.0,4.0,3.0,,,3.0,2.0,2.0,2.0,2.0,3.0,3.0,,4.0,3.0,4.0,4.0,2.0,4.0,3.0
595,36,1,1,1,3.0,1.0,2.0,3.0,2.0,3.0,1.0,4.0,3.0,2.0,3.0,3.0,2.0,3.0,,2.0,3.0,3.0,4.0,2.0,2.0,3.0,4.0,3.0
596,35,2,3,3,2.0,3.0,4.0,4.0,2.0,,4.0,4.0,3.0,3.0,3.0,3.0,2.0,3.0,4.0,3.0,3.0,3.0,3.0,3.0,3.0,3.0,4.0,3.0
597,18,2,4,1,,3.0,3.0,3.0,3.0,2.0,4.0,4.0,2.0,3.0,2.0,2.0,3.0,3.0,3.0,3.0,3.0,4.0,4.0,4.0,4.0,2.0,4.0,3.0
598,62,2,3,1,3.0,4.0,3.0,,3.0,4.0,3.0,4.0,2.0,4.0,2.0,,1.0,3.0,3.0,2.0,3.0,2.0,3.0,4.0,4.0,3.0,2.0,3.0
599,32,1,2,3,3.0,2.0,,3.0,3.0,3.0,2.0,3.0,3.0,3.0,2.0,1.0,3.0,3.0,2.0,4.0,4.0,4.0,3.0,2.0,2.0,3.0,3.0,2.0
600,37,2,3,1,4.0,4.0,2.0,4.0,2.0,4.0,3.0,4.0,3.0,3.0,3.0,3.0,2.0,2.0,3.0,4.0,3.0,,3.0,3.0,3.0,2.0,3.0,5.0
601,51,2,2,1,3.0,2.0,2.0,3.0,3.0,3.0,4.0,4.0,2.0,3.0,2.0,3.0,4.0,3.0,4.0,4.0,3.0,4.0,3.0,2.0,3.0,3.0,2.0,4.0
602,43,1,3,1,3.0,3.0,4.0,4.0,3.0,3.0,2.0,2.0,4.0,2.0,3.0,2.0,3.0,3.0,2.0,2.0,4.0,4.0,2.0,,3.0,3.0,,4.0
603,49,1,3,3,,3.0,2.0,3.0,2.0,4.0,3.0,3.0,3.0,2.0,3.0,2.0,3.0,4.0,2.0,3.0,3.0,3.0,2.0,2.0,3.0,2.0,3.0,3.0
604,59,1,4,1,4.0,3.0,3.0,4.0,5.0,3.0,4.0,4.0,2.0,3.0,2.0,3.0,3.0,4.0,2.0,2.0,3.0,3.0,4.0,3.0,3.0,3.0,2.0,3.0
605,57,2,3,1,3.0,4.0,3.0,2.0,3.0,3.0,3.0,3.0,3.0,4.0,2.0,3.0,3.0,4.0,2.0,2.0,3.0,3.0,4.0,4.0,3.0,3.0,3.0,
606,51,2,3,1,3.0,3.0,3.0,4.0,5.0,3.0,4.0,3.0,3.0,2.0,3.0,4.0,1.0,,3.0,4.0,4.0,4.0,3.0,4.0,2.0,4.0,3.0,3.0
607,27,1,1,3,3.0,2.0,3.0,2.0,3.0,3.0,2.0,,4.0,2.0,3.0,3.0,4.0,4.0,3.0,3.0,2.0,3.0,3.0,3.0,3.0,3.0,3.0,3.0
608,50,2,2,1,4.0,4.0,3.0,4.0,3.0,,3.0,3.0,,2.0,3.0,3.0,3.0,4.0,4.0,3.0,4.0,3.0,3.0,3.0,2.0,4.0,3.0,2.0
609,64,2,1,1,3.0,4.0,3.0,1.0,3.0,4.0,3.0,4.0,3.0,4.0,2.0,3.0,4.0,3.0,,3.0,2.0,3.0,3.0,2.0,3.0,3.0,2.0,3.0
610,34,1,1,1,4.0,4.0,4.0,4.0,3.0,3.0,4.0,3.0,3.0,3.0,3.0,3.0,2.0,4.0,3.0,2.0,2.0,3.0,4.0,2.0,3.0,3.0,3.0,2.0
611,56,1,2,1,3.0,3.0,5.0,2.0,3.0,2.0,3.0,3.0,3.0,3.0,3.0,1.0,1.0,3.0,3.0,3.0,3.0,3.0,,3.0,3.0,2.0,3.0,4.0
612,42,1,3,2,4.0,2.0,3.0,3.0,,3.0,4.0,4.0,3.0,2.0,,3.0,,2.0,3.0,,3.0,4.0,4.0,3.0,2.0,3.0,3.0,4.0
613,39,1,3,1,3.0,4.0,4.0,2.0,3.0,4.0,,3.0,4.0,2.0,3.0,3.0,2.0,3.0,2.0,2.0,,3.0,4.0,3.0,3.0,2.0,3.0,
614,62,2,1,1,5.0,2.0,3.0,3.0,3.0,4.0,3.0,,3.0,2.0,4.0,3.0,2.0,3.0,4.0,2.0,3.0,4.0,2.0,3.0,4.0,3.0,2.0,2.0
615,51,1,4,1,2.0,3.0,3.0,3.0,5.0,3.0,4.0,4.0,3.0,2.0,,2.0,3.0,,3.0,,3.0,4.0,3.0,2.0,2.0,3.0,3.0,3.0
616,54,2,4,1,4.0,3.0,3.0,3.0,4.0,4.0,3.0,3.0,2.0,3.0,2.0,3.0,2.0,3.0,,3.0,3.0,3.0,3.0,5.0,4.0,3.0,2.0,2.0
617,34,2,4,2,3.0,4.0,3.0,3.0,3.0,4.0,3.0,1.0,1.0,4.0,4.0,,3.0,3.0,3.0,3.0,4.0,3.0,3.0,2.0,2.0,3.0,3.0,2.0
618,38,2,4,1,3.0,3.0,3.0,2.0,2.0,5.0,3.0,3.0,2.0,3.0,3.0,4.0,2.0,4.0,2.0,3.0,3.0,4.0,3.0,2.0,4.0,3.0,3.0,4.0
619,40,1,4,1,4.0,3.0,3.0,3.0,3.0,3.0,3.0,3.0,3.0,3.0,4.0,4.0,4.0,3.0,3.0,4.0,3.0,2.0,4.0,3.0,3.0,2.0,4.0,2.0
620,65,1,3,1,3.0,4.0,3.0,4.0,3.0,3.0,2.0,3.0,4.0,3.0,3.0,3.0,,3.0,3.0,3.0,,3.0,3.0,3.0,3.0,3.0,3.0,3.0
621,63,1,4,2,2.0,2.0,4.0,4.0,2.0,3.0,3.0,4.0,3.0,3.0,4.0,4.0,2.0,1.0,3.0,3.0,3.0,2.0,3.0,3.0,3.0,4.0,3.0,2.0
622,43,2,3,3,2.0,,3.0,,5.0,3.0,4.0,2.0,4.0,2.0,3.0,1.0,3.0,2.0,3.0,4.0,2.0,3.0,4.0,1.0,4.0,4.0,3.0,3.0
623,44,2,4,2,3.0,3.0,3.0,2.0,3.0,3.0,3.0,2.0,2.0,3.0,4.0,2.0,3.0,3.0,4.0,3.0,2.0,2.0,4.0,2.0,,2.0,4.0,2.0
624,42,1,3,1,2.0,2.0,2.0,3.0,3.0,3.0,3.0,3.0,2.0,2.0,4.0,3.0,3.0,2.0,3.0,4.0,2.0,3.0,3.0,2.0,4.0,3.0,2.0,3.0
625,61,2,4,2,3.0,2.0,3.0,4.0,2.0,4.0,3.0,4.0,3.0,2.0,4.0,2.0,3.0,3.0,3.0,2.0,2.0,3.0,3.0,3.0,4.0,3.0,2.0,2.0
626,62,2,3,2,4.0,5.0,4.0,3.0,4.0,3.0,2.0,3.0,2.0,2.0,2.0,3.0,4.0,4.0,3.0,4.0,2.0,3.0,2.0,4.0,3.0,4.0,2.0,3.0
627,33,2,2,1,3.0,1.0,3.0,2.0,3.0,4.0,,2.0,3.0,3.0,4.0,,3.0,3.0,2.0,2.0,3.0,4.0,3.0,4.0,4.0,3.0,3.0,4.0
628,64,1,3,1,3.0,3.0,3.0,2.0,2.0,3.0,3.0,4.0,3.0,4.0,3.0,2.0,3.0,4.0,3.0,3.0,2.0,4.0,3.0,,,3.0,4.0,4.0
629,50,2,2,1,,3.0,4.0,4.0,2.0,2.0,2.0,3.0,3.0,3.0,3.0,4.0,2.0,3.0,2.0,3.0,3.0,3.0,3.0,3.0,4.0,3.0,4.0,3.0
630,46,2,2,2,3.0,4.0,4.0,4.0,3.0,3.0,4.0,3.0,2.0,3.0,3.0,2.0,3.0,1.0,3.0,2.0,3.0,4.0,4.0,4.0,3.0,2.0,1.0,4.0
631,41,2,4,1,2.0,2.0,3.0,2.0,3.0,3.0,2.0,2.0,3.0,3.0,4.0,2.0,3.0,3.0,3.0,3.0,3.0,1.0,,2.0,3.0,4.0,3.0,
632,49,2,2,2,4.0,3.0,3.0,3.0,2.0,,3.0,4.0,3.0,4.0,3.0,3.0,3.0,2.0,3.0,3.0,3.0,4.0,3.0,4.0,2.0,3.0,3.0,3.0
633,51,2,4,2,3.0,4.0,2.0,3.0,4.0,2.0,4.0,4.0,2.0,3.0,4.0,3.0,,2.0,3.0,2.0,2.0,2.0,4.0,,3.0,3.0,2.0,3.0
634,56,2,3,4,3.0,3.0,3.0,3.0,3.0,3.0,3.0,3.0,3.0,3.0,3.0,3.0,3.0,3.0,3.0,3.0,3.0,3.0,3.0,3.0,3.0,3.0,3.0,3.0
635,47,1,3,2,2.0,2.0,4.0,3.0,3.0,3.0,3.0,3.0,3.0,,2.0,1.0,3.0,2.0,4.0,3.0,3.0,,2.0,2.0,4.0,4.0,2.0,5.0
636,42,1,3,2,2.0,4.0,2.0,2.0,3.0,2.0,3.0,3.0,3.0,3.0,3.0,3.0,3.0,1.0,3.0,3.0,3.0,2.0,2.0,5.0,3.0,2.0,3.0,4.0
637,19,2,4,1,2.0,5.0,4.0,,3.0,3.0,5.0,3.0,3.0,3.0,3.0,3.0,4.0,2.0,3.0,4.0,,3.0,3.0,3.0,1.0,3.0,2.0,3.0
638,32,1,3,1,2.0,,2.0,2.0,3.0,3.0,,2.0,,4.0,3.0,2.0,,4.0,2.0,3.0,3.0,4.0,2.0,4.0,5.0,3.0,3.0,2.0
639,64,1,4,1,4.0,4.0,4.0,3.0,3.0,3.0,3.0,4.0,4.0,3.0,2.0,2.0,2.0,3.0,2.0,4.0,3.0,3.0,,3.0,4.0,2.0,2.0,3.0
640,45,2,3,2,,3.0,3.0,3.0,3.0,2.0,3.0,3.0,3.0,2.0,3.0,4.0,2.0,3.0,3.0,3.0,2.0,,1.0,1.0,4.0,2.0,3.0,3.0
641,52,1,2,1,3.0,3.0,4.0,2.0,2.0,2.0,3.0,3.0,2.0,1.0,2.0,2.0,3.0,4.0,2.0,3.0,3.0,3.0,2.0,2.0,2.0,3.0,2.0,2.0
642,49,1,2,2,4.0,2.0,3.0,4.0,2.0,4.0,3.0,3.0,2.0,3.0,,4.0,,2.0,2.0,3.0,4.0,3.0,3.0,3.0,2.0,4.0,3.0,4.0
643,50,1,3,4,3.0,3.0,4.0,4.0,2.0,3.0,4.0,1.0,3.0,4.0,3.0,2.0,4.0,2.0,2.0,3.0,2.0,2.0,3.0,3.0,4.0,4.0,1.0,4.0
644,59,1,3,3,3.0,4.0,3.0,3.0,3.0,5.0,,5.0,3.0,3.0,3.0,3.0,2.0,4.0,2.0,2.0,,3.0,,4.0,2.0,3.0,2.0,
645,54,2,4,3,3.0,4.0,2.0,3.0,3.0,3.0,4.0,3.0,3.0,3.0,3.0,3.0,3.0,3.0,4.0,2.0,1.0,4.0,4.0,2.0,3.0,2.0,3.0,3.0
646,22,2,4,2,3.0,3.0,3.0,,2.0,3.0,2.0,3.0,3.0,3.0,2.0,2.0,4.0,3.0,1.0,3.0,4.0,3.0,3.0,3.0,4.0,3.0,3.0,2.0
647,32,1,3,2,4.0,4.0,4.0,4.0,4.0,3.0,2.0,2.0,3.0,3.0,2.0,3.0,3.0,3.0,3.0,3.0,3.0,2.0,4.0,4.0,3.0,2.0,2.0,3.0
648,55,2,3,1,3.0,3.0,4.0,4.0,4.0,,3.0,2.0,3.0,2.0,3.0,3.0,2.0,3.0,3.0,1.0,3.0,4.0,4.0,5.0,3.0,2.0,4.0,4.0
649,42,1,3,1,,3.0,3.0,4.0,,2.0,3.0,3.0,3.0,3.0,3.0,2.0,3.0,4.0,2.0,2.0,3.0,2.0,3.0,3.0,3.0,3.0,3.0,2.0
650,35,2,3,1,,4.0,2.0,3.0,3.0,4.0,3.0,4.0,3.0,3.0,4.0,4.0,4.0,3.0,2.0,3.0,2.0,4.0,2.0,,,3.0,,3.0
651,43,1,3,1,2.0,2.0,3.0,3.0,2.0,3.0,4.0,3.0,3.0,3.0,3.0,,,3.0,2.0,2.0,3.0,3.0,3.0,3.0,4.0,3.0,3.0,3.0
652,51,1,2,2,5.0,,3.0,4.0,3.0,3.0,2.0,3.0,3.0,,4.0,3.0,3.0,2.0,2.0,3.0,1.0,3.0,2.0,3.0,3.0,4.0,3.0,4.0
653,32,2,4,3,3.0,3.0,3.0,3.0,3.0,4.0,,3.0,4.0,3.0,4.0,3.0,,3.0,3.0,2.0,3.0,3.0,3.0,3.0,,4.0,3.0,4.0
654,48,2,4,2,3.0,4.0,4.0,4.0,5.0,3.0,3.0,3.0,3.0,3.0,4.0,4.0,2.0,3.0,3.0,3.0,3.0,3.0,4.0,3.0,3.0,4.0,3.0,3.0
655,45,1,3,1,4.0,3.0,4.0,,3.0,3.0,3.0,3.0,2.0,3.0,2.0,3.0,3.0,4.0,,3.0,3.0,2.0,2.0,3.0,3.0,3.0,3.0,4.0
656,38,1,3,2,,4.0,4.0,1.0,3.0,3.0,3.0,3.0,,3.0,3.0,3.0,2.0,2.0,4.0,,3.0,2.0,3.0,2.0,4.0,,4.0,1.0
657,55,2,2,1,4.0,2.0,4.0,3.0,3.0,4.0,4.0,2.0,3.0,3.0,3.0,4.0,2.0,3.0,2.0,,3.0,4.0,2.0,4.0,3.0,3.0,2.0,2.0
658,27,2,4,2,4.0,3.0,3.0,4.0,4.0,3.0,2.0,4.0,,3.0,3.0,3.0,4.0,2.0,3.0,4.0,,2.0,4.0,5.0,4.0,2.0,3.0,3.0
659,62,2,1,1,4.0,3.0,4.0,3.0,4.0,4.0,3.0,3.0,4.0,3.0,3.0,3.0,3.0,4.0,3.0,3.0,2.0,2.0,3.0,,2.0,3.0,3.0,2.0
660,51,2,2,1,2.0,3.0,3.0,3.0,3.0,3.0,4.0,3.0,2.0,4.0,2.0,3.0,2.0,3.0,3.0,2.0,,3.0,3.0,2.0,3.0,3.0,5.0,3.0
661,32,1,3,1,2.0,3.0,3.0,,4.0,1.0,2.0,4.0,2.0,3.0,2.0,4.0,3.0,2.0,2.0,,2.0,,4.0,2.0,,4.0,4.0,1.0
662,48,1,3,2,3.0,2.0,2.0,4.0,,,2.0,,,3.0,4.0,2.0,2.0,3.0,3.0,2.0,2.0,3.0,3.0,,3.0,3.0,,3.0
663,60,1,4,1,3.0,,3.0,3.0,1.0,4.0,2.0,2.0,3.0,3.0,2.0,3.0,3.0,4.0,2.0,3.0,3.0,,4.0,3.0,3.0,4.0,3.0,3.0
664,49,2,1,4,2.0,4.0,2.0,3.0,,4.0,4.0,4.0,3.0,4.0,4.0,2.0,4.0,3.0,3.0,2.0,4.0,3.0,4.0,3.0,3.0,2.0,2.0,4.0
665,18,2,3,2,3.0,3.0,3.0,2.0,3.0,2.0,4.0,4.0,3.0,4.0,,2.0,4.0,3.0,4.0,3.0,2.0,,3.0,2.0,2.0,2.0,2.0,3.0
666,55,2,3,1,2.0,4.0,2.0,2.0,3.0,,4.0,4.0,2.0,4.0,3.0,2.0,2.0,3.0,2.0,3.0,2.0,3.0,2.0,1.0,,3.0,4.0,3.0
667,24,1,3,1,2.0,3.0,4.0,2.0,2.0,4.0,2.0,4.0,2.0,2.0,4.0,3.0,3.0,4.0,3.0,3.0,3.0,3.0,,2.0,1.0,3.0,3.0,3.0
668,24,2,3,1,3.0,3.0,3.0,3.0,4.0,3.0,3.0,3.0,3.0,3.0,3.0,,3.0,3.0,3.0,3.0,3.0,2.0,3.0,3.0,3.0,,2.0,3.0
669,40,2,2,1,3.0,3.0,4.0,2.0,3.0,4.0,2.0,3.0,,3.0,4.0,4.0,3.0,2.0,4.0,3.0,4.0,,2.0,3.0,3.0,1.0,3.0,3.0
670,36,2,3,2,3.0,3.0,3.0,3.0,3.0,3.0,4.0,4.0,2.0,3.0,2.0,2.0,2.0,4.0,2.0,3.0,2.0,4.0,2.0,3.0,2.0,3.0,3.0,1.0
671,42,2,3,1,4.0,,4.0,4.0,3.0,2.0,2.0,4.0,3.0,3.0,2.0,4.0,2.0,2.0,3.0,4.0,4.0,3.0,3.0,3.0,1.0,4.0,2.0,4.0
672,58,2,3,4,4.0,3.0,5.0,4.0,3.0,2.0,3.0,3.0,4.0,3.0,1.0,2.0,4.0,3.0,2.0,3.0,3.0,3.0,3.0,4.0,3.0,2.0,3.0,4.0
673,34,1,4,1,3.0,3.0,3.0,3.0,3.0,4.0,4.0,3.0,3.0,2.0,2.0,2.0,3.0,,3.0,3.0,,4.0,,,2.0,3.0,2.0,3.0
674,28,1,3,2,3.0,,4.0,4.0,3.0,2.0,3.0,3.0,4.0,3.0,2.0,2.0,3.0,3.0,3.0,,3.0,4.0,3.0,4.0,2.0,,4.0,3.0
675,65,1,3,1,4.0,3.0,3.0,,4.0,3.0,5.0,3.0,2.0,4.0,3.0,4.0,2.0,3.0,1.0,3.0,3.0,3.0,3.0,3.0,3.0,4.0,3.0,2.0
676,36,2,3,1,3.0,3.0,3.0,2.0,4.0,4.0,3.0,,3.0,3.0,3.0,2.0,3.0,4.0,5.0,,4.0,4.0,3.0,3.0,3.0,4.0,4.0,2.0
677,58,2,4,1,3.0,3.0,3.0,4.0,4.0,3.0,3.0,4.0,2.0,3.0,3.0,3.0,2.0,4.0,4.0,2.0,3.0,,4.0,3.0,3.0,2.0,3.0,
678,49,2,3,2,3.0,3.0,3.0,3.0,3.0,3.0,3.0,3.0,3.0,3.0,3.0,3.0,3.0,3.0,3.0,3.0,3.0,3.0,3.0,3.0,3.0,3.0,3.0,3.0
679,42,2,2,2,1.0,3.0,4.0,3.0,4.0,2.0,3.0,3.0,3.0,2.0,,3.0,4.0,3.0,3.0,3.0,3.0,2.0,2.0,4.0,3.0,3.0,,3.0
680,43,2,3,1,4.0,4.0,1.0,3.0,3.0,3.0,3.0,4.0,3.0,4.0,3.0,3.0,3.0,4.0,3.0,4.0,3.0,4.0,3.0,3.0,3.0,4.0,,3.0
681,50,2,3,1,2.0,3.0,3.0,4.0,,3.0,2.0,4.0,3.0,,2.0,4.0,3.0,3.0,2.0,3.0,3.0,2.0,2.0,4.0,4.0,3.0,,3.0
682,36,1,3,2,3.0,3.0,4.0,,3.0,3.0,3.0,3.0,2.0,3.0,3.0,3.0,2.0,2.0,4.0,2.0,3.0,3.0,4.0,4.0,4.0,3.0,3.0,3.0
683,60,1,3,1,4.0,3.0,2.0,2.0,3.0,3.0,2.0,4.0,4.0,4.0,,3.0,2.0,3.0,4.0,4.0,,4.0,4.0,4.0,3.0,3.0,4.0,
684,44,2,1,2,3.0,3.0,,4.0,,3.0,4.0,3.0,3.0,,3.0,,3.0,2.0,2.0,3.0,4.0,3.0,2.0,4.0,4.0,4.0,2.0,2.0
685,18,1,2,2,2.0,3.0,3.0,4.0,3.0,3.0,2.0,3.0,2.0,3.0,3.0,4.0,3.0,3.0,3.0,3.0,,2.0,2.0,3.0,3.0,3.0,3.0,4.0
686,49,2,4,2,3.0,3.0,3.0,2.0,3.0,3.0,4.0,4.0,2.0,3.0,2.0,3.0,3.0,4.0,2.0,3.0,3.0,3.0,2.0,2.0,4.0,3.0,3.0,3.0
687,41,2,4,3,3.0,4.0,4.0,3.0,3.0,4.0,3.0,3.0,3.0,3.0,2.0,4.0,2.0,4.0,3.0,2.0,1.0,3.0,4.0,3.0,,3.0,2.0,2.0
688,30,2,4,1,,3.0,4.0,2.0,3.0,,3.0,3.0,3.0,3.0,2.0,2.0,3.0,2.0,,3.0,1.0,3.0,2.0,,1.0,3.0,3.0,3.0
689,30,1,3,2,2.0,3.0,4.0,2.0,5.0,4.0,4.0,5.0,3.0,3.0,2.0,3.0,2.0,3.0,2.0,3.0,2.0,3.0,4.0,2.0,4.0,4.0,1.0,2.0
690,64,2,3,3,3.0,4.0,3.0,3.0,3.0,,3.0,3.0,2.0,2.0,3.0,2.0,3.0,3.0,3.0,4.0,2.0,,3.0,3.0,3.0,3.0,2.0,4.0
691,27,1,3,2,3.0,4.0,3.0,5.0,2.0,4.0,3.0,3.0,4.0,3.0,2.0,1.0,3.0,2.0,3.0,3.0,3.0,3.0,3.0,,3.0,4.0,4.0,3.0
692,41,1,3,1,3.0,4.0,4.0,3.0,4.0,3.0,4.0,4.0,3.0,4.0,2.0,,2.0,4.0,1.0,2.0,3.0,4.0,3.0,3.0,3.0,3.0,3.0,4.0
693,36,2,3,4,4.0,3.0,3.0,3.0,3.0,3.0,4.0,2.0,3.0,4.0,3.0,2.0,,4.0,4.0,1.0,2.0,3.0,3.0,2.0,3.0,2.0,3.0,2.0
694,27,2,3,3,3.0,4.0,3.0,,4.0,3.0,3.0,4.0,4.0,3.0,2.0,2.0,4.0,2.0,,3.0,3.0,2.0,3.0,,2.0,,2.0,2.0
695,37,2,4,1,3.0,3.0,2.0,3.0,4.0,3.0,2.0,3.0,4.0,3.0,2.0,3.0,2.0,3.0,3.0,2.0,3.0,4.0,2.0,3.0,2.0,3.0,3.0,2.0
696,64,1,3,1,4.0,2.0,3.0,4.0,4.0,2.0,3.0,3.0,3.0,2.0,3.0,2.0,2.0,2.0,4.0,1.0,4.0,3.0,2.0,2.0,,,3.0,1.0
697,35,1,2,4,5.0,4.0,3.0,3.0,3.0,3.0,2.0,,2.0,,4.0,2.0,3.0,3.0,4.0,4.0,3.0,3.0,3.0,2.0,3.0,3.0,3.0,
698,63,1,3,1,3.0,,2.0,3.0,3.0,3.0,3.0,4.0,3.0,3.0,2.0,3.0,3.0,4.0,2.0,3.0,3.0,2.0,4.0,3.0,4.0,3.0,3.0,2.0
699,54,1,1,1,4.0,3.0,3.0,2.0,4.0,4.0,4.0,3.0,3.0,2.0,3.0,3.0,2.0,3.0,2.0,3.0,4.0,3.0,4.0,,3.0,4.0,3.0,3.0
700,28,1,4,2,2.0,4.0,3.0,3.0,,3.0,5.0,3.0,2.0,2.0,3.0,3.0,2.0,1.0,3.0,3.0,2.0,4.0,,2.0,2.0,,4.0,2.0
701,38,2,2,1,4.0,3.0,4.0,3.0,3.0,4.0,3.0,3.0,4.0,,3.0,3.0,3.0,2.0,4.0,2.0,3.0,2.0,3.0,3.0,3.0,3.0,,3.0
702,45,2,3,1,3.0,2.0,3.0,3.0,3.0,3.0,4.0,4.0,1.0,4.0,3.0,,3.0,3.0,3.0,3.0,2.0,3.0,2.0,4.0,2.0,4.0,2.0,3.0
703,54,2,3,1,5.0,3.0,5.0,,5.0,4.0,4.0,3.0,3.0,3.0,3.0,3.0,3.0,3.0,2.0,3.0,3.0,3.0,3.0,5.0,,2.0,2.0,2.0
704,61,2,3,3,2.0,4.0,3.0,3.0,3.0,2.0,4.0,3.0,,3.0,3.0,3.0,3.0,3.0,3.0,3.0,3.0,3.0,2.0,3.0,4.0,,4.0,3.0
705,64,1,4,2,4.0,3.0,3.0,4.0,3.0,2.0,3.0,3.0,2.0,2.0,2.0,3.0,3.0,4.0,4.0,2.0,5.0,3.0,2.0,3.0,2.0,3.0,3.0,3.0
706,19,1,3,3,2.0,2.0,2.0,2.0,2.0,2.0,2.0,2.0,2.0,2.0,2.0,2.0,2.0,2.0,2.0,2.0,2.0,2.0,2.0,2.0,2.0,2.0,2.0,2.0
707,44,2,2,2,3.0,4.0,5.0,2.0,,2.0,2.0,3.0,4.0,3.0,4.0,4.0,4.0,3.0,2.0,4.0,3.0,4.0,2.0,2.0,2.0,3.0,2.0,3.0
708,63,2,4,2,3.0,4.0,3.0,3.0,2.0,3.0,3.0,3.0,2.0,3.0,3.0,3.0,2.0,3.0,3.0,3.0,3.0,4.0,3.0,3.0,4.0,3.0,2.0,3.0
709,20,2,4,1,3.0,4.0,3.0,3.0,,3.0,2.0,4.0,3.0,2.0,4.0,,3.0,4.0,3.0,3.0,3.0,2.0,3.0,3.0,3.0,2.0,3.0,4.0
710,65,1,3,3,4.0,3.0,2.0,3.0,4.0,4.0,3.0,3.0,3.0,4.0,3.0,3.0,3.0,3.0,,4.0,2.0,4.0,4.0,2.0,3.0,4.0,2.0,2.0
711,41,1,3,1,3.0,2.0,3.0,4.0,3.0,3.0,3.0,3.0,2.0,4.0,3.0,2.0,3.0,2.0,,4.0,4.0,3.0,2.0,3.0,3.0,3.0,4.0,5.0
712,52,2,4,1,3.0,3.0,3.0,,3.0,3.0,3.0,3.0,,2.0,3.0,2.0,4.0,3.0,1.0,2.0,1.0,4.0,3.0,3.0,,3.0,2.0,2.0
713,46,2,2,1,2.0,3.0,2.0,2.0,3.0,3.0,4.0,2.0,2.0,2.0,4.0,3.0,2.0,2.0,4.0,2.0,2.0,5.0,3.0,3.0,2.0,3.0,3.0,3.0
714,58,1,4,3,3.0,2.0,2.0,3.0,3.0,3.0,,4.0,2.0,4.0,3.0,2.0,2.0,3.0,3.0,4.0,3.0,4.0,5.0,3.0,3.0,3.0,3.0,3.0
715,47,2,3,1,4.0,3.0,4.0,4.0,4.0,4.0,3.0,3.0,3.0,3.0,3.0,2.0,3.0,3.0,2.0,2.0,2.0,2.0,1.0,2.0,3.0,3.0,3.0,3.0
716,53,2,3,4,4.0,3.0,2.0,2.0,4.0,4.0,3.0,3.0,2.0,,,3.0,4.0,,2.0,2.0,3.0,3.0,2.0,,5.0,2.0,4.0,3.0
717,32,2,1,1,4.0,2.0,3.0,3.0,4.0,3.0,3.0,4.0,3.0,2.0,3.0,2.0,3.0,5.0,,2.0,2.0,3.0,4.0,3.0,,3.0,3.0,4.0
718,45,2,3,1,3.0,2.0,3.0,3.0,4.0,3.0,5.0,4.0,3.0,2.0,2.0,3.0,2.0,2.0,3.0,3.0,3.0,4.0,2.0,4.0,4.0,2.0,3.0,2.0
719,33,1,2,2,,3.0,4.0,4.0,3.0,3.0,3.0,,3.0,2.0,3.0,4.0,3.0,,2.0,3.0,3.0,1.0,3.0,3.0,2.0,3.0,3.0,
720,29,1,4,1,4.0,3.0,3.0,4.0,3.0,3.0,4.0,3.0,4.0,4.0,2.0,,3.0,3.0,3.0,3.0,2.0,2.0,2.0,3.0,3.0,3.0,4.0,4.0
721,19,1,2,1,3.0,4.0,4.0,4.0,3.0,4.0,4.0,2.0,3.0,2.0,3.0,3.0,3.0,4.0,2.0,2.0,2.0,4.0,2.0,4.0,3.0,4.0,4.0,3.0
722,44,1,2,1,3.0,3.0,3.0,2.0,,3.0,3.0,3.0,4.0,3.0,3.0,3.0,3.0,3.0,3.0,4.0,2.0,3.0,2.0,4.0,,1.0,3.0,3.0
723,36,1,2,4,3.0,,3.0,3.0,3.0,3.0,2.0,3.0,2.0,4.0,4.0,2.0,3.0,2.0,3.0,2.0,3.0,3.0,4.0,3.0,,2.0,4.0,4.0
724,25,1,4,3,3.0,3.0,3.0,3.0,3.0,4.0,3.0,3.0,5.0,4.0,4.0,4.0,2.0,3.0,3.0,3.0,4.0,5.0,4.0,3.0,3.0,2.0,3.0,
725,29,2,1,1,3.0,3.0,,3.0,,2.0,3.0,2.0,,2.0,2.0,3.0,3.0,,3.0,2.0,3.0,4.0,4.0,4.0,4.0,2.0,,3.0
726,60,1,4,2,4.0,3.0,4.0,4.0,2.0,2.0,5.0,5.0,,3.0,3.0,4.0,3.0,4.0,3.0,3.0,3.0,3.0,4.0,4.0,3.0,2.0,,3.0
727,23,2,2,1,5.0,4.0,3.0,3.0,4.0,3.0,3.0,3.0,2.0,3.0,2.0,3.0,3.0,3.0,3.0,,,3.0,2.0,1.0,3.0,2.0,3.0,4.0
728,26,2,3,1,3.0,4.0,3.0,2.0,3.0,,3.0,3.0,3.0,3.0,4.0,3.0,2.0,3.0,3.0,2.0,3.0,3.0,3.0,3.0,3.0,4.0,4.0,
729,30,2,4,2,4.0,2.0,3.0,,3.0,4.0,4.0,4.0,4.0,,3.0,3.0,3.0,3.0,2.0,1.0,3.0,3.0,3.0,3.0,3.0,2.0,2.0,3.0
730,53,1,2,2,4.0,4.0,3.0,3.0,3.0,4.0,3.0,2.0,2.0,3.0,3.0,3.0,3.0,,3.0,2.0,4.0,2.0,3.0,4.0,3.0,4.0,2.0,3.0
731,56,1,4,2,4.0,3.0,3.0,4.0,2.0,3.0,3.0,3.0,3.0,3.0,,3.0,3.0,,2.0,4.0,2.0,3.0,,3.0,3.0,4.0,4.0,2.0
732,54,2,2,1,3.0,2.0,4.0,4.0,4.0,4.0,4.0,3.0,4.0,3.0,3.0,3.0,3.0,4.0,3.0,4.0,3.0,3.0,4.0,2.0,3.0,4.0,3.0,3.0
733,63,2,4,1,,3.0,3.0,2.0,2.0,3.0,,2.0,4.0,3.0,2.0,2.0,3.0,2.0,3.0,3.0,3.0,3.0,1.0,3.0,3.0,3.0,3.0,4.0
734,62,1,4,1,3.0,3.0,3.0,,5.0,3.0,,3.0,3.0,3.0,,4.0,3.0,3.0,3.0,3.0,3.0,2.0,3.0,4.0,3.0,2.0,3.0,4.0
735,33,2,4,1,,2.0,3.0,4.0,2.0,3.0,3.0,4.0,2.0,3.0,3.0,,2.0,2.0,3.0,3.0,2.0,4.0,3.0,2.0,3.0,3.0,3.0,3.0
736,25,2,2,1,3.0,4.0,3.0,3.0,,3.0,3.0,3.0,4.0,2.0,3.0,3.0,,1.0,3.0,2.0,3.0,3.0,2.0,2.0,2.0,4.0,3.0,3.0
737,53,1,2,1,3.0,2.0,4.0,3.0,2.0,4.0,3.0,3.0,3.0,4.0,2.0,3.0,3.0,,2.0,3.0,3.0,2.0,3.0,4.0,2.0,3.0,2.0,3.0
738,20,2,2,2,3.0,4.0,3.0,3.0,3.0,3.0,4.0,4.0,2.0,2.0,3.0,3.0,2.0,4.0,3.0,3.0,,2.0,4.0,2.0,3.0,,3.0,3.0
739,26,2,2,1,2.0,4.0,3.0,4.0,3.0,4.0,2.0,3.0,3.0,2.0,3.0,3.0,2.0,4.0,3.0,3.0,2.0,3.0,3.0,2.0,2.0,4.0,3.0,3.0
740,47,2,3,1,2.0,3.0,2.0,3.0,3.0,3.0,4.0,2.0,3.0,3.0,3.0,,3.0,2.0,2.0,2.0,2.0,5.0,4.0,2.0,4.0,2.0,2.0,4.0
741,30,2,3,1,2.0,3.0,3.0,3.0,3.0,4.0,4.0,3.0,1.0,2.0,3.0,,2.0,4.0,3.0,2.0,3.0,2.0,3.0,5.0,3.0,2.0,3.0,3.0
742,34,1,3,1,3.0,2.0,4.0,3.0,5.0,3.0,3.0,3.0,4.0,2.0,,3.0,3.0,2.0,3.0,2.0,4.0,2.0,2.0,3.0,4.0,2.0,2.0,3.0
743,19,2,2,1,3.0,3.0,3.0,3.0,3.0,3.0,3.0,3.0,3.0,3.0,3.0,3.0,3.0,3.0,3.0,3.0,3.0,3.0,3.0,3.0,3.0,3.0,3.0,3.0
744,27,1,2,2,4.0,,2.0,3.0,4.0,4.0,,3.0,3.0,3.0,,3.0,4.0,2.0,3.0,4.0,3.0,4.0,3.0,3.0,4.0,5.0,4.0,5.0
745,39,1,3,1,4.0,3.0,3.0,3.0,2.0,3.0,3.0,,3.0,4.0,3.0,4.0,3.0,2.0,3.0,2.0,2.0,3.0,4.0,3.0,2.0,4.0,2.0,3.0
746,24,1,4,2,3.0,2.0,,3.0,3.0,2.0,2.0,3.0,2.0,2.0,4.0,2.0,2.0,3.0,2.0,4.0,2.0,3.0,3.0,3.0,4.0,3.0,2.0,3.0
747,42,1,3,1,2.0,3.0,3.0,1.0,3.0,3.0,3.0,4.0,3.0,2.0,4.0,3.0,4.0,4.0,3.0,4.0,2.0,3.0,4.0,2.0,4.0,4.0,2.0,4.0
748,58,1,3,1,4.0,4.0,3.0,3.0,3.0,3.0,4.0,3.0,4.0,3.0,3.0,4.0,2.0,1.0,2.0,2.0,3.0,3.0,3.0,3.0,2.0,2.0,,3.0
749,25,1,2,3,4.0,3.0,4.0,3.0,3.0,3.0,3.0,2.0,3.0,3.0,3.0,2.0,3.0,4.0,3.0,3.0,3.0,3.0,2.0,3.0,3.0,2.0,4.0,4.0
750,39,2,2,2,3.0,4.0,3.0,3.0,3.0,3.0,3.0,3.0,2.0,2.0,3.0,2.0,2.0,3.0,4.0,3.0,3.0,2.0,3.0,4.0,2.0,4.0,3.0,4.0
751,20,2,4,1,2.0,4.0,4.0,3.0,2.0,4.0,2.0,3.0,3.0,2.0,2.0,3.0,3.0,3.0,,,4.0,3.0,5.0,2.0,3.0,2.0,4.0,3.0
752,53,2,1,2,3.0,2.0,2.0,3.0,4.0,3.0,4.0,5.0,3.0,2.0,2.0,2.0,4.0,2.0,2.0,3.0,3.0,4.0,3.0,3.0,3.0,3.0,2.0,3.0
753,18,2,3,1,3.0,4.0,3.0,4.0,3.0,3.0,4.0,3.0,3.0,3.0,3.0,4.0,3.0,3.0,3.0,2.0,2.0,3.0,2.0,3.0,2.0,,2.0,3.0
754,29,2,3,1,3.0,3.0,3.0,2.0,2.0,,3.0,4.0,3.0,2.0,2.0,2.0,2.0,2.0,2.0,3.0,3.0,2.0,2.0,2.0,3.0,,2.0,3.0
755,63,2,3,2,4.0,2.0,3.0,4.0,3.0,4.0,3.0,4.0,3.0,,3.0,3.0,2.0,2.0,3.0,3.0,2.0,3.0,4.0,3.0,2.0,2.0,,3.0
756,63,1,2,1,2.0,2.0,2.0,2.0,2.0,2.0,2.0,2.0,2.0,2.0,2.0,2.0,2.0,2.0,2.0,2.0,2.0,2.0,2.0,2.0,2.0,2.0,2.0,2.0
757,56,2,3,2,4.0,2.0,2.0,3.0,3.0,3.0,3.0,3.0,4.0,3.0,3.0,4.0,3.0,3.0,2.0,,3.0,4.0,4.0,2.0,3.0,4.0,2.0,3.0
758,28,2,4,1,3.0,3.0,3.0,3.0,3.0,3.0,3.0,4.0,2.0,2.0,,3.0,3.0,2.0,3.0,,2.0,,4.0,4.0,3.0,2.0,4.0,2.0
759,43,1,2,1,3.0,3.0,3.0,3.0,3.0,3.0,3.0,3.0,3.0,3.0,3.0,3.0,3.0,3.0,3.0,3.0,3.0,3.0,3.0,3.0,3.0,3.0,3.0,3.0
760,27,1,2,2,4.0,4.0,4.0,4.0,4.0,4.0,4.0,4.0,4.0,4.0,4.0,4.0,4.0,4.0,4.0,4.0,4.0,4.0,4.0,4.0,4.0,4.0,4.0,4.0
761,26,1,1,2,4.0,3.0,4.0,3.0,2.0,3.0,3.0,3.0,4.0,4.0,3.0,3.0,3.0,2.0,2.0,4.0,3.0,3.0,4.0,3.0,2.0,2.0,4.0,3.0
762,59,2,4,1,3.0,3.0,3.0,2.0,2.0,2.0,3.0,3.0,3.0,3.0,3.0,3.0,2.0,3.0,2.0,3.0,3.0,3.0,3.0,3.0,4.0,2.0,4.0,2.0
763,59,1,3,2,,3.0,,3.0,4.0,3.0,3.0,5.0,2.0,3.0,3.0,3.0,2.0,3.0,,3.0,3.0,4.0,3.0,3.0,2.0,4.0,5.0,3.0
764,28,2,3,1,2.0,3.0,3.0,2.0,,3.0,3.0,3.0,4.0,3.0,3.0,3.0,2.0,2.0,3.0,2.0,3.0,3.0,,3.0,2.0,4.0,2.0,4.0
765,29,1,4,1,4.0,2.0,,4.0,3.0,4.0,2.0,3.0,3.0,3.0,3.0,1.0,3.0,4.0,3.0,2.0,3.0,2.0,,3.0,3.0,2.0,3.0,2.0
766,51,1,2,2,4.0,3.0,3.0,4.0,4.0,3.0,3.0,3.0,4.0,3.0,2.0,2.0,3.0,3.0,2.0,3.0,3.0,3.0,4.0,3.0,2.0,4.0,3.0,2.0
767,27,2,3,2,4.0,3.0,3.0,4.0,2.0,3.0,4.0,,2.0,4.0,3.0,3.0,2.0,3.0,4.0,3.0,2.0,3.0,2.0,3.0,3.0,1.0,,2.0
768,21,2,3,1,3.0,3.0,3.0,,3.0,,4.0,2.0,3.0,4.0,3.0,2.0,2.0,3.0,2.0,4.0,2.0,2.0,2.0,2.0,4.0,2.0,2.0,2.0
769,37,1,3,1,3.0,4.0,4.0,,2.0,3.0,3.0,4.0,4.0,2.0,4.0,2.0,3.0,2.0,2.0,,3.0,3.0,4.0,3.0,4.0,3.0,3.0,
770,63,1,2,1,3.0,3.0,5.0,4.0,3.0,4.0,3.0,3.0,3.0,3.0,2.0,,3.0,3.0,3.0,3.0,2.0,4.0,,3.0,3.0,2.0,3.0,
771,29,1,4,4,4.0,3.0,3.0,3.0,2.0,,5.0,3.0,3.0,3.0,3.0,2.0,2.0,3.0,2.0,4.0,3.0,4.0,2.0,3.0,4.0,3.0,3.0,3.0
772,64,1,2,2,1.0,3.0,4.0,2.0,2.0,3.0,4.0,,3.0,2.0,3.0,3.0,2.0,3.0,3.0,,3.0,4.0,3.0,3.0,3.0,2.0,3.0,3.0
773,46,1,2,1,,,4.0,4.0,4.0,4.0,4.0,,3.0,3.0,3.0,3.0,3.0,,1.0,2.0,3.0,3.0,3.0,3.0,2.0,2.0,5.0,3.0
774,33,2,2,2,3.0,2.0,1.0,2.0,4.0,3.0,3.0,,2.0,3.0,3.0,3.0,,3.0,4.0,3.0,2.0,3.0,3.0,3.0,3.0,4.0,2.0,3.0
775,57,2,3,1,4.0,3.0,2.0,3.0,3.0,3.0,3.0,2.0,4.0,2.0,4.0,3.0,2.0,3.0,4.0,3.0,5.0,3.0,2.0,3.0,3.0,3.0,3.0,2.0
776,33,2,1,1,1.0,4.0,3.0,3.0,4.0,4.0,3.0,2.0,3.0,2.0,3.0,,3.0,1.0,3.0,4.0,3.0,3.0,5.0,4.0,1.0,4.0,2.0,3.0
777,41,1,4,2,2.0,3.0,2.0,5.0,4.0,4.0,3.0,4.0,3.0,2.0,,4.0,,,3.0,4.0,2.0,4.0,,2.0,2.0,3.0,2.0,2.0
778,56,2,3,1,3.0,3.0,3.0,4.0,3.0,3.0,4.0,3.0,4.0,3.0,2.0,,2.0,3.0,4.0,3.0,3.0,3.0,2.0,3.0,3.0,2.0,3.0,2.0
779,26,2,3,1,2.0,4.0,4.0,3.0,3.0,4.0,2.0,4.0,4.0,4.0,3.0,2.0,3.0,4.0,2.0,3.0,3.0,4.0,3.0,3.0,3.0,2.0,3.0,2.0
780,48,1,4,2,,3.0,3.0,3.0,4.0,2.0,4.0,3.0,,2.0,2.0,3.0,4.0,3.0,,3.0,3.0,3.0,3.0,4.0,4.0,3.0,,2.0
781,20,1,1,2,2.0,4.0,2.0,3.0,,4.0,4.0,3.0,3.0,3.0,3.0,4.0,3.0,3.0,3.0,2.0,4.0,4.0,,2.0,3.0,2.0,5.0,2.0
782,34,2,4,3,3.0,3.0,3.0,3.0,4.0,4.0,3.0,5.0,,3.0,2.0,2.0,3.0,3.0,2.0,2.0,2.0,3.0,3.0,3.0,4.0,,4.0,3.0
783,53,2,1,1,3.0,2.0,4.0,4.0,3.0,5.0,3.0,2.0,3.0,3.0,4.0,4.0,3.0,2.0,3.0,,,,2.0,,3.0,4.0,3.0,2.0
784,18,1,4,4,2.0,3.0,4.0,3.0,5.0,2.0,4.0,4.0,3.0,3.0,3.0,2.0,3.0,,4.0,3.0,3.0,2.0,2.0,4.0,4.0,4.0,4.0,3.0
785,18,1,3,4,2.0,4.0,,4.0,2.0,2.0,3.0,2.0,3.0,3.0,3.0,2.0,3.0,2.0,3.0,4.0,2.0,3.0,4.0,3.0,1.0,3.0,4.0,3.0
786,22,1,3,3,3.0,3.0,3.0,3.0,4.0,2.0,4.0,3.0,2.0,4.0,4.0,3.0,3.0,3.0,4.0,3.0,3.0,3.0,3.0,3.0,4.0,3.0,3.0,3.0
787,27,1,3,1,4.0,3.0,3.0,3.0,2.0,4.0,2.0,3.0,1.0,3.0,3.0,3.0,4.0,3.0,3.0,2.0,3.0,4.0,3.0,,,3.0,3.0,
788,56,1,1,2,4.0,3.0,3.0,3.0,3.0,4.0,3.0,4.0,2.0,4.0,2.0,3.0,2.0,3.0,3.0,3.0,3.0,2.0,4.0,3.0,4.0,3.0,3.0,4.0
789,37,1,4,2,3.0,3.0,4.0,2.0,4.0,2.0,3.0,2.0,2.0,3.0,2.0,3.0,2.0,3.0,3.0,3.0,4.0,3.0,3.0,3.0,2.0,2.0,2.0,3.0
790,25,2,2,3,3.0,3.0,3.0,2.0,,3.0,4.0,4.0,2.0,3.0,2.0,3.0,4.0,2.0,,5.0,3.0,3.0,3.0,3.0,,3.0,3.0,3.0
791,37,2,4,1,4.0,2.0,3.0,,3.0,4.0,3.0,3.0,,3.0,4.0,3.0,2.0,4.0,4.0,1.0,3.0,,3.0,2.0,4.0,4.0,2.0,3.0
792,23,1,2,1,3.0,4.0,3.0,3.0,4.0,2.0,3.0,2.0,4.0,2.0,3.0,,4.0,3.0,2.0,2.0,4.0,2.0,2.0,3.0,2.0,2.0,,3.0
793,23,2,4,1,3.0,4.0,3.0,3.0,4.0,3.0,,3.0,3.0,4.0,3.0,3.0,4.0,3.0,3.0,4.0,2.0,4.0,3.0,4.0,3.0,,2.0,4.0
794,52,2,1,1,4.0,,4.0,3.0,2.0,3.0,4.0,2.0,,3.0,2.0,2.0,2.0,3.0,5.0,3.0,3.0,2.0,4.0,3.0,2.0,3.0,3.0,5.0
795,34,1,2,1,3.0,5.0,3.0,4.0,,,3.0,2.0,3.0,3.0,2.0,2.0,2.0,3.0,2.0,3.0,3.0,4.0,4.0,3.0,4.0,3.0,3.0,3.0
796,52,2,2,1,3.0,4.0,4.0,3.0,4.0,3.0,3.0,,3.0,3.0,3.0,,2.0,3.0,4.0,2.0,3.0,3.0,2.0,3.0,2.0,3.0,3.0,2.0
797,29,2,3,2,3.0,4.0,4.0,3.0,4.0,2.0,4.0,3.0,3.0,2.0,2.0,,3.0,2.0,2.0,,4.0,4.0,4.0,4.0,4.0,3.0,3.0,4.0
798,62,1,2,1,5.0,3.0,4.0,3.0,4.0,4.0,5.0,3.0,3.0,2.0,2.0,3.0,4.0,3.0,2.0,3.0,3.0,2.0,,3.0,4.0,3.0,4.0,
799,36,1,2,1,3.0,3.0,3.0,3.0,4.0,3.0,,4.0,3.0,3.0,2.0,3.0,3.0,3.0,2.0,3.0,2.0,3.0,2.0,2.0,4.0,3.0,3.0,3.0
800,34,1,3,1,4.0,3.0,5.0,3.0,4.0,2.0,3.0,3.0,4.0,1.0,3.0,3.0,3.0,3.0,3.0,3.0,4.0,3.0,,3.0,3.0,4.0,3.0,2.0
801,54,2,3,1,4.0,3.0,3.0,3.0,3.0,3.0,3.0,4.0,3.0,3.0,4.0,2.0,,4.0,3.0,2.0,3.0,2.0,4.0,3.0,3.0,3.0,3.0,5.0
802,33,1,1,1,2.0,4.0,3.0,,3.0,2.0,2.0,3.0,3.0,2.0,3.0,2.0,,2.0,2.0,2.0,2.0,4.0,3.0,3.0,4.0,4.0,4.0,
803,45,2,4,2,3.0,4.0,3.0,3.0,4.0,3.0,4.0,,3.0,4.0,3.0,3.0,2.0,3.0,2.0,3.0,,2.0,,3.0,2.0,,2.0,4.0
804,58,1,2,2,3.0,3.0,4.0,3.0,3.0,2.0,2.0,4.0,3.0,2.0,3.0,3.0,2.0,3.0,2.0,1.0,3.0,3.0,4.0,3.0,2.0,,4.0,2.0
805,43,2,3,2,3.0,2.0,3.0,3.0,,3.0,3.0,3.0,2.0,3.0,3.0,2.0,3.0,2.0,3.0,2.0,3.0,4.0,3.0,4.0,3.0,4.0,2.0,4.0
806,24,1,4,2,3.0,4.0,4.0,3.0,4.0,2.0,4.0,3.0,3.0,2.0,3.0,3.0,1.0,3.0,2.0,4.0,3.0,3.0,3.0,,2.0,3.0,4.0,4.0
807,40,2,3,2,3.0,2.0,3.0,3.0,4.0,3.0,4.0,2.0,3.0,1.0,3.0,2.0,3.0,3.0,2.0,3.0,3.0,,3.0,4.0,2.0,4.0,4.0,4.0
808,36,1,4,2,3.0,,3.0,3.0,5.0,3.0,3.0,,5.0,3.0,2.0,2.0,,3.0,2.0,3.0,4.0,3.0,2.0,2.0,3.0,3.0,2.0,4.0
809,64,2,3,2,4.0,3.0,5.0,3.0,4.0,3.0,3.0,3.0,3.0,3.0,3.0,3.0,,3.0,2.0,,4.0,4.0,3.0,4.0,2.0,2.0,3.0,3.0
810,38,1,4,2,4.0,,3.0,3.0,4.0,3.0,3.0,3.0,3.0,1.0,1.0,3.0,3.0,3.0,3.0,3.0,3.0,2.0,2.0,2.0,3.0,3.0,3.0,3.0
811,20,2,3,2,4.0,3.0,,4.0,4.0,4.0,3.0,2.0,,3.0,3.0,2.0,3.0,,4.0,3.0,,2.0,2.0,4.0,4.0,3.0,4.0,1.0
812,20,2,1,2,3.0,2.0,4.0,4.0,,4.0,4.0,3.0,2.0,2.0,2.0,3.0,3.0,3.0,4.0,,3.0,3.0,3.0,3.0,3.0,,2.0,3.0
813,36,2,2,1,3.0,2.0,,4.0,4.0,4.0,3.0,,2.0,2.0,4.0,2.0,4.0,4.0,3.0,4.0,3.0,2.0,3.0,4.0,2.0,,4.0,4.0
814,42,2,3,1,3.0,3.0,3.0,4.0,3.0,4.0,4.0,2.0,2.0,4.0,3.0,,2.0,3.0,3.0,3.0,2.0,2.0,2.0,3.0,2.0,3.0,2.0,3.0
815,19,2,3,2,3.0,4.0,3.0,4.0,3.0,4.0,4.0,4.0,2.0,2.0,4.0,4.0,3.0,1.0,3.0,3.0,3.0,2.0,3.0,3.0,3.0,3.0,3.0,3.0
816,52,2,3,2,3.0,,3.0,,2.0,4.0,3.0,3.0,3.0,3.0,2.0,4.0,3.0,3.0,,2.0,3.0,3.0,3.0,4.0,4.0,1.0,3.0,3.0
817,20,1,2,2,2.0,3.0,2.0,4.0,2.0,3.0,4.0,3.0,4.0,,3.0,4.0,3.0,3.0,2.0,3.0,3.0,4.0,5.0,2.0,4.0,,3.0,4.0
818,49,2,4,2,4.0,3.0,3.0,3.0,2.0,2.0,3.0,3.0,4.0,4.0,3.0,3.0,3.0,3.0,3.0,3.0,4.0,,2.0,2.0,2.0,5.0,3.0,2.0
819,49,2,2,1,,4.0,3.0,2.0,3.0,,2.0,3.0,3.0,3.0,3.0,2.0,4.0,2.0,3.0,3.0,3.0,3.0,3.0,1.0,2.0,3.0,3.0,2.0
820,54,1,4,1,3.0,3.0,2.0,,3.0,4.0,3.0,2.0,3.0,3.0,3.0,3.0,2.0,3.0,3.0,2.0,1.0,4.0,2.0,4.0,3.0,3.0,3.0,2.0
821,37,2,2,1,4.0,3.0,,4.0,4.0,4.0,3.0,4.0,2.0,3.0,3.0,3.0,,2.0,3.0,3.0,4.0,3.0,2.0,3.0,4.0,3.0,3.0,2.0
822,55,1,3,1,4.0,3.0,3.0,3.0,4.0,3.0,4.0,2.0,4.0,3.0,3.0,2.0,3.0,3.0,2.0,,2.0,3.0,3.0,3.0,3.0,2.0,3.0,3.0
823,25,1,3,2,4.0,2.0,3.0,4.0,4.0,2.0,3.0,3.0,3.0,,3.0,2.0,3.0,2.0,2.0,2.0,4.0,3.0,4.0,4.0,,4.0,3.0,4.0
824,64,2,3,2,4.0,4.0,3.0,3.0,4.0,4.0,4.0,3.0,3.0,4.0,2.0,2.0,3.0,3.0,3.0,3.0,4.0,2.0,3.0,5.0,2.0,,4.0,2.0
825,38,1,2,4,4.0,4.0,4.0,3.0,3.0,3.0,2.0,3.0,4.0,3.0,3.0,,3.0,3.0,3.0,2.0,3.0,3.0,,3.0,2.0,3.0,3.0,3.0
826,27,1,4,1,4.0,3.0,3.0,3.0,3.0,4.0,,4.0,4.0,3.0,4.0,2.0,2.0,3.0,3.0,3.0,3.0,3.0,4.0,3.0,3.0,4.0,2.0,4.0
827,48,2,3,1,2.0,3.0,3.0,4.0,4.0,2.0,3.0,3.0,3.0,3.0,3.0,3.0,2.0,3.0,,3.0,5.0,3.0,4.0,3.0,3.0,1.0,3.0,4.0
828,56,1,4,1,4.0,2.0,5.0,2.0,2.0,3.0,,4.0,2.0,3.0,2.0,3.0,3.0,2.0,2.0,3.0,3.0,2.0,2.0,3.0,4.0,5.0,2.0,3.0
829,27,2,3,4,,4.0,4.0,3.0,2.0,5.0,3.0,2.0,4.0,2.0,3.0,3.0,3.0,3.0,3.0,2.0,3.0,3.0,3.0,3.0,4.0,,3.0,3.0
830,19,2,4,3,3.0,3.0,3.0,3.0,4.0,3.0,3.0,,,3.0,2.0,,3.0,4.0,3.0,,2.0,2.0,3.0,3.0,,1.0,3.0,3.0
831,47,1,3,1,3.0,3.0,4.0,4.0,3.0,3.0,4.0,3.0,2.0,4.0,2.0,2.0,1.0,4.0,3.0,2.0,3.0,1.0,3.0,3.0,3.0,2.0,4.0,3.0
832,27,1,3,2,3.0,3.0,3.0,4.0,4.0,4.0,3.0,,,2.0,3.0,4.0,3.0,2.0,4.0,2.0,4.0,3.0,3.0,3.0,3.0,2.0,3.0,3.0
833,44,2,3,2,3.0,4.0,3.0,2.0,2.0,3.0,3.0,3.0,3.0,3.0,4.0,3.0,,2.0,2.0,4.0,4.0,,3.0,5.0,3.0,3.0,4.0,4.0
834,49,2,3,3,2.0,3.0,,3.0,2.0,2.0,3.0,3.0,2.0,3.0,4.0,4.0,3.0,4.0,3.0,3.0,3.0,3.0,3.0,3.0,2.0,3.0,4.0,3.0
835,57,2,2,4,2.0,4.0,4.0,3.0,2.0,4.0,4.0,3.0,3.0,2.0,3.0,3.0,3.0,1.0,3.0,2.0,2.0,3.0,3.0,3.0,3.0,4.0,4.0,3.0
836,53,1,3,1,2.0,3.0,,3.0,3.0,4.0,3.0,2.0,4.0,4.0,2.0,2.0,4.0,4.0,2.0,4.0,1.0,4.0,3.0,1.0,4.0,3.0,2.0,4.0
837,42,2,4,1,2.0,3.0,4.0,5.0,4.0,2.0,4.0,3.0,3.0,2.0,4.0,3.0,4.0,3.0,3.0,4.0,2.0,2.0,2.0,3.0,4.0,,4.0,3.0
838,56,1,2,2,4.0,1.0,2.0,4.0,3.0,2.0,3.0,2.0,3.0,,3.0,3.0,4.0,3.0,3.0,3.0,3.0,5.0,3.0,4.0,4.0,2.0,,4.0
839,58,1,4,1,3.0,3.0,3.0,3.0,2.0,3.0,4.0,3.0,3.0,,4.0,3.0,3.0,2.0,3.0,3.0,3.0,3.0,3.0,3.0,3.0,,4.0,3.0
840,59,1,3,1,3.0,3.0,3.0,3.0,3.0,3.0,3.0,,3.0,4.0,3.0,3.0,3.0,3.0,3.0,3.0,3.0,3.0,2.0,3.0,3.0,2.0,3.0,2.0
841,31,1,4,3,4.0,3.0,3.0,3.0,3.0,4.0,4.0,2.0,4.0,4.0,2.0,3.0,2.0,3.0,4.0,3.0,4.0,3.0,3.0,3.0,4.0,4.0,3.0,3.0
842,33,1,4,4,3.0,4.0,4.0,2.0,4.0,4.0,4.0,2.0,5.0,3.0,2.0,3.0,3.0,3.0,3.0,4.0,3.0,3.0,4.0,2.0,4.0,2.0,3.0,2.0
