ID,Yas,Cinsiyet,Egitim,Medeni_Durum,SGC1,SGC2,SGC3,SGC4,SGC5,SGC6,DGC1,DGC2,DGC3,DGC4,DGC5,DGC6,DT1,DT2,DT3,DT4,DT5,DT6
1,52,1,4,3,3.0,3.0,3.0,3.0,2.0,2.0,3.0,2.0,4.0,4.0,,3.0,3.0,,2.0,3.0,2.0,4.0
2,40,1,2,2,,3.0,2.0,2.0,3.0,3.0,2.0,3.0,4.0,3.0,4.0,4.0,3.0,3.0,3.0,4.0,3.0,4.0
3,52,1,3,1,3.0,2.0,4.0,3.0,2.0,3.0,4.0,3.0,2.0,4.0,,4.0,3.0,3.0,4.0,4.0,,2.0
4,34,2,3,3,2.0,3.0,4.0,3.0,3.0,2.0,2.0,3.0,3.0,3.0,2.0,3.0,3.0,3.0,3.0,3.0,3.0,3.0
5,25,2,3,1,3.0,3.0,3.0,2.0,3.0,3.0,3.0,4.0,2.0,3.0,3.0,3.0,3.0,2.0,,4.0,3.0,3.0
6,41,2,3,1,2.0,3.0,,3.0,,3.0,4.0,3.0,3.0,3.0,3.0,3.0,,2.0,3.0,3.0,3.0,2.0
7,34,1,3,2,3.0,2.0,,3.0,3.0,3.0,3.0,3.0,2.0,3.0,3.0,4.0,3.0,2.0,4.0,3.0,4.0,3.0
8,54,2,3,1,2.0,3.0,3.0,3.0,2.0,3.0,3.0,3.0,4.0,3.0,3.0,3.0,2.0,2.0,3.0,3.0,3.0,3.0
9,44,2,3,1,3.0,3.0,3.0,2.0,3.0,3.0,4.0,3.0,3.0,3.0,3.0,4.0,3.0,3.0,3.0,3.0,3.0,3.0
10,32,1,2,3,3.0,4.0,4.0,2.0,3.0,2.0,2.0,3.0,3.0,3.0,2.0,2.0,2.0,3.0,2.0,3.0,3.0,5.0
11,36,1,3,1,4.0,4.0,4.0,4.0,4.0,4.0,4.0,4.0,4.0,4.0,4.0,4.0,4.0,4.0,4.0,4.0,4.0,4.0
12,55,2,2,1,2.0,4.0,3.0,,2.0,2.0,3.0,4.0,3.0,3.0,4.0,3.0,3.0,3.0,1.0,1.0,3.0,3.0
13,45,2,4,2,,2.0,2.0,3.0,3.0,3.0,3.0,4.0,4.0,4.0,4.0,3.0,3.0,3.0,3.0,2.0,3.0,3.0
14,42,1,4,2,3.0,3.0,2.0,2.0,2.0,3.0,3.0,3.0,3.0,,4.0,3.0,3.0,3.0,4.0,2.0,2.0,4.0
15,38,2,3,2,3.0,3.0,3.0,3.0,2.0,3.0,3.0,,3.0,3.0,4.0,3.0,4.0,3.0,3.0,3.0,3.0,3.0
16,22,1,2,1,4.0,4.0,3.0,3.0,3.0,4.0,3.0,4.0,3.0,3.0,3.0,3.0,3.0,2.0,3.0,4.0,1.0,3.0
17,25,2,2,2,3.0,3.0,3.0,2.0,5.0,3.0,2.0,3.0,3.0,3.0,3.0,3.0,3.0,3.0,3.0,2.0,3.0,3.0
18,47,1,3,1,3.0,2.0,3.0,2.0,2.0,2.0,3.0,3.0,3.0,3.0,3.0,3.0,,3.0,,4.0,3.0,2.0
19,39,2,3,2,3.0,,3.0,2.0,2.0,3.0,3.0,3.0,3.0,4.0,2.0,2.0,3.0,3.0,3.0,3.0,2.0,4.0
20,38,1,3,3,3.0,2.0,3.0,3.0,2.0,3.0,2.0,3.0,3.0,4.0,2.0,3.0,3.0,3.0,3.0,,3.0,4.0
21,33,1,2,1,2.0,3.0,4.0,3.0,2.0,3.0,2.0,3.0,2.0,3.0,2.0,3.0,4.0,3.0,1.0,3.0,4.0,3.0
22,22,2,2,1,3.0,2.0,3.0,3.0,3.0,2.0,4.0,,3.0,3.0,3.0,2.0,3.0,3.0,3.0,,3.0,3.0
23,50,2,2,1,2.0,3.0,3.0,3.0,2.0,2.0,3.0,3.0,4.0,3.0,4.0,3.0,4.0,3.0,3.0,3.0,4.0,3.0
24,55,1,3,2,3.0,3.0,3.0,3.0,4.0,3.0,3.0,,3.0,2.0,3.0,3.0,3.0,3.0,3.0,4.0,1.0,3.0
25,31,2,3,1,2.0,3.0,2.0,4.0,3.0,,3.0,4.0,3.0,3.0,4.0,3.0,3.0,4.0,4.0,4.0,4.0,3.0
26,49,1,2,2,3.0,3.0,,2.0,3.0,4.0,2.0,3.0,3.0,3.0,3.0,3.0,3.0,3.0,5.0,3.0,3.0,2.0
27,35,2,3,1,3.0,2.0,3.0,2.0,3.0,2.0,2.0,3.0,4.0,3.0,3.0,4.0,4.0,4.0,2.0,3.0,3.0,3.0
28,48,2,3,2,3.0,2.0,2.0,,3.0,3.0,3.0,2.0,3.0,2.0,4.0,3.0,3.0,3.0,3.0,3.0,,
29,37,2,2,1,3.0,2.0,4.0,,3.0,3.0,3.0,2.0,4.0,2.0,3.0,4.0,3.0,3.0,3.0,2.0,4.0,2.0
30,50,1,4,2,4.0,3.0,4.0,5.0,2.0,2.0,3.0,,3.0,3.0,3.0,2.0,3.0,3.0,3.0,4.0,3.0,3.0
31,53,2,3,2,2.0,,3.0,2.0,3.0,3.0,3.0,3.0,4.0,3.0,3.0,3.0,2.0,4.0,,3.0,3.0,3.0
32,53,1,3,2,3.0,2.0,3.0,3.0,3.0,3.0,2.0,3.0,3.0,3.0,4.0,4.0,3.0,3.0,3.0,3.0,2.0,3.0
33,31,2,3,2,2.0,3.0,4.0,2.0,3.0,3.0,3.0,3.0,3.0,4.0,3.0,3.0,2.0,2.0,3.0,3.0,2.0,
34,27,1,4,1,,3.0,4.0,2.0,2.0,3.0,4.0,3.0,4.0,3.0,3.0,3.0,4.0,2.0,2.0,2.0,5.0,2.0
35,43,2,2,1,3.0,2.0,2.0,3.0,3.0,3.0,3.0,3.0,3.0,3.0,4.0,3.0,2.0,3.0,3.0,,3.0,3.0
36,50,1,2,1,3.0,2.0,3.0,3.0,3.0,3.0,2.0,2.0,3.0,4.0,3.0,3.0,3.0,3.0,4.0,3.0,4.0,2.0
37,39,2,2,3,4.0,3.0,4.0,4.0,4.0,4.0,3.0,3.0,3.0,,3.0,3.0,2.0,3.0,4.0,4.0,3.0,4.0
38,29,1,4,1,3.0,2.0,3.0,2.0,3.0,2.0,3.0,4.0,4.0,4.0,3.0,1.0,3.0,4.0,4.0,,3.0,3.0
39,46,1,3,1,,3.0,4.0,3.0,,3.0,3.0,3.0,3.0,3.0,3.0,,3.0,3.0,3.0,3.0,3.0,3.0
40,37,2,2,1,3.0,3.0,3.0,3.0,3.0,3.0,3.0,3.0,4.0,3.0,4.0,4.0,2.0,3.0,3.0,3.0,3.0,
41,30,1,3,2,4.0,2.0,3.0,3.0,,3.0,3.0,2.0,3.0,4.0,3.0,3.0,2.0,2.0,4.0,2.0,3.0,2.0
42,37,2,3,1,3.0,3.0,4.0,3.0,3.0,3.0,3.0,4.0,3.0,3.0,3.0,3.0,3.0,4.0,3.0,4.0,4.0,4.0
43,47,1,3,1,3.0,3.0,3.0,2.0,2.0,2.0,4.0,3.0,3.0,2.0,3.0,3.0,3.0,3.0,3.0,4.0,4.0,2.0
44,43,1,4,3,2.0,2.0,3.0,3.0,3.0,4.0,3.0,4.0,3.0,4.0,3.0,3.0,3.0,2.0,2.0,3.0,3.0,2.0
45,40,2,4,1,2.0,2.0,3.0,3.0,3.0,3.0,3.0,3.0,3.0,3.0,3.0,2.0,4.0,3.0,4.0,3.0,,2.0
46,31,2,2,1,4.0,2.0,2.0,3.0,2.0,4.0,4.0,3.0,4.0,4.0,3.0,3.0,4.0,3.0,3.0,3.0,3.0,2.0
47,54,1,3,1,3.0,2.0,3.0,2.0,3.0,4.0,3.0,3.0,3.0,2.0,4.0,3.0,3.0,4.0,4.0,2.0,3.0,3.0
48,54,2,4,1,2.0,2.0,2.0,4.0,2.0,3.0,3.0,3.0,3.0,4.0,3.0,4.0,2.0,4.0,3.0,3.0,3.0,3.0
49,38,2,3,2,2.0,2.0,3.0,2.0,2.0,3.0,3.0,3.0,3.0,2.0,3.0,3.0,4.0,2.0,3.0,3.0,3.0,3.0
50,37,2,4,1,5.0,3.0,3.0,3.0,3.0,2.0,3.0,3.0,3.0,4.0,3.0,4.0,4.0,3.0,3.0,4.0,2.0,3.0
51,44,1,3,1,3.0,3.0,2.0,3.0,3.0,2.0,2.0,4.0,2.0,3.0,3.0,3.0,3.0,2.0,3.0,4.0,3.0,3.0
52,44,1,4,2,2.0,2.0,4.0,3.0,2.0,1.0,3.0,3.0,2.0,4.0,3.0,3.0,3.0,4.0,2.0,3.0,4.0,4.0
53,26,1,3,1,3.0,3.0,3.0,2.0,3.0,2.0,3.0,4.0,3.0,4.0,4.0,3.0,3.0,3.0,2.0,4.0,3.0,3.0
54,50,2,3,1,3.0,3.0,3.0,3.0,3.0,3.0,4.0,4.0,,3.0,4.0,3.0,2.0,2.0,3.0,3.0,3.0,3.0
55,50,1,2,2,3.0,3.0,4.0,3.0,2.0,3.0,3.0,3.0,2.0,4.0,3.0,3.0,4.0,3.0,4.0,2.0,3.0,4.0
56,45,2,4,1,2.0,3.0,2.0,2.0,2.0,2.0,3.0,4.0,3.0,4.0,4.0,3.0,3.0,3.0,3.0,,2.0,
57,33,2,2,2,2.0,3.0,3.0,4.0,2.0,3.0,3.0,3.0,2.0,3.0,3.0,3.0,2.0,3.0,4.0,3.0,3.0,2.0
58,25,1,2,2,4.0,3.0,3.0,3.0,2.0,3.0,3.0,3.0,3.0,4.0,3.0,3.0,2.0,3.0,3.0,4.0,3.0,2.0
59,52,1,1,1,3.0,2.0,3.0,3.0,3.0,3.0,3.0,4.0,3.0,3.0,3.0,3.0,3.0,2.0,2.0,3.0,3.0,
60,26,1,3,3,1.0,,2.0,3.0,3.0,2.0,4.0,3.0,3.0,3.0,3.0,4.0,2.0,3.0,3.0,3.0,3.0,3.0
61,49,1,2,1,2.0,3.0,2.0,2.0,4.0,3.0,3.0,4.0,3.0,3.0,3.0,3.0,1.0,2.0,,3.0,4.0,3.0
62,22,1,4,1,3.0,3.0,3.0,2.0,2.0,3.0,3.0,3.0,3.0,3.0,3.0,3.0,3.0,2.0,3.0,3.0,3.0,3.0
63,34,2,3,1,3.0,2.0,,3.0,2.0,2.0,3.0,4.0,4.0,4.0,4.0,3.0,3.0,3.0,,3.0,3.0,3.0
64,43,1,3,1,3.0,2.0,2.0,2.0,,3.0,4.0,4.0,3.0,3.0,3.0,3.0,1.0,4.0,3.0,3.0,3.0,3.0
65,22,2,3,2,3.0,3.0,3.0,3.0,3.0,2.0,2.0,3.0,3.0,3.0,3.0,3.0,3.0,3.0,2.0,3.0,4.0,3.0
66,22,2,3,2,2.0,4.0,3.0,2.0,3.0,3.0,4.0,2.0,3.0,3.0,3.0,3.0,3.0,4.0,4.0,2.0,3.0,3.0
67,35,2,2,2,2.0,3.0,1.0,4.0,3.0,4.0,2.0,2.0,4.0,4.0,3.0,4.0,4.0,2.0,2.0,2.0,3.0,2.0
68,23,2,4,2,2.0,3.0,3.0,4.0,4.0,2.0,3.0,3.0,3.0,3.0,3.0,,4.0,3.0,3.0,3.0,3.0,2.0
69,47,2,2,1,4.0,4.0,3.0,3.0,3.0,3.0,4.0,3.0,3.0,3.0,3.0,3.0,3.0,3.0,3.0,2.0,3.0,3.0
70,34,2,2,1,3.0,3.0,2.0,3.0,3.0,3.0,4.0,2.0,3.0,3.0,4.0,4.0,4.0,3.0,3.0,3.0,3.0,2.0
71,32,1,4,2,3.0,3.0,,3.0,3.0,2.0,4.0,4.0,2.0,3.0,3.0,3.0,3.0,3.0,3.0,4.0,2.0,3.0
72,50,1,1,1,2.0,3.0,3.0,4.0,3.0,2.0,2.0,3.0,,3.0,,3.0,3.0,3.0,3.0,4.0,2.0,2.0
73,36,1,3,1,3.0,3.0,2.0,2.0,2.0,3.0,3.0,4.0,3.0,3.0,2.0,3.0,3.0,3.0,3.0,2.0,4.0,3.0
74,43,1,4,2,3.0,,4.0,3.0,3.0,2.0,3.0,3.0,3.0,3.0,3.0,3.0,2.0,2.0,3.0,4.0,2.0,2.0
75,33,2,4,2,2.0,,3.0,3.0,3.0,4.0,3.0,2.0,4.0,3.0,3.0,,4.0,3.0,3.0,3.0,4.0,2.0
76,52,1,3,3,3.0,3.0,2.0,4.0,2.0,3.0,4.0,3.0,3.0,,4.0,3.0,4.0,2.0,,3.0,3.0,3.0
77,25,2,2,1,3.0,3.0,3.0,2.0,2.0,3.0,1.0,3.0,2.0,3.0,3.0,3.0,4.0,3.0,3.0,3.0,4.0,4.0
78,35,1,3,3,2.0,3.0,2.0,2.0,2.0,3.0,3.0,3.0,3.0,3.0,2.0,3.0,3.0,3.0,3.0,3.0,4.0,3.0
79,46,1,4,2,3.0,2.0,2.0,3.0,3.0,2.0,3.0,4.0,3.0,4.0,3.0,3.0,4.0,3.0,4.0,3.0,4.0,3.0
80,29,1,3,3,4.0,2.0,3.0,2.0,3.0,2.0,3.0,4.0,3.0,3.0,3.0,,3.0,3.0,3.0,3.0,3.0,2.0
81,46,2,4,1,3.0,4.0,2.0,3.0,3.0,3.0,2.0,4.0,4.0,4.0,3.0,3.0,3.0,3.0,2.0,3.0,2.0,2.0
82,28,1,1,2,2.0,2.0,3.0,2.0,3.0,2.0,3.0,2.0,3.0,4.0,3.0,3.0,3.0,2.0,3.0,2.0,2.0,4.0
83,33,1,3,2,2.0,3.0,,3.0,2.0,2.0,3.0,2.0,3.0,2.0,3.0,4.0,3.0,2.0,2.0,2.0,2.0,2.0
84,54,2,4,3,,4.0,3.0,2.0,3.0,3.0,3.0,4.0,4.0,3.0,3.0,3.0,3.0,2.0,2.0,3.0,3.0,3.0
85,37,2,3,2,2.0,3.0,2.0,3.0,3.0,3.0,3.0,3.0,,3.0,4.0,3.0,3.0,4.0,2.0,3.0,3.0,3.0
86,43,2,3,1,3.0,3.0,3.0,3.0,2.0,2.0,3.0,4.0,4.0,3.0,3.0,4.0,3.0,2.0,2.0,4.0,3.0,4.0
87,51,2,3,1,,3.0,4.0,3.0,2.0,4.0,3.0,4.0,3.0,2.0,3.0,4.0,3.0,3.0,3.0,,3.0,3.0
88,36,1,2,1,3.0,3.0,3.0,2.0,2.0,2.0,3.0,3.0,4.0,3.0,3.0,3.0,3.0,3.0,4.0,3.0,4.0,2.0
89,30,2,4,1,3.0,4.0,2.0,2.0,4.0,3.0,,2.0,3.0,3.0,3.0,3.0,3.0,3.0,3.0,2.0,3.0,3.0
90,33,2,3,1,4.0,3.0,3.0,2.0,4.0,2.0,3.0,3.0,3.0,4.0,3.0,4.0,3.0,2.0,2.0,,4.0,2.0
91,31,2,1,2,1.0,1.0,1.0,1.0,1.0,1.0,1.0,1.0,1.0,1.0,1.0,1.0,1.0,1.0,1.0,1.0,1.0,1.0
92,33,1,3,1,3.0,3.0,2.0,3.0,2.0,3.0,3.0,3.0,3.0,3.0,3.0,5.0,3.0,2.0,4.0,3.0,2.0,3.0
93,50,2,2,1,2.0,2.0,,3.0,2.0,2.0,4.0,3.0,4.0,3.0,4.0,4.0,3.0,3.0,3.0,2.0,4.0,2.0
94,35,2,2,1,1.0,1.0,1.0,1.0,1.0,1.0,1.0,1.0,1.0,1.0,1.0,1.0,1.0,1.0,1.0,1.0,1.0,1.0
95,40,2,3,1,3.0,2.0,3.0,3.0,3.0,3.0,3.0,3.0,3.0,4.0,3.0,2.0,2.0,3.0,3.0,3.0,3.0,2.0
96,29,2,4,1,,3.0,2.0,2.0,2.0,3.0,3.0,2.0,3.0,3.0,3.0,3.0,4.0,2.0,4.0,4.0,3.0,3.0
97,51,2,4,1,2.0,2.0,2.0,2.0,2.0,2.0,2.0,2.0,2.0,2.0,2.0,2.0,2.0,2.0,2.0,2.0,2.0,2.0
98,39,2,3,2,3.0,2.0,3.0,2.0,3.0,4.0,3.0,3.0,4.0,3.0,4.0,3.0,2.0,3.0,2.0,4.0,2.0,3.0
99,28,2,3,2,4.0,3.0,2.0,4.0,3.0,3.0,3.0,4.0,4.0,3.0,3.0,3.0,3.0,3.0,4.0,2.0,3.0,4.0
100,30,2,3,1,3.0,3.0,2.0,3.0,2.0,3.0,,2.0,4.0,2.0,4.0,3.0,3.0,3.0,4.0,4.0,2.0,3.0
101,46,1,2,1,3.0,3.0,2.0,,3.0,2.0,3.0,3.0,3.0,3.0,3.0,3.0,,3.0,4.0,3.0,3.0,2.0
102,32,2,2,1,3.0,3.0,3.0,3.0,3.0,4.0,3.0,3.0,3.0,3.0,2.0,3.0,2.0,3.0,2.0,,4.0,3.0
103,44,2,4,2,1.0,1.0,1.0,1.0,1.0,1.0,1.0,1.0,1.0,1.0,1.0,1.0,1.0,1.0,1.0,1.0,1.0,1.0
104,55,1,1,2,1.0,1.0,1.0,1.0,1.0,1.0,1.0,1.0,1.0,1.0,1.0,1.0,1.0,1.0,1.0,1.0,1.0,1.0
105,35,2,3,3,3.0,2.0,3.0,3.0,3.0,2.0,3.0,3.0,4.0,4.0,3.0,3.0,4.0,3.0,3.0,2.0,4.0,4.0
106,28,1,3,1,3.0,4.0,4.0,2.0,3.0,2.0,3.0,3.0,3.0,4.0,4.0,2.0,3.0,4.0,2.0,4.0,4.0,4.0
107,46,2,3,1,4.0,2.0,3.0,2.0,3.0,3.0,4.0,2.0,2.0,3.0,2.0,3.0,3.0,3.0,2.0,3.0,4.0,2.0
108,49,1,1,1,2.0,3.0,2.0,3.0,,4.0,2.0,3.0,4.0,3.0,,3.0,4.0,4.0,,2.0,3.0,4.0
109,43,1,2,1,3.0,2.0,3.0,2.0,4.0,2.0,3.0,4.0,2.0,3.0,3.0,3.0,2.0,2.0,3.0,,2.0,2.0
110,29,2,3,2,3.0,1.0,3.0,2.0,3.0,3.0,3.0,3.0,3.0,3.0,3.0,3.0,3.0,2.0,4.0,2.0,3.0,3.0
111,50,1,1,1,,3.0,2.0,1.0,3.0,3.0,,4.0,3.0,4.0,3.0,3.0,3.0,4.0,,,3.0,3.0
112,30,2,4,2,2.0,2.0,2.0,2.0,2.0,2.0,2.0,2.0,2.0,2.0,2.0,2.0,2.0,2.0,2.0,2.0,2.0,2.0
113,37,2,4,1,4.0,,3.0,2.0,2.0,2.0,2.0,3.0,4.0,3.0,,3.0,2.0,3.0,3.0,3.0,3.0,
114,35,2,2,1,2.0,3.0,3.0,2.0,3.0,2.0,3.0,3.0,2.0,3.0,4.0,2.0,2.0,3.0,3.0,3.0,4.0,2.0
115,24,2,2,2,3.0,3.0,3.0,3.0,3.0,3.0,3.0,3.0,3.0,3.0,3.0,3.0,3.0,3.0,3.0,3.0,3.0,3.0
116,47,2,4,1,3.0,2.0,2.0,,3.0,3.0,3.0,3.0,2.0,2.0,2.0,3.0,3.0,2.0,3.0,2.0,3.0,3.0
117,44,2,1,1,3.0,2.0,3.0,2.0,3.0,3.0,4.0,4.0,3.0,3.0,4.0,3.0,3.0,4.0,3.0,,3.0,2.0
118,26,1,3,1,3.0,3.0,,3.0,1.0,3.0,4.0,3.0,,3.0,4.0,3.0,3.0,3.0,4.0,2.0,3.0,3.0
119,35,2,4,2,3.0,4.0,4.0,2.0,3.0,4.0,4.0,3.0,2.0,3.0,2.0,3.0,3.0,4.0,3.0,4.0,,
120,34,1,3,1,3.0,2.0,2.0,2.0,3.0,3.0,4.0,3.0,3.0,2.0,3.0,4.0,2.0,3.0,3.0,3.0,3.0,4.0
121,25,1,4,1,4.0,2.0,2.0,3.0,3.0,,4.0,3.0,4.0,3.0,3.0,3.0,3.0,3.0,2.0,4.0,3.0,3.0
122,38,1,3,2,3.0,2.0,2.0,3.0,3.0,3.0,4.0,3.0,3.0,2.0,,3.0,3.0,3.0,3.0,3.0,3.0,3.0
123,26,2,3,1,4.0,4.0,3.0,3.0,3.0,3.0,3.0,4.0,2.0,4.0,4.0,3.0,3.0,3.0,3.0,3.0,3.0,2.0
124,31,1,4,2,3.0,4.0,3.0,3.0,3.0,2.0,2.0,2.0,3.0,3.0,,4.0,3.0,2.0,2.0,3.0,3.0,3.0
125,46,1,4,1,3.0,3.0,2.0,2.0,4.0,3.0,2.0,4.0,3.0,4.0,2.0,3.0,3.0,4.0,2.0,3.0,2.0,2.0
126,35,2,3,2,4.0,4.0,,3.0,2.0,3.0,3.0,3.0,4.0,3.0,4.0,2.0,3.0,4.0,3.0,3.0,4.0,3.0
127,51,2,3,2,,2.0,2.0,2.0,2.0,3.0,3.0,2.0,3.0,3.0,4.0,4.0,4.0,3.0,2.0,2.0,2.0,2.0
128,45,2,3,2,3.0,2.0,2.0,3.0,3.0,3.0,3.0,4.0,3.0,3.0,3.0,2.0,3.0,3.0,3.0,2.0,3.0,3.0
129,43,2,4,3,3.0,3.0,2.0,3.0,4.0,3.0,3.0,2.0,4.0,3.0,3.0,4.0,4.0,3.0,3.0,3.0,4.0,3.0
130,42,2,3,2,2.0,4.0,3.0,3.0,2.0,3.0,3.0,2.0,3.0,4.0,,3.0,2.0,4.0,4.0,3.0,3.0,4.0
131,51,2,3,1,3.0,4.0,3.0,3.0,3.0,3.0,4.0,4.0,4.0,3.0,3.0,3.0,3.0,3.0,3.0,3.0,3.0,2.0
132,46,1,4,3,4.0,3.0,2.0,2.0,3.0,3.0,3.0,4.0,3.0,4.0,2.0,3.0,3.0,3.0,3.0,3.0,2.0,3.0
133,30,1,4,2,2.0,4.0,2.0,3.0,3.0,2.0,3.0,4.0,4.0,3.0,3.0,3.0,3.0,3.0,3.0,3.0,2.0,3.0
134,35,2,3,2,3.0,3.0,3.0,3.0,3.0,3.0,4.0,5.0,3.0,4.0,4.0,4.0,3.0,3.0,3.0,3.0,2.0,4.0
135,48,2,1,1,3.0,3.0,2.0,1.0,2.0,3.0,3.0,4.0,4.0,3.0,4.0,3.0,3.0,3.0,4.0,2.0,4.0,3.0
136,36,1,2,1,3.0,3.0,3.0,3.0,3.0,2.0,3.0,3.0,3.0,3.0,4.0,3.0,2.0,3.0,3.0,4.0,3.0,3.0
137,47,1,2,1,2.0,3.0,4.0,3.0,3.0,2.0,3.0,3.0,4.0,2.0,3.0,4.0,3.0,3.0,3.0,4.0,3.0,2.0
138,46,1,3,1,3.0,2.0,2.0,4.0,2.0,3.0,,3.0,3.0,3.0,3.0,3.0,3.0,,2.0,3.0,3.0,2.0
139,49,2,1,2,2.0,3.0,3.0,2.0,4.0,2.0,,3.0,,2.0,4.0,5.0,3.0,3.0,4.0,3.0,4.0,3.0
140,55,2,3,1,2.0,2.0,2.0,2.0,2.0,2.0,2.0,2.0,2.0,2.0,2.0,2.0,2.0,2.0,2.0,2.0,2.0,2.0
141,32,2,4,3,2.0,,2.0,2.0,4.0,3.0,3.0,3.0,3.0,3.0,3.0,3.0,2.0,4.0,3.0,3.0,4.0,3.0
142,42,2,4,1,2.0,4.0,4.0,,4.0,3.0,4.0,3.0,3.0,4.0,3.0,4.0,4.0,3.0,3.0,3.0,2.0,3.0
143,45,1,3,1,2.0,3.0,3.0,4.0,3.0,4.0,3.0,3.0,3.0,4.0,3.0,3.0,3.0,3.0,3.0,3.0,3.0,3.0
144,34,2,3,1,3.0,3.0,3.0,,2.0,3.0,3.0,3.0,2.0,4.0,3.0,4.0,3.0,3.0,3.0,4.0,2.0,3.0
145,42,2,4,3,3.0,3.0,4.0,3.0,3.0,3.0,2.0,3.0,4.0,3.0,3.0,4.0,3.0,3.0,3.0,,4.0,2.0
146,23,1,4,1,4.0,3.0,2.0,2.0,2.0,4.0,3.0,4.0,2.0,2.0,3.0,3.0,3.0,2.0,4.0,3.0,3.0,3.0
147,53,2,2,1,3.0,3.0,3.0,2.0,3.0,3.0,3.0,4.0,3.0,2.0,3.0,3.0,4.0,3.0,4.0,3.0,3.0,3.0
148,55,1,3,2,4.0,2.0,3.0,1.0,2.0,2.0,4.0,2.0,3.0,3.0,3.0,3.0,3.0,3.0,3.0,2.0,3.0,3.0
149,44,1,4,3,3.0,2.0,3.0,2.0,3.0,3.0,3.0,3.0,3.0,3.0,4.0,3.0,3.0,3.0,3.0,3.0,4.0,3.0
150,48,2,2,3,3.0,4.0,2.0,,3.0,3.0,3.0,4.0,2.0,4.0,3.0,3.0,,4.0,4.0,3.0,2.0,3.0
151,32,2,3,1,2.0,2.0,4.0,3.0,3.0,3.0,4.0,3.0,3.0,3.0,3.0,3.0,3.0,3.0,2.0,4.0,3.0,3.0
152,41,1,1,1,3.0,3.0,1.0,3.0,2.0,4.0,3.0,4.0,3.0,3.0,3.0,4.0,,3.0,4.0,3.0,2.0,2.0
153,38,2,3,1,3.0,4.0,2.0,2.0,3.0,3.0,2.0,2.0,2.0,3.0,3.0,3.0,3.0,3.0,2.0,4.0,2.0,3.0
154,46,2,1,1,,3.0,3.0,2.0,2.0,4.0,3.0,3.0,2.0,4.0,3.0,4.0,3.0,2.0,3.0,4.0,3.0,3.0
155,42,2,3,2,3.0,3.0,2.0,1.0,3.0,3.0,3.0,3.0,3.0,,3.0,3.0,4.0,3.0,3.0,5.0,4.0,3.0
156,26,2,3,2,3.0,3.0,3.0,3.0,3.0,4.0,3.0,3.0,2.0,3.0,2.0,2.0,,2.0,3.0,3.0,2.0,3.0
157,29,1,3,2,3.0,4.0,3.0,4.0,3.0,3.0,,3.0,3.0,,4.0,4.0,4.0,3.0,3.0,3.0,3.0,2.0
158,33,1,4,1,3.0,1.0,2.0,2.0,2.0,3.0,4.0,3.0,2.0,3.0,3.0,3.0,3.0,4.0,3.0,2.0,3.0,4.0
159,34,2,3,3,3.0,2.0,3.0,3.0,2.0,4.0,4.0,4.0,3.0,3.0,3.0,3.0,4.0,,3.0,2.0,3.0,4.0
160,22,2,3,2,3.0,3.0,2.0,3.0,4.0,3.0,4.0,5.0,3.0,3.0,2.0,4.0,4.0,4.0,3.0,4.0,3.0,4.0
161,25,2,2,1,2.0,3.0,3.0,3.0,4.0,4.0,2.0,4.0,3.0,3.0,3.0,4.0,4.0,4.0,,3.0,3.0,3.0
162,32,2,4,3,3.0,3.0,1.0,3.0,1.0,2.0,2.0,4.0,4.0,4.0,,2.0,3.0,3.0,3.0,3.0,3.0,3.0
163,54,2,1,1,3.0,2.0,3.0,3.0,3.0,3.0,2.0,4.0,3.0,3.0,3.0,3.0,4.0,3.0,3.0,2.0,4.0,3.0
164,25,2,1,2,2.0,3.0,2.0,2.0,2.0,3.0,4.0,3.0,3.0,3.0,3.0,3.0,3.0,4.0,3.0,3.0,3.0,3.0
165,37,1,3,3,4.0,4.0,2.0,3.0,,4.0,4.0,2.0,3.0,3.0,3.0,2.0,4.0,4.0,3.0,3.0,4.0,2.0
166,37,2,3,2,2.0,,3.0,2.0,3.0,3.0,4.0,2.0,4.0,3.0,3.0,4.0,3.0,3.0,3.0,4.0,3.0,3.0
167,42,1,3,2,2.0,,3.0,2.0,2.0,3.0,3.0,3.0,3.0,2.0,4.0,4.0,2.0,2.0,3.0,3.0,3.0,3.0
168,44,1,4,2,2.0,3.0,3.0,2.0,3.0,2.0,3.0,4.0,3.0,4.0,4.0,4.0,2.0,4.0,3.0,3.0,3.0,3.0
169,54,1,3,1,3.0,3.0,2.0,4.0,2.0,3.0,2.0,3.0,4.0,4.0,4.0,3.0,3.0,3.0,4.0,4.0,,3.0
170,27,2,3,2,4.0,3.0,2.0,2.0,,3.0,3.0,3.0,3.0,3.0,3.0,4.0,3.0,4.0,2.0,2.0,4.0,2.0
171,35,2,1,1,3.0,2.0,3.0,2.0,2.0,1.0,,3.0,3.0,3.0,3.0,3.0,3.0,3.0,3.0,3.0,5.0,3.0
172,54,1,3,1,2.0,3.0,3.0,4.0,2.0,2.0,3.0,3.0,3.0,4.0,2.0,2.0,3.0,4.0,3.0,2.0,2.0,3.0
173,26,2,4,2,2.0,3.0,3.0,3.0,,4.0,4.0,2.0,4.0,4.0,4.0,3.0,4.0,3.0,3.0,2.0,3.0,3.0
174,44,2,4,2,3.0,2.0,3.0,3.0,3.0,1.0,,3.0,2.0,3.0,3.0,2.0,3.0,3.0,3.0,3.0,3.0,3.0
175,28,2,3,3,3.0,3.0,2.0,4.0,3.0,1.0,4.0,3.0,3.0,3.0,,3.0,3.0,4.0,4.0,3.0,3.0,2.0
176,29,2,3,2,3.0,5.0,2.0,3.0,3.0,3.0,3.0,3.0,3.0,3.0,3.0,2.0,3.0,4.0,4.0,2.0,2.0,3.0
177,41,2,2,3,4.0,3.0,2.0,3.0,3.0,,2.0,3.0,3.0,4.0,,2.0,4.0,3.0,4.0,2.0,2.0,3.0
178,53,2,3,1,3.0,2.0,3.0,3.0,4.0,3.0,3.0,4.0,3.0,3.0,3.0,3.0,2.0,4.0,3.0,2.0,3.0,2.0
179,35,2,3,2,3.0,3.0,2.0,3.0,1.0,3.0,2.0,3.0,2.0,4.0,3.0,3.0,4.0,4.0,4.0,3.0,2.0,3.0
180,23,2,2,1,3.0,3.0,2.0,3.0,3.0,1.0,2.0,4.0,3.0,3.0,4.0,3.0,3.0,4.0,2.0,2.0,2.0,3.0
181,55,1,2,1,4.0,3.0,3.0,3.0,3.0,3.0,3.0,3.0,4.0,3.0,3.0,4.0,3.0,3.0,3.0,3.0,3.0,3.0
182,24,1,3,1,3.0,4.0,3.0,3.0,3.0,3.0,3.0,3.0,,2.0,3.0,4.0,4.0,2.0,3.0,4.0,4.0,2.0
183,46,1,3,1,2.0,2.0,3.0,3.0,3.0,3.0,3.0,2.0,3.0,3.0,3.0,3.0,3.0,3.0,2.0,3.0,3.0,3.0
184,26,2,2,1,2.0,3.0,3.0,2.0,,,3.0,2.0,3.0,3.0,3.0,2.0,,3.0,3.0,3.0,2.0,2.0
185,32,1,2,1,3.0,3.0,3.0,3.0,3.0,3.0,4.0,3.0,3.0,3.0,3.0,4.0,,3.0,3.0,3.0,3.0,3.0
186,30,1,3,1,2.0,2.0,2.0,3.0,2.0,3.0,3.0,3.0,3.0,3.0,3.0,4.0,1.0,3.0,4.0,3.0,4.0,3.0
187,52,1,3,1,3.0,2.0,1.0,,3.0,3.0,3.0,3.0,3.0,3.0,4.0,3.0,3.0,3.0,4.0,3.0,4.0,2.0
188,29,2,3,2,3.0,3.0,3.0,3.0,3.0,2.0,3.0,3.0,3.0,3.0,3.0,3.0,2.0,4.0,3.0,3.0,,2.0
189,32,2,1,2,2.0,3.0,2.0,3.0,3.0,2.0,3.0,4.0,3.0,,3.0,4.0,3.0,4.0,2.0,3.0,3.0,2.0
190,34,2,4,1,3.0,3.0,3.0,3.0,2.0,2.0,4.0,5.0,3.0,3.0,3.0,4.0,3.0,3.0,4.0,3.0,2.0,2.0
191,39,2,3,1,3.0,4.0,3.0,2.0,1.0,2.0,3.0,4.0,3.0,4.0,3.0,3.0,3.0,3.0,3.0,4.0,3.0,3.0
192,34,2,3,2,4.0,3.0,4.0,3.0,3.0,3.0,3.0,,3.0,3.0,,4.0,2.0,2.0,2.0,3.0,4.0,3.0
193,32,1,3,2,3.0,3.0,3.0,2.0,2.0,3.0,3.0,3.0,3.0,3.0,3.0,3.0,3.0,3.0,4.0,3.0,3.0,3.0
194,42,2,1,1,5.0,5.0,5.0,5.0,5.0,5.0,5.0,5.0,5.0,5.0,5.0,5.0,5.0,5.0,5.0,5.0,5.0,5.0
195,33,1,2,1,3.0,3.0,3.0,2.0,3.0,2.0,3.0,4.0,3.0,3.0,4.0,,3.0,3.0,2.0,3.0,2.0,3.0
196,48,1,4,2,2.0,3.0,3.0,4.0,2.0,4.0,4.0,4.0,3.0,4.0,3.0,2.0,4.0,3.0,2.0,,3.0,3.0
197,32,1,2,2,4.0,3.0,3.0,3.0,3.0,3.0,3.0,3.0,3.0,3.0,3.0,3.0,2.0,4.0,3.0,3.0,3.0,2.0
198,40,1,3,1,2.0,1.0,2.0,3.0,2.0,2.0,3.0,4.0,3.0,3.0,3.0,4.0,3.0,4.0,4.0,3.0,3.0,3.0
199,33,1,2,2,2.0,1.0,2.0,4.0,3.0,3.0,4.0,4.0,4.0,4.0,3.0,2.0,3.0,4.0,2.0,3.0,3.0,2.0
200,39,2,4,1,4.0,3.0,3.0,3.0,2.0,1.0,3.0,3.0,3.0,3.0,4.0,3.0,4.0,3.0,3.0,4.0,3.0,3.0
201,54,2,3,2,3.0,4.0,3.0,3.0,4.0,4.0,3.0,,4.0,4.0,4.0,3.0,4.0,4.0,2.0,3.0,2.0,3.0
202,47,1,3,1,3.0,3.0,3.0,1.0,4.0,2.0,3.0,3.0,3.0,2.0,3.0,3.0,3.0,4.0,3.0,2.0,4.0,3.0
203,28,2,4,3,4.0,3.0,2.0,3.0,3.0,3.0,3.0,4.0,3.0,2.0,3.0,4.0,4.0,,1.0,3.0,2.0,3.0
204,41,1,2,2,4.0,,3.0,3.0,2.0,3.0,3.0,3.0,3.0,3.0,3.0,3.0,3.0,1.0,2.0,2.0,3.0,3.0
205,52,1,3,2,3.0,2.0,3.0,2.0,3.0,2.0,4.0,4.0,3.0,3.0,2.0,2.0,3.0,,3.0,3.0,3.0,3.0
206,36,1,3,3,2.0,4.0,3.0,3.0,3.0,4.0,4.0,2.0,4.0,3.0,3.0,4.0,3.0,3.0,2.0,4.0,3.0,5.0
207,51,2,3,2,3.0,3.0,3.0,3.0,3.0,2.0,2.0,4.0,3.0,3.0,2.0,4.0,2.0,2.0,3.0,4.0,3.0,3.0
208,37,1,3,3,3.0,3.0,2.0,2.0,2.0,2.0,3.0,4.0,3.0,2.0,2.0,3.0,3.0,3.0,3.0,3.0,3.0,3.0
209,35,2,2,1,4.0,2.0,2.0,3.0,2.0,3.0,2.0,3.0,2.0,4.0,3.0,2.0,3.0,3.0,3.0,3.0,3.0,3.0
210,31,1,3,2,2.0,3.0,2.0,4.0,2.0,,3.0,3.0,4.0,4.0,2.0,2.0,2.0,2.0,2.0,,3.0,2.0
211,30,2,2,3,2.0,3.0,3.0,3.0,3.0,3.0,2.0,2.0,3.0,4.0,3.0,3.0,3.0,3.0,3.0,3.0,3.0,2.0
212,50,1,1,3,3.0,3.0,3.0,3.0,2.0,3.0,3.0,3.0,3.0,3.0,3.0,3.0,3.0,3.0,3.0,3.0,3.0,3.0
213,45,2,4,2,2.0,3.0,3.0,3.0,3.0,2.0,4.0,4.0,3.0,3.0,3.0,4.0,3.0,3.0,3.0,2.0,2.0,3.0
214,38,1,2,2,2.0,3.0,4.0,3.0,3.0,2.0,4.0,3.0,3.0,3.0,2.0,4.0,3.0,3.0,2.0,3.0,3.0,1.0
215,28,2,4,1,3.0,3.0,3.0,4.0,3.0,3.0,3.0,3.0,2.0,3.0,4.0,3.0,4.0,3.0,2.0,3.0,3.0,3.0
216,41,2,3,2,4.0,4.0,4.0,4.0,4.0,4.0,4.0,4.0,4.0,4.0,4.0,4.0,4.0,4.0,4.0,4.0,4.0,4.0
217,40,2,3,2,3.0,4.0,4.0,2.0,3.0,3.0,4.0,2.0,2.0,3.0,3.0,4.0,3.0,4.0,2.0,3.0,3.0,4.0
218,49,1,2,1,2.0,4.0,2.0,2.0,3.0,2.0,3.0,4.0,3.0,3.0,3.0,4.0,2.0,3.0,3.0,3.0,4.0,2.0
219,48,1,1,2,2.0,2.0,3.0,2.0,2.0,3.0,3.0,3.0,3.0,3.0,3.0,2.0,3.0,3.0,3.0,2.0,3.0,3.0
220,23,2,4,1,3.0,2.0,2.0,2.0,2.0,3.0,3.0,,4.0,3.0,4.0,3.0,3.0,3.0,4.0,3.0,3.0,3.0
221,24,2,1,2,3.0,2.0,4.0,2.0,3.0,4.0,4.0,3.0,4.0,3.0,4.0,3.0,3.0,4.0,3.0,2.0,3.0,3.0
222,30,2,4,1,2.0,3.0,2.0,4.0,3.0,3.0,4.0,4.0,3.0,4.0,2.0,3.0,3.0,2.0,3.0,3.0,3.0,4.0
223,45,1,3,2,4.0,3.0,,3.0,2.0,3.0,3.0,3.0,3.0,3.0,2.0,2.0,2.0,3.0,3.0,3.0,3.0,3.0
224,25,2,3,2,4.0,3.0,3.0,4.0,4.0,2.0,2.0,3.0,3.0,3.0,3.0,3.0,3.0,4.0,3.0,3.0,3.0,2.0
225,35,2,2,1,3.0,2.0,3.0,2.0,2.0,4.0,2.0,3.0,4.0,3.0,3.0,4.0,3.0,4.0,3.0,,3.0,2.0
226,30,2,4,1,2.0,1.0,3.0,3.0,3.0,2.0,4.0,2.0,3.0,,4.0,2.0,3.0,3.0,4.0,3.0,3.0,4.0
227,42,2,3,2,3.0,3.0,3.0,3.0,3.0,3.0,3.0,3.0,3.0,4.0,4.0,,3.0,2.0,3.0,4.0,3.0,4.0
228,29,2,3,3,4.0,3.0,3.0,3.0,2.0,3.0,4.0,3.0,,3.0,4.0,3.0,2.0,4.0,3.0,1.0,3.0,2.0
229,51,2,4,3,2.0,4.0,2.0,3.0,3.0,2.0,3.0,3.0,3.0,3.0,3.0,2.0,2.0,2.0,3.0,3.0,2.0,2.0
230,35,1,3,2,3.0,3.0,3.0,3.0,3.0,2.0,3.0,2.0,3.0,4.0,2.0,4.0,3.0,4.0,3.0,3.0,4.0,4.0
231,43,2,2,2,2.0,2.0,3.0,3.0,2.0,3.0,3.0,3.0,3.0,,3.0,4.0,3.0,3.0,3.0,2.0,3.0,3.0
232,35,1,2,1,3.0,3.0,3.0,3.0,3.0,4.0,3.0,3.0,3.0,3.0,4.0,4.0,3.0,3.0,3.0,3.0,3.0,4.0
233,46,1,1,1,3.0,3.0,3.0,1.0,3.0,3.0,4.0,,,3.0,3.0,2.0,3.0,3.0,3.0,3.0,3.0,2.0
234,31,2,4,2,2.0,2.0,3.0,3.0,3.0,3.0,3.0,3.0,3.0,3.0,3.0,4.0,4.0,4.0,,2.0,3.0,3.0
235,30,1,2,2,2.0,3.0,2.0,2.0,2.0,3.0,4.0,4.0,4.0,4.0,3.0,3.0,3.0,3.0,4.0,3.0,2.0,
236,35,2,3,1,3.0,3.0,,3.0,2.0,2.0,3.0,4.0,3.0,2.0,3.0,2.0,3.0,4.0,3.0,3.0,4.0,3.0
237,45,1,3,1,3.0,4.0,3.0,3.0,4.0,3.0,3.0,4.0,3.0,3.0,3.0,3.0,3.0,3.0,3.0,4.0,2.0,2.0
238,22,1,3,2,3.0,3.0,3.0,2.0,3.0,3.0,4.0,3.0,3.0,3.0,3.0,4.0,3.0,3.0,3.0,3.0,2.0,3.0
239,53,1,2,2,4.0,2.0,1.0,3.0,3.0,4.0,3.0,3.0,3.0,3.0,4.0,3.0,3.0,4.0,3.0,3.0,3.0,4.0
240,25,2,4,1,3.0,,3.0,3.0,3.0,3.0,2.0,3.0,3.0,3.0,4.0,4.0,3.0,2.0,2.0,4.0,4.0,4.0
241,34,2,2,2,3.0,3.0,3.0,3.0,2.0,,4.0,3.0,4.0,3.0,2.0,3.0,3.0,2.0,3.0,2.0,2.0,3.0
242,35,2,3,1,2.0,3.0,4.0,3.0,3.0,3.0,,3.0,3.0,4.0,3.0,4.0,3.0,2.0,3.0,2.0,3.0,3.0
243,31,1,4,1,2.0,2.0,2.0,3.0,4.0,4.0,3.0,3.0,2.0,4.0,4.0,3.0,3.0,3.0,4.0,3.0,3.0,3.0
244,46,1,4,3,3.0,3.0,2.0,2.0,2.0,4.0,2.0,2.0,3.0,3.0,3.0,3.0,3.0,3.0,3.0,4.0,3.0,4.0
245,49,2,3,2,2.0,3.0,3.0,2.0,4.0,3.0,3.0,3.0,4.0,2.0,4.0,4.0,4.0,,4.0,3.0,3.0,2.0
246,47,1,4,2,3.0,4.0,3.0,3.0,3.0,2.0,4.0,3.0,3.0,3.0,3.0,3.0,2.0,3.0,2.0,3.0,4.0,2.0
247,48,2,4,1,3.0,2.0,2.0,3.0,3.0,2.0,3.0,3.0,,3.0,4.0,3.0,4.0,3.0,3.0,3.0,4.0,4.0
248,49,2,2,1,3.0,3.0,3.0,1.0,2.0,2.0,3.0,3.0,3.0,3.0,3.0,4.0,4.0,3.0,2.0,3.0,3.0,
249,49,1,3,2,3.0,5.0,4.0,3.0,3.0,2.0,3.0,4.0,3.0,3.0,3.0,4.0,3.0,4.0,2.0,3.0,2.0,3.0
250,38,2,1,3,2.0,3.0,3.0,2.0,2.0,2.0,3.0,3.0,4.0,3.0,3.0,3.0,3.0,3.0,2.0,3.0,3.0,3.0
251,36,2,3,3,3.0,3.0,2.0,,3.0,2.0,4.0,3.0,3.0,3.0,4.0,3.0,3.0,3.0,3.0,3.0,,2.0
252,36,2,3,1,2.0,3.0,3.0,3.0,3.0,3.0,3.0,3.0,2.0,3.0,4.0,3.0,2.0,2.0,3.0,4.0,2.0,4.0
253,30,2,1,1,3.0,3.0,3.0,3.0,3.0,3.0,4.0,4.0,4.0,4.0,2.0,,2.0,,3.0,3.0,3.0,3.0
254,49,2,4,2,2.0,3.0,3.0,2.0,3.0,2.0,3.0,3.0,3.0,4.0,3.0,3.0,3.0,3.0,,4.0,3.0,3.0
255,53,2,1,2,3.0,2.0,2.0,4.0,3.0,3.0,,2.0,2.0,4.0,3.0,3.0,4.0,4.0,5.0,3.0,4.0,4.0
256,35,2,3,2,3.0,2.0,3.0,3.0,4.0,3.0,4.0,3.0,3.0,3.0,4.0,3.0,3.0,3.0,3.0,3.0,4.0,4.0
257,36,2,1,1,3.0,4.0,3.0,4.0,,2.0,3.0,,3.0,4.0,4.0,,3.0,4.0,3.0,4.0,4.0,3.0
258,55,1,3,2,3.0,3.0,2.0,3.0,2.0,,4.0,3.0,3.0,3.0,3.0,3.0,2.0,2.0,3.0,4.0,3.0,4.0
259,24,2,2,1,3.0,2.0,,2.0,2.0,3.0,4.0,2.0,3.0,3.0,3.0,3.0,3.0,3.0,3.0,3.0,3.0,3.0
260,27,2,3,3,3.0,3.0,2.0,3.0,3.0,3.0,3.0,3.0,4.0,3.0,3.0,3.0,3.0,3.0,3.0,3.0,3.0,3.0
261,40,1,4,1,4.0,,2.0,3.0,3.0,3.0,3.0,3.0,3.0,3.0,3.0,3.0,3.0,3.0,3.0,3.0,3.0,
262,43,1,3,1,3.0,3.0,3.0,2.0,3.0,3.0,2.0,4.0,4.0,3.0,2.0,4.0,3.0,3.0,2.0,3.0,4.0,2.0
263,39,1,3,2,3.0,3.0,2.0,5.0,3.0,2.0,3.0,3.0,2.0,3.0,3.0,4.0,2.0,3.0,3.0,2.0,4.0,2.0
264,36,2,2,3,1.0,1.0,1.0,1.0,1.0,1.0,1.0,1.0,1.0,1.0,1.0,1.0,1.0,1.0,1.0,1.0,1.0,1.0
265,50,1,4,2,2.0,2.0,3.0,2.0,2.0,4.0,4.0,4.0,3.0,3.0,3.0,3.0,4.0,3.0,,3.0,2.0,3.0
266,30,2,3,1,5.0,3.0,4.0,2.0,3.0,3.0,2.0,2.0,3.0,3.0,4.0,2.0,3.0,3.0,3.0,3.0,3.0,3.0
267,48,2,4,1,3.0,2.0,2.0,3.0,3.0,3.0,3.0,3.0,3.0,3.0,2.0,,3.0,3.0,3.0,3.0,3.0,3.0
268,29,2,4,3,3.0,3.0,3.0,1.0,2.0,4.0,3.0,2.0,4.0,4.0,3.0,3.0,2.0,3.0,3.0,3.0,2.0,3.0
269,51,2,3,1,,2.0,4.0,3.0,3.0,2.0,3.0,3.0,4.0,4.0,3.0,3.0,3.0,3.0,4.0,4.0,2.0,2.0
270,31,2,3,2,2.0,3.0,,3.0,2.0,,3.0,3.0,3.0,4.0,4.0,3.0,4.0,3.0,3.0,3.0,4.0,3.0
271,54,1,3,3,3.0,2.0,2.0,2.0,2.0,4.0,4.0,2.0,3.0,3.0,3.0,4.0,3.0,2.0,3.0,4.0,3.0,3.0
272,55,1,4,2,3.0,1.0,2.0,3.0,3.0,3.0,3.0,4.0,3.0,3.0,3.0,3.0,2.0,3.0,3.0,3.0,2.0,3.0
273,47,2,4,2,2.0,3.0,2.0,3.0,2.0,2.0,2.0,3.0,4.0,3.0,4.0,4.0,3.0,3.0,4.0,2.0,3.0,4.0
274,51,2,2,1,3.0,4.0,3.0,2.0,3.0,4.0,3.0,3.0,1.0,2.0,3.0,2.0,4.0,3.0,4.0,4.0,2.0,4.0
275,39,2,3,1,1.0,3.0,2.0,3.0,3.0,3.0,3.0,4.0,2.0,3.0,4.0,3.0,4.0,4.0,4.0,4.0,,3.0
276,48,1,4,1,2.0,3.0,,2.0,3.0,3.0,2.0,3.0,3.0,3.0,3.0,3.0,3.0,3.0,3.0,3.0,4.0,3.0
277,34,2,3,1,2.0,3.0,4.0,3.0,3.0,2.0,3.0,3.0,3.0,3.0,3.0,3.0,3.0,3.0,3.0,3.0,2.0,3.0
278,36,2,3,1,3.0,3.0,3.0,3.0,3.0,4.0,2.0,3.0,5.0,,3.0,1.0,5.0,3.0,3.0,4.0,3.0,3.0
279,42,1,3,2,3.0,2.0,2.0,2.0,3.0,4.0,3.0,4.0,3.0,3.0,3.0,3.0,4.0,2.0,3.0,2.0,4.0,3.0
280,32,2,4,2,2.0,3.0,3.0,3.0,3.0,3.0,3.0,4.0,3.0,3.0,4.0,3.0,3.0,2.0,3.0,2.0,3.0,2.0
281,38,1,2,1,4.0,3.0,3.0,2.0,3.0,2.0,3.0,3.0,2.0,3.0,3.0,3.0,4.0,4.0,3.0,3.0,3.0,3.0
282,31,2,3,2,2.0,3.0,,3.0,3.0,3.0,3.0,4.0,3.0,2.0,3.0,3.0,3.0,3.0,3.0,2.0,3.0,3.0
283,35,1,4,2,3.0,3.0,3.0,3.0,3.0,3.0,3.0,3.0,3.0,2.0,3.0,2.0,2.0,3.0,3.0,3.0,4.0,3.0
284,25,1,3,1,3.0,3.0,3.0,3.0,3.0,3.0,4.0,3.0,4.0,2.0,2.0,3.0,3.0,2.0,3.0,4.0,3.0,2.0
285,31,2,2,1,3.0,2.0,2.0,3.0,4.0,4.0,3.0,,3.0,3.0,3.0,4.0,3.0,3.0,4.0,4.0,4.0,4.0
286,43,2,1,1,4.0,2.0,2.0,4.0,3.0,3.0,3.0,3.0,3.0,3.0,3.0,4.0,3.0,3.0,2.0,2.0,3.0,2.0
287,27,2,3,2,3.0,4.0,2.0,,2.0,3.0,4.0,3.0,4.0,3.0,3.0,3.0,4.0,4.0,2.0,3.0,3.0,3.0
288,24,1,2,1,2.0,2.0,2.0,3.0,2.0,1.0,2.0,3.0,3.0,3.0,4.0,4.0,3.0,4.0,4.0,2.0,4.0,3.0
289,26,1,2,1,2.0,3.0,3.0,2.0,3.0,3.0,3.0,2.0,3.0,3.0,3.0,3.0,2.0,3.0,3.0,3.0,2.0,4.0
290,46,2,3,2,2.0,2.0,3.0,1.0,2.0,2.0,3.0,3.0,4.0,3.0,3.0,3.0,3.0,3.0,5.0,3.0,3.0,4.0
291,46,1,4,1,3.0,3.0,3.0,4.0,2.0,2.0,3.0,4.0,3.0,3.0,2.0,3.0,3.0,4.0,2.0,3.0,3.0,3.0
292,48,2,1,1,3.0,3.0,4.0,3.0,3.0,3.0,2.0,3.0,3.0,4.0,3.0,3.0,3.0,2.0,,,2.0,4.0
293,50,2,3,2,3.0,3.0,3.0,4.0,3.0,2.0,2.0,4.0,3.0,3.0,4.0,3.0,3.0,2.0,4.0,3.0,4.0,3.0
294,41,1,2,1,3.0,3.0,2.0,3.0,3.0,3.0,3.0,4.0,4.0,3.0,3.0,2.0,3.0,3.0,4.0,3.0,3.0,3.0
295,41,1,4,3,3.0,3.0,3.0,3.0,3.0,3.0,3.0,4.0,3.0,3.0,3.0,4.0,2.0,4.0,3.0,2.0,3.0,2.0
296,50,1,3,2,3.0,3.0,2.0,2.0,3.0,2.0,3.0,4.0,3.0,3.0,3.0,2.0,3.0,3.0,4.0,2.0,3.0,5.0
297,29,2,2,1,2.0,1.0,3.0,2.0,3.0,,2.0,,3.0,3.0,3.0,3.0,3.0,2.0,3.0,3.0,3.0,4.0
298,32,2,1,1,4.0,4.0,3.0,2.0,3.0,2.0,3.0,,4.0,4.0,3.0,4.0,2.0,3.0,3.0,3.0,3.0,2.0
299,29,1,4,2,3.0,2.0,3.0,2.0,3.0,4.0,2.0,4.0,2.0,2.0,3.0,3.0,2.0,2.0,3.0,,3.0,4.0
300,23,1,2,1,4.0,3.0,3.0,3.0,3.0,3.0,3.0,3.0,2.0,4.0,3.0,3.0,3.0,3.0,3.0,3.0,3.0,3.0
301,34,1,2,1,2.0,2.0,2.0,3.0,3.0,3.0,,,4.0,4.0,2.0,3.0,2.0,3.0,3.0,3.0,,2.0
302,47,1,3,2,2.0,2.0,4.0,4.0,3.0,2.0,3.0,3.0,4.0,3.0,3.0,3.0,4.0,3.0,3.0,3.0,2.0,3.0
303,55,1,3,1,2.0,3.0,2.0,2.0,3.0,2.0,2.0,4.0,3.0,2.0,3.0,3.0,3.0,,3.0,4.0,3.0,3.0
304,50,2,2,3,4.0,3.0,2.0,3.0,2.0,2.0,3.0,2.0,3.0,4.0,4.0,3.0,2.0,2.0,3.0,3.0,2.0,4.0
305,41,1,3,2,3.0,3.0,3.0,2.0,4.0,2.0,3.0,3.0,3.0,,4.0,3.0,3.0,3.0,,2.0,3.0,3.0
306,50,1,2,2,3.0,2.0,3.0,2.0,2.0,2.0,3.0,5.0,2.0,4.0,3.0,2.0,3.0,3.0,3.0,2.0,3.0,3.0
307,48,2,2,3,3.0,2.0,4.0,3.0,3.0,3.0,3.0,4.0,3.0,3.0,3.0,3.0,2.0,3.0,3.0,3.0,2.0,3.0
308,44,2,3,2,3.0,3.0,3.0,,3.0,3.0,3.0,3.0,3.0,3.0,4.0,4.0,3.0,4.0,4.0,4.0,2.0,3.0
309,31,2,3,3,2.0,3.0,3.0,2.0,3.0,3.0,4.0,3.0,4.0,3.0,2.0,3.0,4.0,2.0,2.0,2.0,3.0,4.0
310,46,1,3,1,4.0,3.0,2.0,2.0,3.0,3.0,3.0,2.0,2.0,3.0,4.0,2.0,2.0,3.0,5.0,2.0,3.0,3.0
311,23,1,4,1,2.0,2.0,3.0,3.0,3.0,3.0,3.0,4.0,2.0,5.0,3.0,,3.0,3.0,2.0,2.0,2.0,2.0
312,50,2,4,1,2.0,3.0,2.0,3.0,2.0,3.0,3.0,4.0,3.0,4.0,3.0,4.0,4.0,3.0,4.0,3.0,3.0,2.0
313,32,1,4,3,4.0,2.0,3.0,,2.0,,2.0,4.0,3.0,3.0,3.0,4.0,2.0,2.0,3.0,3.0,3.0,3.0
314,22,2,3,1,3.0,3.0,3.0,3.0,3.0,2.0,3.0,3.0,4.0,3.0,3.0,4.0,2.0,2.0,3.0,3.0,3.0,3.0
315,44,1,4,1,3.0,4.0,2.0,3.0,3.0,2.0,,4.0,4.0,3.0,3.0,2.0,3.0,2.0,3.0,2.0,3.0,4.0
316,27,2,4,1,4.0,3.0,3.0,2.0,2.0,2.0,3.0,4.0,2.0,3.0,4.0,4.0,,3.0,3.0,2.0,2.0,4.0
317,38,1,3,2,,3.0,2.0,3.0,4.0,3.0,4.0,4.0,3.0,3.0,4.0,3.0,3.0,4.0,3.0,2.0,,4.0
318,42,1,3,1,3.0,2.0,3.0,2.0,2.0,2.0,4.0,3.0,4.0,4.0,3.0,3.0,3.0,,2.0,2.0,4.0,2.0
319,28,1,3,1,3.0,4.0,1.0,3.0,2.0,3.0,4.0,4.0,3.0,3.0,,4.0,3.0,3.0,2.0,3.0,3.0,3.0
320,41,1,2,1,2.0,2.0,2.0,3.0,3.0,4.0,3.0,4.0,2.0,3.0,4.0,3.0,2.0,2.0,2.0,4.0,2.0,3.0
321,42,2,4,1,2.0,,3.0,3.0,3.0,4.0,3.0,4.0,3.0,3.0,4.0,3.0,2.0,3.0,3.0,3.0,3.0,
322,50,1,3,1,4.0,3.0,2.0,2.0,3.0,2.0,3.0,4.0,3.0,3.0,3.0,2.0,4.0,3.0,3.0,3.0,2.0,4.0
323,30,1,3,2,3.0,2.0,3.0,3.0,4.0,4.0,3.0,2.0,3.0,3.0,3.0,4.0,2.0,2.0,3.0,4.0,3.0,2.0
324,50,2,3,3,3.0,2.0,3.0,3.0,3.0,2.0,3.0,3.0,4.0,3.0,3.0,3.0,,4.0,3.0,2.0,3.0,3.0
325,28,2,3,1,3.0,3.0,3.0,3.0,3.0,3.0,3.0,3.0,3.0,3.0,3.0,3.0,3.0,3.0,3.0,3.0,3.0,3.0
326,50,1,4,1,3.0,3.0,3.0,3.0,3.0,2.0,3.0,3.0,,3.0,,3.0,2.0,3.0,3.0,3.0,3.0,3.0
327,51,1,4,2,4.0,3.0,3.0,4.0,3.0,3.0,3.0,4.0,3.0,5.0,3.0,3.0,2.0,3.0,3.0,3.0,3.0,3.0
328,23,1,3,2,2.0,3.0,4.0,3.0,3.0,3.0,4.0,,3.0,2.0,3.0,3.0,3.0,3.0,3.0,3.0,3.0,3.0
329,36,2,3,2,,4.0,3.0,2.0,3.0,4.0,4.0,3.0,3.0,4.0,3.0,3.0,3.0,,3.0,,2.0,3.0
330,22,2,2,2,3.0,4.0,4.0,,3.0,4.0,3.0,2.0,3.0,3.0,4.0,,3.0,2.0,,3.0,3.0,3.0
331,43,2,3,2,2.0,2.0,2.0,3.0,3.0,3.0,2.0,4.0,3.0,3.0,3.0,3.0,3.0,3.0,3.0,3.0,2.0,3.0
332,29,2,1,2,3.0,3.0,3.0,2.0,3.0,3.0,4.0,4.0,4.0,3.0,3.0,2.0,3.0,3.0,2.0,3.0,2.0,4.0
333,27,2,4,2,2.0,,2.0,2.0,,3.0,3.0,3.0,4.0,4.0,4.0,4.0,1.0,3.0,3.0,3.0,2.0,3.0
334,45,2,3,1,4.0,1.0,3.0,3.0,3.0,3.0,3.0,2.0,2.0,3.0,3.0,2.0,3.0,3.0,3.0,,3.0,3.0
335,33,1,2,2,3.0,2.0,4.0,3.0,2.0,2.0,4.0,3.0,3.0,2.0,3.0,4.0,4.0,2.0,3.0,3.0,4.0,3.0
336,37,2,2,2,3.0,4.0,2.0,3.0,3.0,2.0,4.0,3.0,2.0,3.0,4.0,3.0,4.0,3.0,3.0,2.0,3.0,2.0
337,50,2,2,2,3.0,3.0,3.0,2.0,2.0,3.0,4.0,3.0,4.0,2.0,4.0,4.0,2.0,3.0,2.0,2.0,2.0,4.0
338,52,2,3,3,2.0,2.0,3.0,4.0,3.0,,3.0,3.0,3.0,3.0,,4.0,5.0,2.0,3.0,3.0,2.0,3.0
339,54,1,4,1,,2.0,2.0,3.0,2.0,3.0,3.0,4.0,3.0,3.0,3.0,3.0,2.0,3.0,4.0,3.0,,3.0
340,55,2,4,1,3.0,3.0,,2.0,2.0,3.0,3.0,3.0,4.0,2.0,2.0,3.0,3.0,3.0,3.0,4.0,2.0,2.0
341,52,1,3,3,3.0,2.0,3.0,3.0,2.0,3.0,3.0,3.0,2.0,3.0,3.0,3.0,4.0,3.0,2.0,3.0,2.0,
342,47,2,4,3,2.0,2.0,3.0,,3.0,3.0,3.0,3.0,4.0,4.0,3.0,3.0,2.0,4.0,3.0,3.0,3.0,4.0
343,39,2,3,2,3.0,3.0,1.0,2.0,2.0,3.0,3.0,5.0,3.0,2.0,3.0,2.0,3.0,3.0,3.0,3.0,3.0,3.0
344,32,2,3,1,3.0,3.0,2.0,2.0,3.0,4.0,4.0,4.0,2.0,3.0,2.0,4.0,3.0,3.0,2.0,2.0,2.0,4.0
345,55,1,3,2,1.0,2.0,2.0,3.0,3.0,2.0,3.0,3.0,3.0,4.0,3.0,3.0,3.0,2.0,3.0,3.0,1.0,4.0
346,45,2,1,3,2.0,3.0,3.0,4.0,2.0,2.0,3.0,3.0,2.0,3.0,3.0,4.0,4.0,4.0,3.0,4.0,3.0,3.0
347,25,1,3,2,3.0,3.0,2.0,3.0,2.0,3.0,3.0,3.0,4.0,4.0,3.0,2.0,3.0,4.0,3.0,3.0,4.0,
348,47,1,4,1,3.0,2.0,2.0,4.0,3.0,3.0,3.0,,5.0,3.0,3.0,3.0,3.0,3.0,3.0,4.0,3.0,3.0
349,48,2,4,1,2.0,2.0,3.0,3.0,3.0,4.0,4.0,,3.0,4.0,4.0,3.0,4.0,3.0,3.0,3.0,3.0,3.0
350,45,1,3,1,2.0,2.0,3.0,4.0,4.0,2.0,2.0,3.0,2.0,3.0,4.0,4.0,4.0,3.0,3.0,3.0,2.0,3.0
351,34,2,3,1,3.0,3.0,3.0,3.0,3.0,3.0,2.0,4.0,3.0,4.0,3.0,3.0,3.0,3.0,4.0,3.0,3.0,4.0
352,24,2,2,2,2.0,2.0,3.0,3.0,3.0,3.0,3.0,3.0,3.0,2.0,4.0,4.0,,2.0,3.0,3.0,,3.0
353,35,2,1,2,,3.0,,4.0,2.0,3.0,3.0,2.0,4.0,3.0,3.0,4.0,3.0,2.0,,3.0,3.0,3.0
354,27,2,2,2,2.0,3.0,3.0,3.0,3.0,2.0,3.0,3.0,3.0,3.0,4.0,3.0,2.0,3.0,2.0,4.0,3.0,4.0
355,30,2,3,1,1.0,3.0,2.0,4.0,4.0,4.0,3.0,4.0,3.0,3.0,4.0,,4.0,2.0,3.0,4.0,3.0,3.0
356,44,1,3,3,2.0,4.0,3.0,4.0,2.0,3.0,3.0,3.0,2.0,4.0,3.0,3.0,,3.0,3.0,3.0,3.0,2.0
357,51,2,3,1,5.0,2.0,2.0,4.0,3.0,3.0,3.0,3.0,4.0,3.0,3.0,3.0,2.0,3.0,4.0,3.0,2.0,3.0
358,38,2,3,1,4.0,3.0,,4.0,3.0,2.0,3.0,4.0,2.0,3.0,4.0,3.0,4.0,3.0,2.0,3.0,4.0,3.0
359,44,2,2,1,3.0,4.0,3.0,2.0,2.0,3.0,3.0,4.0,3.0,3.0,3.0,3.0,3.0,3.0,3.0,4.0,4.0,1.0
360,50,2,3,1,2.0,3.0,3.0,3.0,2.0,2.0,3.0,4.0,3.0,3.0,2.0,3.0,4.0,3.0,4.0,3.0,3.0,3.0
361,22,2,4,1,,2.0,3.0,2.0,3.0,3.0,2.0,3.0,3.0,4.0,4.0,3.0,3.0,3.0,3.0,2.0,2.0,3.0
362,55,1,3,2,2.0,4.0,,3.0,2.0,3.0,4.0,3.0,4.0,3.0,3.0,3.0,3.0,3.0,3.0,3.0,3.0,
363,27,1,1,2,2.0,2.0,3.0,3.0,3.0,2.0,3.0,3.0,3.0,3.0,3.0,2.0,3.0,3.0,3.0,3.0,4.0,3.0
364,47,1,3,2,2.0,3.0,3.0,2.0,,3.0,3.0,3.0,4.0,3.0,3.0,3.0,2.0,3.0,3.0,2.0,,2.0
365,24,2,4,1,2.0,3.0,4.0,3.0,3.0,,2.0,3.0,4.0,5.0,3.0,4.0,3.0,4.0,3.0,3.0,2.0,
366,26,2,1,1,2.0,3.0,2.0,3.0,2.0,2.0,3.0,4.0,3.0,3.0,3.0,3.0,3.0,,3.0,3.0,3.0,
367,55,2,3,1,2.0,3.0,4.0,2.0,3.0,2.0,4.0,4.0,4.0,3.0,4.0,4.0,2.0,2.0,3.0,3.0,4.0,3.0
368,53,2,3,1,3.0,3.0,1.0,3.0,3.0,3.0,4.0,4.0,4.0,3.0,4.0,4.0,3.0,2.0,2.0,3.0,2.0,2.0
369,53,1,3,1,4.0,2.0,4.0,2.0,,3.0,3.0,3.0,4.0,3.0,2.0,3.0,4.0,3.0,3.0,4.0,2.0,4.0
370,55,1,3,2,1.0,2.0,3.0,3.0,3.0,2.0,3.0,4.0,3.0,3.0,4.0,4.0,3.0,3.0,3.0,3.0,3.0,2.0
371,36,2,1,2,3.0,3.0,3.0,3.0,2.0,,,3.0,3.0,4.0,2.0,4.0,3.0,4.0,3.0,4.0,4.0,3.0
372,43,2,2,2,3.0,4.0,3.0,4.0,2.0,2.0,4.0,4.0,4.0,3.0,2.0,4.0,2.0,4.0,2.0,1.0,3.0,3.0
373,33,1,3,1,3.0,3.0,3.0,3.0,3.0,3.0,3.0,3.0,3.0,3.0,3.0,3.0,4.0,3.0,4.0,3.0,3.0,4.0
374,41,2,3,2,3.0,2.0,3.0,3.0,3.0,2.0,3.0,3.0,3.0,3.0,3.0,3.0,3.0,2.0,2.0,4.0,3.0,3.0
375,46,2,2,1,3.0,3.0,3.0,2.0,3.0,3.0,3.0,3.0,3.0,3.0,3.0,,3.0,4.0,3.0,4.0,3.0,3.0
376,31,2,2,2,4.0,4.0,2.0,3.0,2.0,3.0,3.0,3.0,4.0,3.0,3.0,3.0,4.0,4.0,3.0,3.0,4.0,3.0
377,52,2,1,2,2.0,3.0,3.0,2.0,3.0,4.0,3.0,3.0,3.0,4.0,2.0,3.0,4.0,2.0,3.0,3.0,3.0,3.0
378,47,2,1,2,2.0,3.0,3.0,3.0,3.0,3.0,4.0,3.0,3.0,3.0,4.0,3.0,3.0,2.0,2.0,,3.0,3.0
379,30,1,4,2,3.0,3.0,4.0,3.0,3.0,3.0,4.0,4.0,3.0,3.0,3.0,3.0,3.0,,3.0,3.0,3.0,3.0
380,31,2,1,3,3.0,2.0,2.0,2.0,3.0,2.0,4.0,3.0,4.0,3.0,3.0,3.0,,4.0,3.0,2.0,4.0,4.0
381,53,2,4,2,2.0,3.0,2.0,3.0,2.0,3.0,4.0,4.0,1.0,3.0,3.0,2.0,3.0,4.0,3.0,3.0,3.0,2.0
382,40,2,1,1,3.0,3.0,3.0,3.0,3.0,3.0,3.0,3.0,3.0,4.0,3.0,3.0,3.0,3.0,3.0,2.0,4.0,3.0
383,50,2,4,1,,2.0,3.0,4.0,3.0,3.0,3.0,4.0,3.0,3.0,3.0,3.0,4.0,2.0,3.0,,4.0,4.0
384,54,2,3,2,2.0,2.0,4.0,1.0,2.0,3.0,3.0,3.0,4.0,,3.0,3.0,3.0,2.0,3.0,3.0,2.0,3.0
385,36,1,2,1,3.0,3.0,3.0,2.0,3.0,3.0,3.0,4.0,4.0,3.0,3.0,3.0,3.0,4.0,3.0,3.0,3.0,3.0
386,32,2,3,2,4.0,3.0,3.0,3.0,2.0,3.0,3.0,4.0,3.0,3.0,3.0,4.0,2.0,3.0,3.0,3.0,,4.0
387,53,2,2,1,2.0,2.0,2.0,3.0,3.0,4.0,3.0,3.0,3.0,3.0,4.0,4.0,3.0,4.0,2.0,3.0,4.0,
388,23,2,4,1,2.0,2.0,3.0,2.0,3.0,4.0,2.0,3.0,4.0,3.0,3.0,2.0,2.0,,2.0,3.0,3.0,3.0
389,45,1,1,1,3.0,5.0,2.0,2.0,3.0,,4.0,2.0,3.0,4.0,4.0,2.0,2.0,2.0,4.0,4.0,3.0,4.0
390,54,2,2,1,4.0,2.0,4.0,4.0,3.0,3.0,3.0,2.0,3.0,3.0,3.0,3.0,,3.0,2.0,3.0,3.0,2.0
391,27,2,3,1,5.0,5.0,5.0,5.0,5.0,5.0,5.0,5.0,5.0,5.0,5.0,5.0,5.0,5.0,5.0,5.0,5.0,5.0
392,33,2,3,1,3.0,4.0,1.0,3.0,4.0,3.0,4.0,3.0,4.0,3.0,3.0,3.0,2.0,3.0,3.0,2.0,3.0,3.0
393,44,2,3,2,3.0,3.0,2.0,2.0,3.0,3.0,3.0,3.0,3.0,4.0,4.0,3.0,2.0,3.0,3.0,3.0,2.0,3.0
394,26,1,3,1,3.0,3.0,4.0,2.0,3.0,2.0,3.0,3.0,,4.0,4.0,4.0,2.0,3.0,4.0,5.0,4.0,3.0
395,41,2,4,1,2.0,3.0,3.0,3.0,3.0,3.0,3.0,2.0,4.0,3.0,3.0,3.0,3.0,4.0,4.0,3.0,3.0,2.0
396,39,1,3,1,3.0,2.0,3.0,2.0,4.0,3.0,2.0,4.0,3.0,3.0,3.0,4.0,3.0,2.0,4.0,3.0,3.0,3.0
397,35,1,3,1,3.0,2.0,3.0,3.0,3.0,3.0,3.0,4.0,2.0,3.0,3.0,3.0,4.0,3.0,3.0,3.0,3.0,2.0
398,31,2,3,1,2.0,2.0,2.0,3.0,3.0,3.0,4.0,4.0,3.0,3.0,,4.0,4.0,3.0,3.0,3.0,3.0,4.0
399,43,2,3,2,3.0,2.0,3.0,,3.0,2.0,3.0,3.0,3.0,4.0,3.0,3.0,3.0,,4.0,4.0,3.0,2.0
400,43,1,3,2,2.0,3.0,3.0,3.0,3.0,3.0,3.0,3.0,4.0,4.0,3.0,3.0,3.0,2.0,3.0,2.0,4.0,2.0
401,22,1,4,1,3.0,,2.0,2.0,2.0,3.0,3.0,3.0,3.0,3.0,3.0,3.0,3.0,4.0,3.0,3.0,3.0,2.0
402,49,2,2,1,3.0,4.0,3.0,3.0,3.0,,3.0,2.0,2.0,3.0,4.0,3.0,3.0,3.0,2.0,2.0,2.0,3.0
403,39,2,3,3,3.0,3.0,3.0,2.0,4.0,2.0,3.0,3.0,4.0,3.0,3.0,3.0,3.0,2.0,2.0,3.0,2.0,3.0
404,33,1,3,1,3.0,3.0,3.0,3.0,3.0,2.0,3.0,,3.0,4.0,3.0,4.0,3.0,3.0,2.0,2.0,4.0,3.0
405,39,2,4,2,2.0,2.0,3.0,3.0,3.0,3.0,3.0,3.0,3.0,3.0,4.0,3.0,4.0,3.0,5.0,3.0,3.0,3.0
406,24,2,3,1,1.0,3.0,2.0,2.0,3.0,3.0,3.0,3.0,,,3.0,3.0,3.0,3.0,2.0,3.0,4.0,3.0
407,46,1,3,1,2.0,3.0,2.0,3.0,3.0,3.0,4.0,3.0,4.0,3.0,3.0,3.0,4.0,3.0,4.0,4.0,3.0,3.0
408,54,1,1,1,2.0,2.0,3.0,3.0,3.0,,3.0,2.0,3.0,,3.0,3.0,3.0,3.0,3.0,4.0,3.0,3.0
409,44,2,3,3,2.0,,3.0,3.0,3.0,3.0,3.0,3.0,2.0,3.0,3.0,4.0,3.0,4.0,3.0,2.0,3.0,3.0
410,43,2,4,1,2.0,2.0,4.0,3.0,2.0,4.0,4.0,3.0,4.0,3.0,2.0,3.0,2.0,3.0,3.0,2.0,3.0,3.0
411,41,2,3,1,3.0,4.0,3.0,2.0,3.0,2.0,4.0,3.0,,3.0,3.0,3.0,3.0,3.0,3.0,2.0,2.0,4.0
412,30,1,3,3,4.0,4.0,4.0,4.0,4.0,4.0,4.0,4.0,4.0,4.0,4.0,4.0,4.0,4.0,4.0,4.0,4.0,4.0
413,48,2,3,2,1.0,3.0,4.0,3.0,2.0,3.0,4.0,2.0,3.0,4.0,3.0,3.0,3.0,,3.0,4.0,3.0,2.0
414,26,2,2,1,3.0,,3.0,2.0,2.0,3.0,4.0,3.0,4.0,3.0,3.0,2.0,,2.0,3.0,2.0,3.0,3.0
415,50,1,3,2,1.0,3.0,3.0,2.0,3.0,3.0,3.0,4.0,3.0,2.0,2.0,3.0,2.0,4.0,2.0,3.0,3.0,4.0
416,53,2,3,1,3.0,3.0,3.0,3.0,2.0,2.0,3.0,3.0,4.0,4.0,3.0,3.0,3.0,3.0,2.0,3.0,2.0,3.0
417,53,1,4,1,3.0,3.0,2.0,3.0,3.0,3.0,4.0,3.0,,2.0,3.0,3.0,3.0,4.0,3.0,4.0,2.0,3.0
418,45,2,2,1,3.0,3.0,4.0,3.0,2.0,3.0,,4.0,3.0,4.0,3.0,3.0,4.0,,3.0,3.0,2.0,4.0
419,42,2,2,1,3.0,3.0,3.0,3.0,3.0,4.0,3.0,4.0,3.0,3.0,3.0,4.0,3.0,3.0,3.0,2.0,4.0,3.0
420,33,1,3,3,4.0,3.0,3.0,3.0,3.0,3.0,3.0,3.0,4.0,3.0,3.0,3.0,4.0,3.0,3.0,3.0,3.0,3.0
421,35,2,4,3,,2.0,3.0,3.0,3.0,3.0,3.0,3.0,3.0,3.0,4.0,3.0,3.0,4.0,4.0,3.0,3.0,3.0
422,25,1,3,1,3.0,3.0,3.0,4.0,4.0,4.0,2.0,3.0,3.0,,2.0,3.0,3.0,4.0,3.0,4.0,3.0,3.0
423,42,1,3,1,2.0,4.0,2.0,2.0,2.0,3.0,4.0,3.0,3.0,2.0,4.0,3.0,2.0,2.0,2.0,3.0,3.0,3.0
424,39,2,4,2,1.0,1.0,1.0,1.0,1.0,1.0,1.0,1.0,1.0,1.0,1.0,1.0,1.0,1.0,1.0,1.0,1.0,1.0
425,37,1,3,1,3.0,3.0,3.0,2.0,4.0,3.0,4.0,3.0,3.0,3.0,3.0,3.0,,3.0,2.0,4.0,2.0,2.0
426,29,2,2,2,3.0,3.0,3.0,3.0,4.0,3.0,2.0,3.0,4.0,3.0,3.0,3.0,3.0,3.0,3.0,2.0,3.0,4.0
427,43,2,4,1,2.0,3.0,3.0,3.0,3.0,2.0,3.0,3.0,4.0,3.0,4.0,4.0,3.0,3.0,2.0,4.0,2.0,3.0
428,39,1,1,1,3.0,3.0,2.0,2.0,3.0,3.0,3.0,3.0,3.0,3.0,3.0,3.0,4.0,2.0,,2.0,4.0,
429,26,2,3,1,3.0,,3.0,3.0,3.0,3.0,3.0,4.0,4.0,3.0,4.0,4.0,3.0,3.0,3.0,3.0,3.0,4.0
430,45,2,3,1,4.0,3.0,2.0,2.0,2.0,2.0,2.0,2.0,3.0,3.0,3.0,2.0,3.0,3.0,2.0,2.0,3.0,3.0
431,52,2,2,1,3.0,2.0,3.0,3.0,3.0,3.0,4.0,3.0,4.0,2.0,3.0,2.0,3.0,2.0,3.0,3.0,3.0,4.0
432,31,2,4,3,3.0,3.0,3.0,2.0,3.0,2.0,3.0,4.0,3.0,3.0,3.0,2.0,3.0,3.0,3.0,2.0,2.0,4.0
433,31,1,3,1,,2.0,3.0,4.0,3.0,3.0,3.0,3.0,4.0,3.0,3.0,3.0,3.0,4.0,4.0,4.0,,3.0
434,25,2,2,1,4.0,2.0,3.0,3.0,3.0,3.0,3.0,4.0,3.0,4.0,3.0,2.0,2.0,4.0,3.0,2.0,2.0,4.0
435,39,2,3,1,3.0,2.0,3.0,2.0,3.0,2.0,4.0,2.0,3.0,3.0,3.0,4.0,3.0,4.0,4.0,3.0,3.0,3.0
436,52,1,2,1,3.0,3.0,3.0,3.0,3.0,2.0,4.0,,4.0,4.0,3.0,4.0,3.0,4.0,2.0,3.0,3.0,4.0
437,29,2,3,2,3.0,2.0,3.0,3.0,1.0,,3.0,4.0,4.0,3.0,4.0,3.0,3.0,3.0,3.0,2.0,2.0,4.0
438,33,2,2,1,3.0,4.0,3.0,2.0,3.0,4.0,2.0,,4.0,3.0,3.0,4.0,4.0,4.0,2.0,3.0,3.0,3.0
439,49,2,4,2,2.0,3.0,3.0,2.0,3.0,2.0,3.0,3.0,4.0,3.0,2.0,3.0,,4.0,3.0,2.0,3.0,3.0
440,50,1,3,2,4.0,2.0,3.0,2.0,2.0,4.0,4.0,3.0,3.0,3.0,3.0,3.0,2.0,2.0,3.0,1.0,4.0,3.0
441,52,2,2,1,2.0,2.0,2.0,2.0,3.0,2.0,3.0,2.0,3.0,4.0,3.0,2.0,3.0,3.0,4.0,3.0,3.0,3.0
442,38,2,4,1,2.0,2.0,3.0,3.0,3.0,3.0,3.0,3.0,3.0,3.0,3.0,3.0,4.0,3.0,4.0,,3.0,3.0
443,29,2,2,1,2.0,3.0,3.0,2.0,2.0,2.0,4.0,3.0,3.0,,2.0,2.0,3.0,3.0,2.0,4.0,4.0,3.0
444,35,2,2,1,3.0,3.0,4.0,,3.0,3.0,4.0,3.0,3.0,3.0,3.0,4.0,3.0,3.0,3.0,2.0,4.0,4.0
445,38,1,2,2,2.0,3.0,2.0,2.0,2.0,2.0,3.0,2.0,2.0,3.0,4.0,3.0,2.0,3.0,4.0,4.0,3.0,3.0
446,30,2,2,1,3.0,2.0,4.0,2.0,2.0,4.0,3.0,4.0,3.0,3.0,3.0,4.0,3.0,4.0,2.0,,,3.0
447,38,1,2,1,3.0,2.0,3.0,,,2.0,3.0,3.0,3.0,4.0,3.0,4.0,3.0,3.0,3.0,3.0,3.0,3.0
448,30,2,4,2,2.0,2.0,3.0,3.0,,3.0,3.0,3.0,4.0,3.0,4.0,3.0,2.0,4.0,3.0,3.0,3.0,3.0
449,48,1,4,2,3.0,2.0,,2.0,,3.0,3.0,3.0,2.0,3.0,2.0,,3.0,,2.0,3.0,3.0,3.0
450,50,2,3,1,2.0,4.0,3.0,3.0,3.0,2.0,3.0,3.0,3.0,3.0,3.0,,3.0,3.0,3.0,3.0,3.0,3.0
451,43,1,1,2,3.0,4.0,1.0,3.0,3.0,3.0,3.0,3.0,4.0,2.0,3.0,4.0,2.0,3.0,3.0,2.0,4.0,
452,46,1,2,1,2.0,2.0,2.0,2.0,2.0,2.0,2.0,2.0,2.0,2.0,2.0,2.0,2.0,2.0,2.0,2.0,2.0,2.0
453,22,1,2,1,3.0,2.0,3.0,2.0,3.0,3.0,3.0,3.0,3.0,2.0,4.0,3.0,3.0,3.0,3.0,4.0,4.0,4.0
454,38,1,3,1,3.0,1.0,2.0,,5.0,2.0,,2.0,2.0,,4.0,,2.0,3.0,2.0,3.0,3.0,3.0
455,52,1,3,2,3.0,2.0,2.0,3.0,3.0,3.0,4.0,4.0,3.0,3.0,4.0,3.0,2.0,3.0,3.0,3.0,4.0,3.0
456,24,1,2,1,2.0,3.0,3.0,3.0,2.0,3.0,2.0,2.0,3.0,4.0,2.0,3.0,4.0,2.0,3.0,2.0,4.0,3.0
457,48,2,1,2,2.0,4.0,2.0,3.0,4.0,3.0,3.0,3.0,3.0,4.0,3.0,4.0,3.0,2.0,3.0,,3.0,3.0
458,26,1,3,3,2.0,2.0,3.0,2.0,2.0,3.0,3.0,3.0,4.0,3.0,4.0,3.0,3.0,3.0,3.0,3.0,2.0,3.0
459,47,1,4,2,3.0,2.0,4.0,3.0,3.0,3.0,3.0,3.0,2.0,3.0,2.0,2.0,3.0,2.0,4.0,3.0,3.0,2.0
460,26,2,3,3,2.0,2.0,3.0,2.0,3.0,4.0,2.0,3.0,3.0,4.0,4.0,3.0,,3.0,4.0,4.0,3.0,4.0
461,28,2,4,2,2.0,2.0,3.0,3.0,3.0,3.0,4.0,3.0,3.0,4.0,3.0,,4.0,4.0,3.0,3.0,3.0,3.0
462,44,2,2,2,2.0,4.0,2.0,2.0,3.0,,2.0,3.0,3.0,4.0,3.0,3.0,3.0,2.0,3.0,3.0,3.0,3.0
463,34,2,2,1,3.0,2.0,2.0,3.0,4.0,,3.0,3.0,4.0,3.0,3.0,3.0,3.0,,4.0,3.0,3.0,3.0
464,46,2,4,3,3.0,3.0,3.0,2.0,3.0,3.0,3.0,4.0,3.0,4.0,3.0,3.0,4.0,2.0,4.0,3.0,3.0,2.0
465,32,2,2,2,2.0,4.0,3.0,3.0,3.0,1.0,3.0,3.0,4.0,2.0,,3.0,2.0,3.0,3.0,4.0,4.0,3.0
466,52,1,3,2,2.0,3.0,2.0,3.0,2.0,3.0,3.0,3.0,4.0,4.0,3.0,3.0,3.0,2.0,3.0,3.0,,3.0
467,42,2,3,1,3.0,2.0,3.0,3.0,3.0,3.0,3.0,3.0,3.0,3.0,3.0,5.0,3.0,3.0,2.0,3.0,3.0,2.0
468,42,1,2,2,1.0,4.0,2.0,2.0,3.0,2.0,3.0,2.0,4.0,3.0,4.0,,3.0,2.0,2.0,3.0,4.0,2.0
469,32,1,4,1,3.0,3.0,4.0,3.0,4.0,2.0,3.0,3.0,3.0,3.0,3.0,3.0,2.0,3.0,3.0,3.0,3.0,
470,55,1,1,2,2.0,2.0,3.0,3.0,3.0,2.0,3.0,3.0,4.0,4.0,3.0,3.0,3.0,3.0,4.0,3.0,3.0,
471,24,2,4,2,2.0,2.0,2.0,2.0,3.0,2.0,2.0,2.0,4.0,3.0,4.0,3.0,3.0,3.0,3.0,3.0,3.0,2.0
472,41,2,4,2,2.0,3.0,2.0,3.0,2.0,2.0,4.0,3.0,3.0,3.0,3.0,3.0,2.0,3.0,4.0,2.0,4.0,3.0
473,22,2,4,2,2.0,4.0,3.0,2.0,4.0,3.0,4.0,3.0,3.0,3.0,3.0,4.0,3.0,3.0,3.0,3.0,3.0,4.0
474,46,2,2,1,4.0,2.0,3.0,3.0,3.0,3.0,3.0,4.0,4.0,3.0,3.0,4.0,4.0,2.0,2.0,4.0,4.0,4.0
475,32,2,3,1,3.0,3.0,2.0,3.0,3.0,3.0,3.0,3.0,4.0,3.0,3.0,3.0,2.0,3.0,2.0,2.0,3.0,3.0
476,26,1,1,2,3.0,3.0,2.0,3.0,3.0,3.0,3.0,2.0,3.0,3.0,4.0,3.0,2.0,3.0,3.0,3.0,3.0,2.0
477,23,2,2,3,5.0,5.0,5.0,5.0,5.0,5.0,5.0,5.0,5.0,5.0,5.0,5.0,5.0,5.0,5.0,5.0,5.0,5.0
478,22,1,4,1,2.0,4.0,3.0,4.0,3.0,3.0,3.0,3.0,2.0,3.0,3.0,3.0,3.0,3.0,,4.0,4.0,3.0
479,38,1,4,2,3.0,3.0,3.0,3.0,2.0,2.0,4.0,3.0,3.0,3.0,3.0,3.0,4.0,3.0,4.0,2.0,2.0,2.0
480,53,2,1,2,3.0,3.0,3.0,3.0,3.0,3.0,3.0,3.0,3.0,4.0,3.0,3.0,2.0,2.0,2.0,3.0,3.0,3.0
481,27,2,2,3,4.0,4.0,4.0,4.0,4.0,4.0,4.0,4.0,4.0,4.0,4.0,4.0,4.0,4.0,4.0,4.0,4.0,4.0
482,55,2,1,1,2.0,2.0,1.0,3.0,4.0,1.0,3.0,3.0,4.0,4.0,,3.0,3.0,4.0,4.0,3.0,3.0,3.0
483,26,2,3,2,2.0,3.0,2.0,3.0,3.0,2.0,3.0,2.0,2.0,2.0,3.0,2.0,4.0,3.0,,2.0,2.0,3.0
484,54,2,2,1,3.0,2.0,3.0,3.0,4.0,3.0,3.0,3.0,4.0,2.0,2.0,3.0,4.0,2.0,3.0,3.0,3.0,3.0
485,35,1,1,1,4.0,3.0,4.0,3.0,3.0,2.0,3.0,4.0,3.0,4.0,3.0,2.0,3.0,3.0,3.0,4.0,,3.0
486,35,2,4,1,4.0,3.0,3.0,4.0,2.0,3.0,3.0,3.0,5.0,2.0,2.0,3.0,3.0,3.0,4.0,3.0,4.0,3.0
487,41,1,2,1,3.0,4.0,2.0,3.0,3.0,2.0,3.0,4.0,3.0,3.0,3.0,3.0,3.0,,3.0,3.0,3.0,2.0
488,45,1,2,1,2.0,3.0,3.0,,3.0,3.0,3.0,2.0,3.0,3.0,4.0,,2.0,2.0,2.0,3.0,3.0,3.0
489,46,1,4,2,3.0,4.0,2.0,2.0,4.0,4.0,,3.0,4.0,3.0,3.0,4.0,3.0,2.0,4.0,3.0,4.0,4.0
490,40,2,4,2,3.0,2.0,3.0,3.0,4.0,3.0,3.0,3.0,4.0,3.0,3.0,3.0,3.0,2.0,3.0,3.0,4.0,3.0
491,33,2,3,1,4.0,,3.0,2.0,3.0,,2.0,2.0,3.0,3.0,4.0,4.0,3.0,2.0,3.0,4.0,2.0,3.0
492,37,1,4,1,3.0,3.0,3.0,2.0,2.0,2.0,4.0,3.0,3.0,3.0,4.0,1.0,3.0,3.0,3.0,4.0,3.0,3.0
493,30,1,3,1,2.0,3.0,3.0,,2.0,2.0,3.0,2.0,3.0,4.0,3.0,3.0,3.0,3.0,2.0,3.0,3.0,3.0
494,54,1,3,2,,2.0,3.0,3.0,3.0,2.0,3.0,4.0,3.0,3.0,3.0,4.0,3.0,4.0,4.0,3.0,4.0,2.0
495,26,2,3,2,3.0,4.0,4.0,4.0,4.0,2.0,4.0,4.0,3.0,4.0,3.0,3.0,3.0,3.0,2.0,3.0,3.0,2.0
496,38,1,2,1,2.0,2.0,2.0,3.0,3.0,2.0,3.0,3.0,3.0,3.0,3.0,4.0,3.0,4.0,2.0,3.0,3.0,3.0
497,39,2,4,1,3.0,3.0,3.0,3.0,3.0,3.0,3.0,3.0,3.0,3.0,3.0,3.0,3.0,3.0,3.0,3.0,3.0,3.0
498,50,1,2,2,2.0,3.0,3.0,2.0,3.0,3.0,,3.0,2.0,4.0,3.0,2.0,,3.0,5.0,2.0,3.0,2.0
499,51,2,1,2,2.0,3.0,3.0,4.0,3.0,,4.0,4.0,4.0,3.0,3.0,3.0,2.0,3.0,3.0,4.0,3.0,3.0
500,22,2,3,1,3.0,4.0,3.0,3.0,2.0,3.0,3.0,3.0,,4.0,3.0,3.0,3.0,4.0,3.0,3.0,3.0,4.0
501,24,1,2,1,3.0,3.0,3.0,3.0,,2.0,3.0,,3.0,3.0,2.0,4.0,2.0,3.0,3.0,4.0,3.0,3.0
502,32,1,3,1,3.0,4.0,,2.0,3.0,3.0,3.0,4.0,3.0,4.0,3.0,2.0,3.0,3.0,,2.0,2.0,3.0
503,52,1,3,2,2.0,4.0,2.0,2.0,1.0,4.0,2.0,3.0,4.0,3.0,3.0,3.0,4.0,4.0,4.0,4.0,3.0,3.0
504,22,1,3,1,3.0,2.0,1.0,2.0,3.0,2.0,3.0,3.0,4.0,3.0,4.0,3.0,2.0,4.0,3.0,2.0,3.0,2.0
505,33,2,2,1,4.0,3.0,3.0,2.0,3.0,3.0,3.0,3.0,3.0,2.0,4.0,3.0,3.0,3.0,3.0,4.0,4.0,3.0
506,31,2,4,2,2.0,3.0,2.0,3.0,3.0,3.0,4.0,4.0,2.0,3.0,3.0,3.0,4.0,4.0,3.0,3.0,2.0,2.0
507,42,2,3,2,3.0,5.0,3.0,3.0,3.0,3.0,3.0,4.0,3.0,,3.0,4.0,3.0,3.0,3.0,3.0,3.0,3.0
508,26,2,4,1,4.0,4.0,3.0,3.0,2.0,3.0,3.0,3.0,3.0,4.0,4.0,4.0,3.0,4.0,3.0,4.0,4.0,2.0
509,54,2,4,1,3.0,3.0,2.0,4.0,3.0,3.0,3.0,3.0,4.0,4.0,4.0,4.0,2.0,3.0,2.0,3.0,3.0,2.0
510,26,2,3,1,3.0,3.0,2.0,3.0,3.0,2.0,2.0,4.0,2.0,2.0,3.0,2.0,3.0,3.0,2.0,3.0,3.0,3.0
511,39,2,2,1,3.0,3.0,4.0,3.0,2.0,2.0,4.0,3.0,3.0,3.0,4.0,3.0,3.0,4.0,3.0,3.0,2.0,3.0
512,51,2,3,2,2.0,3.0,3.0,1.0,3.0,2.0,3.0,3.0,3.0,4.0,3.0,3.0,3.0,2.0,3.0,2.0,3.0,3.0
513,51,2,3,2,3.0,2.0,3.0,2.0,3.0,4.0,3.0,3.0,2.0,3.0,3.0,3.0,4.0,4.0,4.0,3.0,4.0,4.0
514,42,2,2,1,3.0,2.0,2.0,3.0,2.0,2.0,3.0,3.0,4.0,3.0,2.0,3.0,2.0,4.0,3.0,2.0,3.0,4.0
515,41,1,2,2,3.0,1.0,3.0,3.0,3.0,,,3.0,3.0,4.0,3.0,3.0,3.0,3.0,2.0,3.0,2.0,2.0
516,22,2,4,2,3.0,2.0,3.0,2.0,3.0,3.0,3.0,4.0,3.0,3.0,4.0,3.0,3.0,4.0,,3.0,3.0,3.0
517,47,2,1,1,3.0,3.0,2.0,3.0,,3.0,3.0,3.0,3.0,4.0,3.0,3.0,2.0,3.0,4.0,3.0,3.0,3.0
518,28,1,2,2,3.0,3.0,3.0,1.0,2.0,3.0,3.0,3.0,,3.0,4.0,3.0,2.0,4.0,3.0,4.0,5.0,3.0
519,46,2,2,2,4.0,3.0,2.0,2.0,,2.0,3.0,3.0,3.0,4.0,3.0,3.0,3.0,3.0,3.0,3.0,3.0,3.0
520,24,1,2,1,4.0,4.0,3.0,2.0,2.0,3.0,3.0,3.0,3.0,4.0,3.0,,3.0,2.0,,2.0,2.0,3.0
521,34,2,3,2,3.0,3.0,2.0,3.0,3.0,3.0,3.0,,2.0,4.0,2.0,4.0,3.0,3.0,3.0,2.0,4.0,3.0
522,27,2,3,1,1.0,4.0,3.0,,2.0,2.0,3.0,2.0,3.0,,4.0,3.0,2.0,4.0,3.0,3.0,3.0,3.0
523,53,2,3,2,3.0,3.0,3.0,2.0,3.0,2.0,3.0,3.0,3.0,4.0,3.0,4.0,5.0,4.0,2.0,4.0,4.0,3.0
524,42,2,4,2,4.0,3.0,3.0,2.0,,3.0,3.0,3.0,2.0,2.0,3.0,3.0,4.0,3.0,3.0,4.0,3.0,3.0
525,32,1,3,1,2.0,2.0,3.0,3.0,2.0,3.0,4.0,,3.0,2.0,3.0,2.0,3.0,2.0,3.0,4.0,2.0,3.0
526,26,2,3,3,2.0,2.0,3.0,3.0,1.0,2.0,3.0,4.0,3.0,3.0,3.0,3.0,4.0,4.0,3.0,3.0,3.0,3.0
527,54,2,3,2,3.0,3.0,3.0,4.0,4.0,3.0,3.0,3.0,3.0,4.0,3.0,3.0,4.0,2.0,4.0,4.0,3.0,3.0
528,43,2,4,1,3.0,3.0,3.0,3.0,2.0,4.0,3.0,3.0,3.0,3.0,3.0,3.0,3.0,3.0,3.0,2.0,3.0,3.0
529,51,2,4,2,3.0,3.0,4.0,3.0,2.0,3.0,3.0,3.0,3.0,3.0,3.0,4.0,3.0,3.0,4.0,4.0,3.0,
530,41,1,3,1,3.0,4.0,2.0,3.0,2.0,3.0,2.0,3.0,3.0,4.0,3.0,4.0,3.0,3.0,4.0,3.0,3.0,3.0
531,49,1,3,2,2.0,4.0,2.0,2.0,4.0,3.0,3.0,2.0,4.0,3.0,3.0,3.0,3.0,3.0,3.0,3.0,4.0,3.0
532,42,1,4,2,4.0,3.0,2.0,3.0,3.0,3.0,1.0,3.0,2.0,3.0,4.0,2.0,3.0,4.0,3.0,3.0,3.0,1.0
533,44,2,3,1,2.0,4.0,3.0,1.0,3.0,3.0,3.0,3.0,3.0,3.0,3.0,5.0,3.0,4.0,2.0,4.0,3.0,2.0
534,50,1,2,3,,4.0,3.0,2.0,3.0,3.0,3.0,3.0,3.0,3.0,4.0,4.0,3.0,4.0,2.0,3.0,3.0,4.0
535,32,2,4,1,3.0,3.0,3.0,1.0,2.0,2.0,3.0,3.0,3.0,,,3.0,3.0,1.0,4.0,3.0,3.0,3.0
536,38,2,2,3,2.0,2.0,4.0,3.0,3.0,4.0,3.0,4.0,,3.0,4.0,2.0,4.0,3.0,3.0,3.0,3.0,3.0
537,37,2,4,1,2.0,2.0,4.0,2.0,3.0,3.0,3.0,3.0,3.0,3.0,3.0,3.0,3.0,3.0,2.0,3.0,3.0,2.0
538,31,2,1,2,5.0,5.0,5.0,5.0,5.0,5.0,5.0,5.0,5.0,5.0,5.0,5.0,5.0,5.0,5.0,5.0,5.0,5.0
539,40,2,4,2,2.0,3.0,3.0,3.0,2.0,2.0,3.0,4.0,3.0,3.0,3.0,3.0,3.0,3.0,2.0,5.0,2.0,2.0
540,36,2,3,2,3.0,2.0,4.0,3.0,3.0,3.0,3.0,3.0,3.0,3.0,3.0,3.0,3.0,2.0,4.0,4.0,2.0,2.0
541,49,1,2,2,2.0,3.0,2.0,3.0,3.0,4.0,3.0,2.0,3.0,2.0,3.0,3.0,2.0,3.0,4.0,2.0,3.0,3.0
542,53,2,3,1,3.0,3.0,5.0,2.0,3.0,2.0,3.0,2.0,3.0,3.0,3.0,5.0,4.0,2.0,4.0,3.0,2.0,3.0
543,26,2,2,2,3.0,3.0,2.0,2.0,3.0,2.0,2.0,3.0,3.0,4.0,3.0,3.0,3.0,3.0,3.0,3.0,2.0,2.0
544,45,1,3,3,3.0,3.0,2.0,2.0,3.0,3.0,4.0,3.0,3.0,3.0,4.0,3.0,3.0,5.0,3.0,2.0,3.0,3.0
545,31,2,1,2,4.0,4.0,4.0,4.0,4.0,4.0,4.0,4.0,4.0,4.0,4.0,4.0,4.0,4.0,4.0,4.0,4.0,4.0
546,37,2,2,2,2.0,3.0,3.0,3.0,2.0,3.0,3.0,3.0,3.0,4.0,,3.0,3.0,2.0,3.0,2.0,3.0,2.0
547,46,2,1,1,2.0,,5.0,3.0,3.0,1.0,3.0,3.0,4.0,1.0,4.0,4.0,3.0,3.0,3.0,,4.0,3.0
548,23,2,2,1,4.0,3.0,3.0,3.0,3.0,3.0,3.0,3.0,3.0,3.0,4.0,4.0,3.0,4.0,4.0,2.0,3.0,2.0
549,33,2,4,2,3.0,3.0,3.0,2.0,3.0,2.0,2.0,4.0,3.0,3.0,2.0,3.0,2.0,4.0,3.0,2.0,4.0,3.0
550,34,2,2,2,3.0,2.0,4.0,3.0,2.0,,4.0,4.0,2.0,2.0,3.0,2.0,3.0,3.0,3.0,3.0,3.0,
551,31,1,4,2,3.0,3.0,3.0,3.0,4.0,3.0,4.0,3.0,3.0,3.0,4.0,,2.0,3.0,3.0,3.0,,2.0
552,53,2,3,2,2.0,3.0,3.0,2.0,4.0,2.0,3.0,3.0,3.0,2.0,3.0,4.0,2.0,3.0,3.0,2.0,3.0,3.0
553,44,2,2,1,,2.0,3.0,2.0,3.0,3.0,4.0,4.0,3.0,3.0,4.0,4.0,3.0,,3.0,3.0,3.0,2.0
554,49,1,3,1,3.0,4.0,2.0,3.0,,2.0,4.0,3.0,4.0,3.0,2.0,3.0,3.0,,3.0,2.0,,2.0
555,50,2,3,2,3.0,3.0,3.0,3.0,3.0,,3.0,3.0,3.0,3.0,3.0,3.0,4.0,2.0,3.0,3.0,3.0,3.0
556,48,2,1,3,3.0,3.0,2.0,3.0,3.0,1.0,3.0,2.0,4.0,4.0,2.0,5.0,2.0,2.0,3.0,3.0,3.0,3.0
557,38,1,4,1,3.0,,,,2.0,2.0,3.0,2.0,2.0,2.0,4.0,4.0,3.0,2.0,3.0,3.0,4.0,3.0
558,41,2,1,3,2.0,2.0,3.0,4.0,3.0,4.0,3.0,4.0,3.0,2.0,3.0,3.0,4.0,3.0,3.0,4.0,3.0,2.0
559,26,1,3,3,2.0,3.0,2.0,3.0,1.0,3.0,3.0,4.0,3.0,3.0,3.0,4.0,2.0,3.0,4.0,3.0,4.0,4.0
560,55,2,2,1,3.0,3.0,2.0,3.0,,3.0,3.0,3.0,,3.0,3.0,3.0,3.0,3.0,3.0,3.0,4.0,4.0
561,22,2,4,1,3.0,1.0,3.0,,4.0,4.0,,,3.0,4.0,,3.0,3.0,3.0,3.0,4.0,4.0,4.0
562,50,2,4,3,,3.0,3.0,3.0,2.0,2.0,4.0,3.0,4.0,3.0,4.0,2.0,2.0,3.0,3.0,3.0,3.0,3.0
563,48,2,4,2,2.0,2.0,3.0,3.0,3.0,2.0,4.0,3.0,3.0,2.0,,2.0,,3.0,4.0,3.0,2.0,3.0
564,41,1,3,2,2.0,2.0,2.0,2.0,2.0,2.0,2.0,2.0,2.0,2.0,2.0,2.0,2.0,2.0,2.0,2.0,2.0,2.0
565,35,2,3,2,,,3.0,3.0,3.0,3.0,4.0,3.0,3.0,3.0,3.0,3.0,,3.0,3.0,3.0,2.0,2.0
566,22,1,3,2,4.0,3.0,2.0,3.0,4.0,3.0,,3.0,4.0,3.0,3.0,2.0,4.0,4.0,3.0,3.0,3.0,3.0
567,54,2,2,2,2.0,3.0,3.0,2.0,4.0,4.0,4.0,3.0,,3.0,3.0,3.0,3.0,4.0,,2.0,3.0,4.0
568,25,2,3,2,2.0,2.0,4.0,4.0,1.0,3.0,3.0,4.0,3.0,4.0,4.0,3.0,3.0,3.0,4.0,3.0,3.0,4.0
569,26,2,2,3,3.0,3.0,3.0,3.0,2.0,3.0,4.0,3.0,3.0,3.0,2.0,3.0,3.0,2.0,3.0,4.0,2.0,4.0
570,47,1,4,2,2.0,2.0,3.0,2.0,2.0,3.0,4.0,3.0,3.0,4.0,3.0,4.0,2.0,4.0,3.0,4.0,3.0,3.0
571,34,2,3,1,3.0,4.0,2.0,2.0,3.0,3.0,4.0,3.0,3.0,3.0,3.0,3.0,4.0,4.0,2.0,3.0,3.0,3.0
572,33,2,4,1,2.0,3.0,3.0,3.0,2.0,2.0,,3.0,3.0,3.0,2.0,3.0,3.0,4.0,3.0,3.0,3.0,2.0
573,22,2,4,2,3.0,3.0,3.0,2.0,2.0,3.0,3.0,,3.0,2.0,4.0,3.0,3.0,3.0,4.0,3.0,2.0,3.0
574,34,2,3,1,3.0,3.0,3.0,3.0,3.0,3.0,4.0,3.0,,3.0,3.0,3.0,3.0,4.0,3.0,3.0,4.0,4.0
575,30,1,2,1,3.0,3.0,3.0,4.0,2.0,2.0,2.0,3.0,3.0,4.0,2.0,4.0,3.0,3.0,3.0,3.0,4.0,3.0
576,38,1,3,2,3.0,3.0,4.0,4.0,,2.0,3.0,3.0,3.0,4.0,4.0,4.0,3.0,3.0,3.0,3.0,3.0,3.0
577,54,1,2,2,2.0,2.0,3.0,2.0,2.0,2.0,3.0,3.0,3.0,3.0,2.0,4.0,3.0,3.0,3.0,2.0,3.0,4.0
578,51,2,4,2,4.0,4.0,4.0,2.0,3.0,3.0,4.0,,,3.0,3.0,3.0,2.0,3.0,3.0,3.0,2.0,
579,24,2,2,1,2.0,2.0,2.0,4.0,2.0,3.0,3.0,3.0,5.0,,3.0,3.0,2.0,4.0,3.0,3.0,3.0,4.0
580,23,1,4,1,3.0,4.0,1.0,4.0,3.0,3.0,4.0,2.0,3.0,3.0,3.0,3.0,3.0,2.0,4.0,4.0,3.0,3.0
581,44,1,4,2,3.0,3.0,3.0,3.0,,3.0,3.0,3.0,3.0,3.0,3.0,2.0,3.0,3.0,3.0,4.0,2.0,3.0
582,37,1,2,2,3.0,3.0,3.0,3.0,4.0,3.0,3.0,3.0,3.0,3.0,3.0,,4.0,4.0,3.0,3.0,2.0,3.0
583,29,1,2,1,4.0,4.0,4.0,4.0,4.0,4.0,4.0,4.0,4.0,4.0,4.0,4.0,4.0,4.0,4.0,4.0,4.0,4.0
584,39,2,2,2,3.0,2.0,3.0,3.0,4.0,2.0,,3.0,3.0,3.0,3.0,,2.0,3.0,3.0,3.0,2.0,3.0
585,32,1,1,2,2.0,3.0,3.0,3.0,4.0,4.0,3.0,4.0,3.0,3.0,3.0,3.0,4.0,,2.0,4.0,3.0,4.0
586,22,2,1,1,2.0,3.0,4.0,2.0,4.0,2.0,2.0,3.0,3.0,3.0,3.0,2.0,3.0,4.0,3.0,4.0,3.0,4.0
587,31,2,2,2,2.0,3.0,3.0,3.0,2.0,3.0,4.0,3.0,3.0,,3.0,,3.0,3.0,3.0,3.0,4.0,2.0
588,40,1,3,2,2.0,3.0,2.0,2.0,2.0,2.0,4.0,4.0,3.0,3.0,3.0,4.0,3.0,3.0,,4.0,,3.0
589,42,1,2,2,3.0,2.0,3.0,3.0,3.0,2.0,3.0,4.0,4.0,4.0,4.0,3.0,3.0,3.0,3.0,3.0,3.0,2.0
590,33,2,2,2,2.0,2.0,3.0,3.0,3.0,3.0,3.0,3.0,4.0,,4.0,3.0,4.0,2.0,3.0,3.0,3.0,3.0
591,41,2,3,1,2.0,3.0,3.0,2.0,2.0,3.0,3.0,2.0,4.0,3.0,3.0,3.0,2.0,2.0,3.0,4.0,3.0,3.0
592,31,2,2,1,3.0,4.0,3.0,2.0,3.0,3.0,3.0,4.0,4.0,3.0,3.0,3.0,3.0,3.0,3.0,3.0,4.0,
593,42,1,4,2,3.0,5.0,3.0,4.0,2.0,3.0,3.0,3.0,3.0,4.0,3.0,3.0,3.0,4.0,4.0,3.0,3.0,2.0
594,30,1,4,2,,3.0,3.0,3.0,2.0,2.0,5.0,4.0,3.0,3.0,3.0,3.0,,3.0,3.0,,,4.0
595,49,2,2,1,3.0,2.0,3.0,4.0,3.0,3.0,4.0,3.0,4.0,3.0,3.0,,2.0,4.0,3.0,4.0,2.0,5.0
596,34,1,4,3,3.0,1.0,3.0,3.0,2.0,2.0,4.0,4.0,3.0,2.0,3.0,2.0,3.0,3.0,3.0,3.0,3.0,4.0
597,31,1,3,1,3.0,3.0,3.0,3.0,2.0,3.0,4.0,3.0,3.0,,2.0,3.0,2.0,2.0,4.0,3.0,3.0,3.0
598,43,2,4,1,3.0,4.0,3.0,2.0,3.0,3.0,,4.0,3.0,2.0,3.0,4.0,3.0,,3.0,3.0,3.0,3.0
599,22,1,4,1,2.0,2.0,2.0,3.0,2.0,2.0,3.0,4.0,,4.0,3.0,4.0,3.0,,3.0,3.0,3.0,3.0
600,37,1,3,2,4.0,2.0,2.0,2.0,2.0,3.0,3.0,4.0,4.0,4.0,4.0,3.0,3.0,3.0,3.0,3.0,3.0,4.0
601,37,1,2,2,2.0,3.0,3.0,3.0,3.0,2.0,2.0,5.0,3.0,3.0,3.0,3.0,3.0,2.0,3.0,3.0,3.0,4.0
602,31,1,3,1,2.0,,2.0,3.0,3.0,2.0,3.0,,2.0,3.0,,3.0,2.0,3.0,4.0,2.0,4.0,3.0
603,38,1,2,3,4.0,,2.0,3.0,3.0,2.0,4.0,3.0,3.0,4.0,3.0,4.0,3.0,3.0,3.0,4.0,3.0,3.0
604,29,1,4,1,2.0,3.0,3.0,3.0,3.0,2.0,4.0,3.0,4.0,3.0,2.0,4.0,3.0,3.0,3.0,2.0,3.0,4.0
605,23,1,3,3,4.0,2.0,2.0,3.0,4.0,3.0,3.0,2.0,3.0,3.0,4.0,4.0,1.0,3.0,2.0,3.0,,3.0
606,25,1,4,1,3.0,3.0,3.0,3.0,3.0,4.0,3.0,3.0,4.0,3.0,3.0,3.0,3.0,4.0,3.0,4.0,3.0,3.0
607,33,1,1,2,3.0,2.0,3.0,2.0,2.0,2.0,3.0,3.0,2.0,3.0,3.0,3.0,,3.0,4.0,2.0,2.0,3.0
608,34,1,3,1,1.0,1.0,1.0,1.0,1.0,1.0,1.0,1.0,1.0,1.0,1.0,1.0,1.0,1.0,1.0,1.0,1.0,1.0
609,55,2,3,2,4.0,4.0,3.0,2.0,3.0,2.0,3.0,4.0,4.0,4.0,2.0,3.0,4.0,3.0,3.0,3.0,2.0,3.0
610,52,1,3,1,1.0,1.0,1.0,1.0,1.0,1.0,1.0,1.0,1.0,1.0,1.0,1.0,1.0,1.0,1.0,1.0,1.0,1.0
611,25,1,2,3,4.0,3.0,3.0,2.0,3.0,3.0,3.0,3.0,3.0,3.0,3.0,3.0,3.0,2.0,2.0,3.0,4.0,2.0
612,42,2,3,1,2.0,3.0,4.0,2.0,3.0,2.0,4.0,3.0,3.0,4.0,,3.0,3.0,3.0,2.0,3.0,3.0,4.0
613,33,1,1,1,4.0,2.0,3.0,2.0,1.0,2.0,3.0,3.0,3.0,3.0,4.0,4.0,3.0,3.0,3.0,2.0,2.0,5.0
614,24,2,2,1,4.0,3.0,3.0,3.0,3.0,3.0,3.0,2.0,2.0,4.0,4.0,3.0,2.0,4.0,2.0,3.0,1.0,3.0
615,52,1,3,3,2.0,3.0,,4.0,2.0,2.0,3.0,3.0,2.0,3.0,3.0,3.0,3.0,3.0,3.0,3.0,3.0,3.0
616,42,2,3,3,4.0,3.0,1.0,4.0,3.0,3.0,2.0,3.0,4.0,4.0,3.0,3.0,2.0,3.0,3.0,3.0,3.0,3.0
617,52,2,4,1,3.0,3.0,2.0,3.0,2.0,3.0,3.0,3.0,2.0,3.0,4.0,3.0,3.0,2.0,3.0,3.0,4.0,4.0
618,36,2,3,1,3.0,2.0,3.0,4.0,4.0,3.0,3.0,3.0,3.0,3.0,3.0,3.0,3.0,2.0,4.0,3.0,,3.0
619,55,2,2,1,3.0,3.0,,3.0,3.0,3.0,3.0,4.0,3.0,3.0,3.0,4.0,3.0,2.0,3.0,2.0,3.0,2.0
620,25,1,3,1,1.0,3.0,3.0,2.0,3.0,3.0,4.0,2.0,3.0,2.0,3.0,3.0,3.0,3.0,4.0,3.0,2.0,3.0
621,43,1,4,2,3.0,2.0,4.0,2.0,3.0,3.0,3.0,3.0,4.0,2.0,4.0,4.0,3.0,2.0,3.0,3.0,2.0,3.0
622,41,2,2,3,1.0,3.0,4.0,3.0,3.0,4.0,3.0,4.0,3.0,3.0,4.0,4.0,3.0,3.0,4.0,3.0,2.0,3.0
623,41,2,4,1,2.0,3.0,3.0,3.0,4.0,5.0,3.0,3.0,4.0,3.0,3.0,3.0,4.0,3.0,2.0,3.0,2.0,4.0
624,37,1,1,2,2.0,1.0,3.0,3.0,,4.0,3.0,3.0,4.0,3.0,3.0,3.0,2.0,2.0,3.0,4.0,2.0,3.0
625,50,1,3,2,,3.0,3.0,4.0,3.0,3.0,3.0,4.0,3.0,4.0,2.0,4.0,3.0,4.0,3.0,4.0,2.0,3.0
626,54,2,1,1,3.0,4.0,2.0,3.0,,3.0,3.0,3.0,3.0,2.0,2.0,4.0,3.0,4.0,3.0,3.0,3.0,4.0
627,44,2,4,2,4.0,4.0,4.0,4.0,4.0,4.0,4.0,4.0,4.0,4.0,4.0,4.0,4.0,4.0,4.0,4.0,4.0,4.0
628,55,2,4,1,3.0,2.0,3.0,4.0,4.0,3.0,,3.0,3.0,3.0,3.0,4.0,3.0,2.0,3.0,3.0,3.0,3.0
629,31,2,3,1,2.0,2.0,2.0,3.0,3.0,1.0,2.0,3.0,2.0,3.0,3.0,3.0,3.0,2.0,2.0,3.0,3.0,2.0
630,50,1,4,2,2.0,3.0,3.0,2.0,3.0,2.0,3.0,3.0,3.0,3.0,3.0,3.0,3.0,3.0,3.0,3.0,3.0,1.0
631,48,1,3,3,4.0,3.0,2.0,2.0,3.0,2.0,2.0,4.0,3.0,4.0,3.0,3.0,4.0,4.0,3.0,3.0,4.0,4.0
632,28,2,3,3,4.0,,3.0,3.0,,1.0,3.0,4.0,3.0,3.0,3.0,,4.0,3.0,3.0,4.0,4.0,3.0
633,50,2,2,1,4.0,2.0,3.0,3.0,3.0,,3.0,4.0,4.0,3.0,2.0,3.0,4.0,3.0,3.0,3.0,3.0,3.0
634,48,1,3,2,3.0,2.0,1.0,2.0,3.0,2.0,3.0,3.0,4.0,3.0,3.0,3.0,3.0,3.0,3.0,4.0,3.0,3.0
635,39,1,4,1,4.0,2.0,3.0,3.0,3.0,2.0,2.0,4.0,3.0,2.0,,5.0,3.0,4.0,3.0,3.0,2.0,3.0
636,35,1,2,1,4.0,3.0,2.0,3.0,2.0,3.0,4.0,3.0,4.0,3.0,3.0,3.0,2.0,2.0,3.0,3.0,3.0,3.0
637,30,2,3,1,1.0,3.0,3.0,3.0,3.0,4.0,3.0,3.0,3.0,3.0,4.0,2.0,3.0,3.0,3.0,2.0,3.0,3.0
638,45,2,1,1,2.0,2.0,3.0,3.0,3.0,3.0,3.0,2.0,3.0,3.0,3.0,4.0,3.0,3.0,2.0,3.0,4.0,3.0
639,38,1,3,1,3.0,3.0,2.0,3.0,3.0,3.0,3.0,2.0,,3.0,3.0,3.0,3.0,4.0,4.0,4.0,3.0,2.0
640,45,2,2,1,3.0,4.0,3.0,3.0,3.0,3.0,2.0,4.0,3.0,,3.0,3.0,2.0,3.0,3.0,4.0,3.0,3.0
641,53,1,3,1,3.0,4.0,2.0,3.0,2.0,3.0,,3.0,3.0,3.0,3.0,3.0,3.0,4.0,3.0,2.0,2.0,3.0
642,23,1,1,1,3.0,3.0,3.0,3.0,3.0,2.0,3.0,3.0,4.0,4.0,3.0,4.0,4.0,3.0,,3.0,4.0,3.0
643,46,1,4,1,3.0,2.0,2.0,3.0,3.0,4.0,3.0,3.0,3.0,3.0,3.0,3.0,3.0,3.0,3.0,3.0,3.0,4.0
644,24,1,3,2,2.0,3.0,,3.0,3.0,3.0,4.0,3.0,3.0,3.0,4.0,3.0,3.0,3.0,3.0,4.0,2.0,2.0
645,49,2,3,2,2.0,4.0,2.0,2.0,2.0,3.0,2.0,4.0,4.0,3.0,3.0,3.0,3.0,3.0,3.0,3.0,3.0,3.0
646,52,2,3,2,3.0,3.0,3.0,3.0,3.0,3.0,3.0,3.0,3.0,3.0,3.0,3.0,3.0,3.0,3.0,3.0,3.0,3.0
647,47,1,3,3,3.0,2.0,,2.0,3.0,3.0,3.0,4.0,4.0,4.0,2.0,3.0,2.0,2.0,4.0,4.0,3.0,3.0
648,49,2,4,2,3.0,2.0,2.0,2.0,2.0,1.0,4.0,4.0,2.0,3.0,3.0,3.0,2.0,3.0,4.0,4.0,3.0,2.0
649,44,2,3,2,3.0,2.0,4.0,3.0,3.0,2.0,3.0,4.0,,3.0,3.0,3.0,4.0,,4.0,2.0,3.0,2.0
650,35,1,2,2,3.0,4.0,3.0,4.0,2.0,2.0,4.0,2.0,3.0,3.0,3.0,3.0,3.0,3.0,2.0,2.0,3.0,3.0
651,55,1,3,2,3.0,2.0,4.0,2.0,2.0,3.0,4.0,3.0,3.0,3.0,3.0,3.0,3.0,3.0,2.0,2.0,4.0,3.0
652,39,2,3,1,4.0,4.0,4.0,4.0,4.0,4.0,4.0,4.0,4.0,4.0,4.0,4.0,4.0,4.0,4.0,4.0,4.0,4.0
653,48,1,3,3,3.0,4.0,3.0,,2.0,2.0,3.0,3.0,4.0,3.0,3.0,3.0,3.0,4.0,4.0,3.0,3.0,3.0
654,41,2,2,1,2.0,2.0,3.0,2.0,2.0,3.0,3.0,2.0,2.0,4.0,3.0,3.0,3.0,3.0,3.0,3.0,4.0,3.0
655,34,2,3,2,2.0,2.0,2.0,3.0,4.0,3.0,3.0,3.0,2.0,3.0,3.0,3.0,2.0,2.0,3.0,3.0,3.0,
656,46,2,2,3,2.0,3.0,2.0,3.0,3.0,2.0,3.0,4.0,3.0,4.0,3.0,2.0,,3.0,3.0,3.0,3.0,3.0
657,53,2,3,1,5.0,5.0,5.0,5.0,5.0,5.0,5.0,5.0,5.0,5.0,5.0,5.0,5.0,5.0,5.0,5.0,5.0,5.0
658,26,1,4,2,3.0,3.0,3.0,2.0,2.0,2.0,2.0,2.0,4.0,2.0,2.0,3.0,4.0,2.0,3.0,3.0,2.0,3.0
659,23,1,4,1,2.0,3.0,2.0,2.0,3.0,2.0,3.0,3.0,,4.0,3.0,3.0,3.0,4.0,4.0,3.0,3.0,3.0
660,40,1,4,2,2.0,3.0,4.0,2.0,1.0,3.0,2.0,3.0,4.0,3.0,3.0,3.0,2.0,,3.0,3.0,3.0,3.0
661,26,1,4,1,3.0,4.0,3.0,3.0,3.0,3.0,2.0,4.0,3.0,2.0,3.0,3.0,3.0,2.0,3.0,,2.0,3.0
662,24,2,2,2,3.0,3.0,3.0,3.0,2.0,2.0,3.0,3.0,3.0,,3.0,3.0,3.0,3.0,3.0,2.0,3.0,3.0
663,25,2,4,1,3.0,2.0,3.0,3.0,4.0,3.0,2.0,3.0,2.0,3.0,3.0,3.0,4.0,4.0,3.0,3.0,3.0,2.0
664,42,2,3,2,3.0,3.0,3.0,3.0,2.0,2.0,2.0,4.0,4.0,3.0,3.0,3.0,2.0,2.0,3.0,2.0,3.0,3.0
665,35,2,3,1,3.0,4.0,3.0,2.0,2.0,4.0,4.0,4.0,4.0,4.0,3.0,2.0,4.0,3.0,3.0,5.0,3.0,3.0
666,48,1,3,1,3.0,2.0,3.0,2.0,3.0,2.0,3.0,3.0,3.0,4.0,,4.0,2.0,3.0,3.0,2.0,2.0,4.0
667,41,2,3,2,3.0,2.0,3.0,2.0,3.0,3.0,4.0,4.0,3.0,3.0,2.0,3.0,3.0,3.0,,3.0,3.0,5.0
668,50,2,3,1,3.0,2.0,3.0,2.0,4.0,2.0,2.0,3.0,3.0,3.0,3.0,3.0,3.0,3.0,3.0,3.0,3.0,3.0
669,47,1,3,2,3.0,2.0,4.0,2.0,3.0,3.0,2.0,4.0,2.0,2.0,2.0,3.0,2.0,2.0,3.0,4.0,4.0,4.0
670,50,1,3,1,2.0,3.0,4.0,2.0,4.0,3.0,4.0,3.0,3.0,3.0,2.0,3.0,4.0,3.0,2.0,2.0,2.0,5.0
671,40,2,3,3,2.0,3.0,2.0,2.0,4.0,2.0,4.0,3.0,3.0,3.0,3.0,3.0,4.0,3.0,3.0,4.0,3.0,4.0
672,25,1,4,2,3.0,2.0,4.0,4.0,2.0,2.0,4.0,3.0,4.0,4.0,3.0,2.0,3.0,3.0,3.0,3.0,3.0,2.0
673,54,2,3,1,3.0,2.0,2.0,2.0,2.0,2.0,3.0,3.0,3.0,3.0,2.0,3.0,3.0,4.0,4.0,2.0,3.0,4.0
674,40,2,3,3,1.0,1.0,1.0,1.0,1.0,1.0,1.0,1.0,1.0,1.0,1.0,1.0,1.0,1.0,1.0,1.0,1.0,1.0
675,43,1,2,2,3.0,2.0,3.0,3.0,3.0,3.0,4.0,3.0,3.0,3.0,3.0,3.0,3.0,3.0,2.0,3.0,4.0,3.0
676,22,1,1,3,3.0,3.0,3.0,2.0,3.0,2.0,2.0,3.0,2.0,2.0,4.0,5.0,3.0,3.0,3.0,2.0,3.0,2.0
677,26,1,3,1,4.0,2.0,5.0,3.0,4.0,3.0,3.0,3.0,2.0,4.0,2.0,3.0,3.0,3.0,4.0,3.0,3.0,3.0
678,44,2,1,1,3.0,3.0,3.0,3.0,3.0,2.0,3.0,3.0,3.0,3.0,2.0,4.0,3.0,2.0,3.0,2.0,4.0,4.0
679,25,2,2,1,3.0,4.0,2.0,3.0,2.0,2.0,3.0,5.0,3.0,3.0,3.0,3.0,5.0,3.0,3.0,3.0,3.0,3.0
680,47,2,3,1,2.0,2.0,4.0,1.0,4.0,3.0,3.0,3.0,4.0,3.0,,3.0,4.0,2.0,3.0,3.0,4.0,3.0
681,39,2,1,1,1.0,1.0,1.0,1.0,1.0,1.0,1.0,1.0,1.0,1.0,1.0,1.0,1.0,1.0,1.0,1.0,1.0,1.0
682,38,1,3,2,3.0,3.0,1.0,2.0,2.0,3.0,3.0,3.0,3.0,3.0,3.0,4.0,4.0,3.0,4.0,3.0,4.0,3.0
683,53,2,2,1,4.0,4.0,3.0,,2.0,3.0,2.0,4.0,2.0,3.0,4.0,3.0,3.0,4.0,3.0,2.0,2.0,2.0
684,38,2,3,2,3.0,4.0,4.0,1.0,4.0,2.0,4.0,3.0,4.0,,3.0,3.0,3.0,3.0,3.0,3.0,4.0,4.0
685,28,1,2,1,2.0,3.0,3.0,3.0,3.0,3.0,4.0,3.0,2.0,2.0,3.0,3.0,,3.0,3.0,4.0,3.0,2.0
686,41,1,2,1,3.0,3.0,3.0,3.0,3.0,4.0,3.0,4.0,4.0,3.0,3.0,3.0,4.0,4.0,3.0,4.0,3.0,3.0
687,27,2,2,2,,4.0,2.0,2.0,4.0,3.0,4.0,4.0,3.0,4.0,3.0,2.0,2.0,3.0,3.0,3.0,4.0,2.0
